row_idx,nba_api_id,season,role_mode
0,1713,2019-20,league_fallback
1,2544,2019-20,league_fallback
2,2544,2020-21,team
3,2544,2021-22,team
4,2544,2022-23,team
5,2546,2019-20,league_fallback
6,2546,2020-21,team
7,2546,2021-22,trade
8,2594,2019-20,league_fallback
9,2730,2019-20,league_fallback
10,2730,2020-21,trade
11,2730,2021-22,trade
12,2738,2020-21,team
13,2738,2021-22,trade
14,2772,2019-20,league_fallback
15,2772,2020-21,trade
16,101107,2019-20,league_fallback
17,101108,2019-20,league_fallback
18,101108,2020-21,trade
19,101108,2021-22,team
20,101108,2022-23,team
21,101133,2019-20,league_fallback
22,101141,2019-20,league_fallback
23,101150,2019-20,league_fallback
24,101150,2020-21,team
25,101150,2021-22,trade
26,200746,2019-20,league_fallback
27,200746,2020-21,team
28,200746,2021-22,trade
29,200752,2019-20,league_fallback
30,200752,2020-21,team
31,200752,2021-22,trade
32,200752,2022-23,team
33,200755,2019-20,league_fallback
34,200755,2020-21,team
35,200765,2019-20,league_fallback
36,200765,2020-21,trade
37,200765,2021-22,trade
38,200768,2019-20,league_fallback
39,200768,2020-21,team
40,200768,2021-22,trade
41,200768,2022-23,team
42,200782,2019-20,league_fallback
43,200782,2020-21,team
44,200782,2021-22,trade
45,200782,2022-23,trade
46,200794,2019-20,league_fallback
47,200794,2020-21,team
48,201142,2020-21,fa
49,201142,2021-22,team
50,201142,2022-23,team
51,201143,2019-20,league_fallback
52,201143,2020-21,trade
53,201143,2021-22,trade
54,201143,2022-23,team
55,201144,2019-20,league_fallback
56,201144,2020-21,team
57,201144,2021-22,team
58,201144,2022-23,team
59,201145,2019-20,league_fallback
60,201145,2020-21,trade
61,201145,2021-22,trade
62,201145,2022-23,team
63,201152,2019-20,league_fallback
64,201152,2020-21,team
65,201152,2021-22,trade
66,201152,2022-23,team
67,201158,2019-20,league_fallback
68,201163,2019-20,league_fallback
69,201188,2019-20,league_fallback
70,201188,2020-21,trade
71,201229,2019-20,league_fallback
72,201565,2019-20,league_fallback
73,201565,2020-21,trade
74,201565,2021-22,team
75,201566,2019-20,league_fallback
76,201566,2020-21,trade
77,201566,2021-22,trade
78,201566,2022-23,team
79,201567,2019-20,league_fallback
80,201567,2020-21,team
81,201567,2021-22,team
82,201567,2022-23,team
83,201568,2019-20,league_fallback
84,201568,2020-21,trade
85,201568,2021-22,team
86,201569,2019-20,league_fallback
87,201569,2020-21,team
88,201569,2021-22,team
89,201569,2022-23,team
90,201571,2019-20,league_fallback
91,201571,2020-21,trade
92,201571,2021-22,trade
93,201572,2019-20,league_fallback
94,201572,2020-21,team
95,201572,2022-23,team
96,201577,2019-20,league_fallback
97,201577,2020-21,trade
98,201577,2021-22,trade
99,201580,2019-20,league_fallback
100,201580,2020-21,trade
101,201580,2021-22,trade
102,201586,2019-20,league_fallback
103,201586,2020-21,trade
104,201586,2021-22,team
105,201587,2019-20,league_fallback
106,201587,2020-21,trade
107,201587,2021-22,team
108,201587,2022-23,team
109,201588,2019-20,league_fallback
110,201588,2020-21,trade
111,201588,2021-22,trade
112,201588,2022-23,team
113,201599,2019-20,league_fallback
114,201599,2020-21,team
115,201599,2021-22,trade
116,201599,2022-23,trade
117,201609,2019-20,league_fallback
118,201609,2020-21,team
119,201609,2022-23,trade
120,201933,2019-20,league_fallback
121,201933,2020-21,team
122,201933,2021-22,trade
123,201933,2022-23,trade
124,201935,2019-20,league_fallback
125,201935,2020-21,trade
126,201935,2021-22,team
127,201935,2022-23,trade
128,201937,2019-20,league_fallback
129,201937,2020-21,trade
130,201937,2021-22,trade
131,201937,2022-23,team
132,201939,2020-21,team
133,201939,2021-22,team
134,201939,2022-23,team
135,201942,2019-20,league_fallback
136,201942,2020-21,team
137,201942,2021-22,trade
138,201942,2022-23,team
139,201949,2019-20,league_fallback
140,201949,2020-21,trade
141,201949,2021-22,trade
142,201950,2019-20,league_fallback
143,201950,2020-21,trade
144,201950,2021-22,team
145,201950,2022-23,team
146,201952,2019-20,league_fallback
147,201952,2020-21,trade
148,201959,2019-20,league_fallback
149,201959,2020-21,team
150,201959,2021-22,team
151,201961,2019-20,league_fallback
152,201961,2020-21,trade
153,201961,2021-22,trade
154,201976,2019-20,league_fallback
155,201976,2020-21,team
156,201976,2021-22,trade
157,201976,2022-23,trade
158,201980,2019-20,league_fallback
159,201980,2020-21,trade
160,201980,2021-22,team
161,201988,2019-20,league_fallback
162,201988,2020-21,team
163,201988,2021-22,trade
164,201988,2022-23,team
165,202066,2019-20,league_fallback
166,202066,2020-21,trade
167,202066,2021-22,trade
168,202083,2019-20,league_fallback
169,202083,2020-21,trade
170,202083,2021-22,trade
171,202083,2022-23,team
172,202322,2020-21,fa
173,202322,2022-23,fa
174,202324,2019-20,league_fallback
175,202324,2020-21,trade
176,202324,2021-22,trade
177,202326,2020-21,fa
178,202326,2021-22,trade
179,202330,2019-20,league_fallback
180,202330,2020-21,trade
181,202330,2021-22,team
182,202330,2022-23,team
183,202331,2019-20,league_fallback
184,202331,2020-21,team
185,202331,2021-22,team
186,202331,2022-23,team
187,202335,2019-20,league_fallback
188,202335,2020-21,team
189,202339,2019-20,league_fallback
190,202339,2020-21,trade
191,202339,2021-22,trade
192,202340,2019-20,league_fallback
193,202340,2020-21,trade
194,202340,2021-22,trade
195,202355,2019-20,league_fallback
196,202355,2020-21,trade
197,202355,2021-22,trade
198,202357,2019-20,league_fallback
199,202357,2020-21,team
200,202357,2021-22,trade
201,202362,2021-22,fa
202,202397,2019-20,league_fallback
203,202397,2020-21,team
204,202397,2021-22,team
205,202681,2019-20,league_fallback
206,202681,2020-21,team
207,202681,2021-22,team
208,202681,2022-23,team
209,202683,2019-20,league_fallback
210,202683,2020-21,trade
211,202684,2019-20,league_fallback
212,202684,2020-21,trade
213,202684,2021-22,trade
214,202685,2019-20,league_fallback
215,202685,2020-21,team
216,202685,2021-22,trade
217,202685,2022-23,team
218,202687,2019-20,league_fallback
219,202687,2020-21,team
220,202687,2021-22,trade
221,202687,2022-23,team
222,202689,2019-20,league_fallback
223,202689,2020-21,team
224,202689,2021-22,trade
225,202691,2021-22,fa
226,202691,2022-23,team
227,202692,2019-20,league_fallback
228,202692,2020-21,trade
229,202692,2021-22,team
230,202692,2022-23,trade
231,202693,2019-20,league_fallback
232,202693,2020-21,trade
233,202694,2019-20,league_fallback
234,202694,2020-21,trade
235,202694,2021-22,team
236,202694,2022-23,team
237,202695,2019-20,league_fallback
238,202695,2020-21,team
239,202695,2022-23,fa
240,202696,2019-20,league_fallback
241,202696,2020-21,team
242,202696,2021-22,trade
243,202696,2022-23,team
244,202699,2019-20,league_fallback
245,202699,2020-21,team
246,202699,2021-22,team
247,202699,2022-23,team
248,202704,2019-20,league_fallback
249,202704,2020-21,trade
250,202704,2021-22,team
251,202704,2022-23,team
252,202709,2019-20,league_fallback
253,202709,2020-21,team
254,202709,2021-22,trade
255,202709,2022-23,team
256,202710,2019-20,league_fallback
257,202710,2020-21,team
258,202710,2021-22,team
259,202710,2022-23,team
260,202711,2019-20,league_fallback
261,202711,2020-21,team
262,202711,2021-22,team
263,202711,2022-23,trade
264,202722,2019-20,league_fallback
265,202722,2020-21,team
266,202722,2021-22,team
267,202734,2019-20,league_fallback
268,202738,2019-20,league_fallback
269,202954,2019-20,league_fallback
270,202954,2020-21,trade
271,203076,2019-20,league_fallback
272,203076,2020-21,team
273,203076,2021-22,team
274,203076,2022-23,team
275,203078,2019-20,league_fallback
276,203078,2020-21,team
277,203078,2021-22,team
278,203078,2022-23,team
279,203081,2019-20,league_fallback
280,203081,2020-21,team
281,203081,2021-22,team
282,203081,2022-23,team
283,203082,2019-20,league_fallback
284,203082,2020-21,team
285,203082,2021-22,team
286,203082,2022-23,team
287,203083,2019-20,league_fallback
288,203083,2020-21,trade
289,203083,2021-22,trade
290,203083,2022-23,trade
291,203084,2019-20,league_fallback
292,203084,2020-21,team
293,203084,2021-22,team
294,203084,2022-23,team
295,203085,2019-20,league_fallback
296,203085,2020-21,trade
297,203085,2021-22,trade
298,203085,2022-23,trade
299,203086,2019-20,league_fallback
300,203087,2019-20,league_fallback
301,203087,2020-21,team
302,203087,2021-22,team
303,203089,2019-20,league_fallback
304,203090,2019-20,league_fallback
305,203090,2020-21,trade
306,203090,2021-22,team
307,203095,2019-20,league_fallback
308,203095,2020-21,team
309,203095,2021-22,trade
310,203107,2019-20,league_fallback
311,203107,2020-21,team
312,203107,2021-22,trade
313,203109,2019-20,league_fallback
314,203109,2020-21,trade
315,203109,2021-22,team
316,203110,2019-20,league_fallback
317,203110,2020-21,team
318,203110,2021-22,team
319,203110,2022-23,team
320,203114,2019-20,league_fallback
321,203114,2020-21,team
322,203114,2021-22,team
323,203114,2022-23,team
324,203115,2019-20,league_fallback
325,203115,2020-21,team
326,203115,2021-22,team
327,203115,2022-23,trade
328,203118,2019-20,league_fallback
329,203118,2020-21,team
330,203145,2019-20,league_fallback
331,203145,2020-21,trade
332,203145,2021-22,trade
333,203200,2019-20,league_fallback
334,203200,2020-21,team
335,203200,2021-22,team
336,203200,2022-23,trade
337,203210,2019-20,league_fallback
338,203210,2020-21,trade
339,203210,2021-22,team
340,203210,2022-23,trade
341,203382,2019-20,league_fallback
342,203382,2020-21,trade
343,203457,2019-20,league_fallback
344,203457,2020-21,trade
345,203457,2021-22,team
346,203458,2019-20,league_fallback
347,203458,2020-21,trade
348,203458,2021-22,trade
349,203459,2019-20,league_fallback
350,203463,2019-20,league_fallback
351,203463,2020-21,team
352,203463,2021-22,trade
353,203468,2019-20,league_fallback
354,203468,2020-21,team
355,203468,2021-22,team
356,203468,2022-23,trade
357,203469,2019-20,league_fallback
358,203469,2020-21,team
359,203471,2019-20,league_fallback
360,203471,2020-21,trade
361,203471,2021-22,trade
362,203471,2022-23,trade
363,203473,2019-20,league_fallback
364,203473,2021-22,team
365,203476,2019-20,league_fallback
366,203476,2020-21,trade
367,203482,2019-20,league_fallback
368,203482,2020-21,team
369,203482,2021-22,trade
370,203482,2022-23,trade
371,203484,2019-20,league_fallback
372,203484,2020-21,team
373,203484,2021-22,trade
374,203484,2022-23,trade
375,203486,2019-20,league_fallback
376,203486,2020-21,trade
377,203486,2021-22,trade
378,203486,2022-23,team
379,203487,2019-20,league_fallback
380,203487,2020-21,team
381,203488,2019-20,league_fallback
382,203488,2020-21,team
383,203488,2021-22,team
384,203488,2022-23,team
385,203490,2020-21,team
386,203490,2021-22,trade
387,203493,2019-20,league_fallback
388,203493,2020-21,team
389,203493,2021-22,trade
390,203493,2022-23,team
391,203496,2019-20,league_fallback
392,203496,2020-21,trade
393,203496,2021-22,team
394,203496,2022-23,trade
395,203497,2019-20,league_fallback
396,203497,2020-21,team
397,203497,2021-22,team
398,203497,2022-23,trade
399,203500,2019-20,league_fallback
400,203500,2020-21,trade
401,203500,2021-22,trade
402,203500,2022-23,team
403,203501,2019-20,league_fallback
404,203501,2020-21,team
405,203501,2021-22,team
406,203501,2022-23,team
407,203503,2019-20,league_fallback
408,203503,2020-21,trade
409,203503,2021-22,trade
410,203504,2019-20,league_fallback
411,203504,2020-21,trade
412,203506,2019-20,league_fallback
413,203506,2020-21,trade
414,203506,2022-23,team
415,203507,2019-20,league_fallback
416,203507,2020-21,team
417,203507,2021-22,team
418,203507,2022-23,team
419,203516,2019-20,league_fallback
420,203516,2020-21,trade
421,203521,2019-20,league_fallback
422,203524,2019-20,league_fallback
423,203524,2020-21,trade
424,203526,2019-20,league_fallback
425,203526,2020-21,trade
426,203526,2021-22,team
427,203526,2022-23,trade
428,203552,2019-20,league_fallback
429,203552,2020-21,trade
430,203552,2021-22,team
431,203552,2022-23,trade
432,203584,2019-20,league_fallback
433,203585,2019-20,league_fallback
434,203585,2021-22,team
435,203585,2022-23,team
436,203648,2020-21,team
437,203894,2019-20,league_fallback
438,203895,2019-20,league_fallback
439,203897,2019-20,league_fallback
440,203897,2020-21,team
441,203897,2021-22,team
442,203897,2022-23,team
443,203901,2019-20,league_fallback
444,203901,2020-21,team
445,203901,2021-22,trade
446,203903,2019-20,league_fallback
447,203903,2020-21,team
448,203903,2021-22,team
449,203903,2022-23,team
450,203914,2019-20,league_fallback
451,203914,2020-21,team
452,203914,2021-22,trade
453,203914,2022-23,team
454,203915,2019-20,league_fallback
455,203915,2021-22,trade
456,203915,2022-23,trade
457,203918,2019-20,league_fallback
458,203918,2020-21,team
459,203918,2021-22,trade
460,203920,2019-20,league_fallback
461,203920,2020-21,team
462,203920,2021-22,trade
463,203922,2019-20,league_fallback
464,203924,2019-20,league_fallback
465,203924,2020-21,trade
466,203924,2021-22,team
467,203924,2022-23,trade
468,203925,2019-20,league_fallback
469,203925,2020-21,team
470,203925,2022-23,team
471,203926,2019-20,league_fallback
472,203926,2020-21,team
473,203926,2021-22,trade
474,203926,2022-23,team
475,203932,2019-20,league_fallback
476,203932,2020-21,team
477,203932,2021-22,trade
478,203932,2022-23,team
479,203933,2019-20,league_fallback
480,203933,2022-23,fa
481,203935,2019-20,league_fallback
482,203935,2020-21,team
483,203935,2021-22,team
484,203935,2022-23,team
485,203937,2019-20,league_fallback
486,203937,2020-21,team
487,203937,2021-22,team
488,203937,2022-23,trade
489,203939,2019-20,league_fallback
490,203939,2020-21,team
491,203939,2021-22,team
492,203939,2022-23,team
493,203944,2019-20,league_fallback
494,203944,2020-21,team
495,203944,2021-22,team
496,203944,2022-23,team
497,203952,2019-20,league_fallback
498,203952,2020-21,trade
499,203952,2021-22,team
500,203952,2022-23,team
501,203953,2019-20,league_fallback
502,203954,2019-20,league_fallback
503,203954,2020-21,team
504,203954,2021-22,team
505,203954,2022-23,team
506,203967,2019-20,league_fallback
507,203967,2020-21,team
508,203967,2022-23,fa
509,203991,2019-20,league_fallback
510,203991,2020-21,trade
511,203991,2021-22,team
512,203991,2022-23,team
513,203992,2019-20,league_fallback
514,203992,2020-21,trade
515,203992,2021-22,team
516,203992,2022-23,team
517,203994,2020-21,team
518,203994,2021-22,team
519,203994,2022-23,team
520,203999,2019-20,league_fallback
521,203999,2020-21,team
522,203999,2021-22,team
523,203999,2022-23,team
524,204001,2019-20,league_fallback
525,204001,2020-21,team
526,204001,2021-22,team
527,204001,2022-23,trade
528,204020,2019-20,league_fallback
529,204020,2020-21,trade
530,204038,2019-20,league_fallback
531,204060,2019-20,league_fallback
532,204060,2020-21,team
533,204060,2021-22,team
534,204060,2022-23,trade
535,204456,2019-20,league_fallback
536,204456,2020-21,team
537,204456,2021-22,team
538,204456,2022-23,team
539,1626144,2019-20,league_fallback
540,1626145,2019-20,league_fallback
541,1626145,2020-21,team
542,1626145,2021-22,team
543,1626145,2022-23,team
544,1626149,2019-20,league_fallback
545,1626149,2020-21,trade
546,1626149,2021-22,trade
547,1626149,2022-23,trade
548,1626153,2019-20,league_fallback
549,1626153,2020-21,trade
550,1626153,2021-22,trade
551,1626153,2022-23,trade
552,1626156,2019-20,league_fallback
553,1626156,2020-21,trade
554,1626156,2021-22,team
555,1626156,2022-23,team
556,1626157,2019-20,league_fallback
557,1626157,2020-21,team
558,1626157,2021-22,team
559,1626157,2022-23,team
560,1626158,2019-20,league_fallback
561,1626158,2020-21,team
562,1626158,2021-22,team
563,1626159,2020-21,trade
564,1626159,2021-22,trade
565,1626159,2022-23,trade
566,1626161,2019-20,league_fallback
567,1626161,2020-21,trade
568,1626162,2019-20,league_fallback
569,1626162,2020-21,trade
570,1626162,2021-22,trade
571,1626162,2022-23,team
572,1626163,2019-20,league_fallback
573,1626163,2020-21,team
574,1626164,2019-20,league_fallback
575,1626164,2020-21,team
576,1626164,2021-22,team
577,1626164,2022-23,team
578,1626166,2020-21,team
579,1626166,2021-22,team
580,1626166,2022-23,team
581,1626167,2019-20,league_fallback
582,1626167,2020-21,team
583,1626167,2021-22,team
584,1626167,2022-23,team
585,1626168,2019-20,league_fallback
586,1626168,2021-22,trade
587,1626168,2022-23,trade
588,1626169,2020-21,team
589,1626169,2021-22,trade
590,1626171,2019-20,league_fallback
591,1626171,2020-21,trade
592,1626171,2021-22,team
593,1626171,2022-23,team
594,1626172,2020-21,team
595,1626172,2021-22,team
596,1626172,2022-23,team
597,1626174,2019-20,league_fallback
598,1626174,2020-21,trade
599,1626174,2021-22,team
600,1626174,2022-23,trade
601,1626178,2019-20,league_fallback
602,1626179,2019-20,league_fallback
603,1626179,2020-21,team
604,1626179,2021-22,team
605,1626179,2022-23,team
606,1626181,2019-20,league_fallback
607,1626181,2020-21,team
608,1626181,2021-22,trade
609,1626181,2022-23,trade
610,1626184,2020-21,trade
611,1626188,2019-20,league_fallback
612,1626192,2019-20,league_fallback
613,1626192,2020-21,team
614,1626192,2021-22,team
615,1626192,2022-23,team
616,1626195,2020-21,trade
617,1626195,2021-22,team
618,1626196,2019-20,league_fallback
619,1626196,2020-21,trade
620,1626196,2021-22,trade
621,1626196,2022-23,trade
622,1626203,2019-20,league_fallback
623,1626204,2019-20,league_fallback
624,1626204,2020-21,team
625,1626204,2021-22,trade
626,1626204,2022-23,trade
627,1626208,2021-22,fa
628,1626209,2019-20,league_fallback
629,1626220,2019-20,league_fallback
630,1626220,2020-21,team
631,1626220,2021-22,team
632,1626220,2022-23,trade
633,1626224,2019-20,league_fallback
634,1626224,2020-21,team
635,1626224,2021-22,team
636,1626224,2022-23,team
637,1627732,2019-20,league_fallback
638,1627732,2020-21,team
639,1627732,2022-23,fa
640,1627734,2019-20,league_fallback
641,1627734,2020-21,team
642,1627734,2021-22,team
643,1627734,2022-23,trade
644,1627736,2019-20,league_fallback
645,1627736,2020-21,trade
646,1627736,2021-22,team
647,1627736,2022-23,trade
648,1627737,2019-20,league_fallback
649,1627739,2019-20,league_fallback
650,1627739,2022-23,trade
651,1627741,2019-20,league_fallback
652,1627741,2020-21,team
653,1627741,2021-22,team
654,1627741,2022-23,trade
655,1627742,2019-20,league_fallback
656,1627742,2020-21,team
657,1627742,2021-22,team
658,1627742,2022-23,team
659,1627745,2019-20,league_fallback
660,1627745,2020-21,trade
661,1627745,2021-22,team
662,1627746,2019-20,league_fallback
663,1627747,2019-20,league_fallback
664,1627747,2020-21,trade
665,1627747,2021-22,team
666,1627747,2022-23,trade
667,1627748,2019-20,league_fallback
668,1627749,2019-20,league_fallback
669,1627749,2020-21,team
670,1627749,2021-22,team
671,1627749,2022-23,trade
672,1627750,2019-20,league_fallback
673,1627750,2020-21,team
674,1627750,2022-23,fa
675,1627751,2019-20,league_fallback
676,1627751,2020-21,team
677,1627751,2021-22,team
678,1627751,2022-23,team
679,1627752,2019-20,league_fallback
680,1627752,2020-21,trade
681,1627752,2021-22,trade
682,1627752,2022-23,team
683,1627756,2020-21,team
684,1627759,2019-20,league_fallback
685,1627759,2020-21,team
686,1627759,2021-22,team
687,1627759,2022-23,team
688,1627761,2019-20,league_fallback
689,1627761,2020-21,trade
690,1627761,2021-22,trade
691,1627763,2019-20,league_fallback
692,1627763,2020-21,team
693,1627763,2021-22,team
694,1627763,2022-23,trade
695,1627774,2019-20,league_fallback
696,1627774,2020-21,team
697,1627775,2019-20,league_fallback
698,1627777,2019-20,league_fallback
699,1627777,2020-21,team
700,1627777,2021-22,trade
701,1627777,2022-23,team
702,1627780,2021-22,team
703,1627783,2019-20,league_fallback
704,1627783,2020-21,team
705,1627783,2021-22,team
706,1627783,2022-23,team
707,1627788,2019-20,league_fallback
708,1627788,2020-21,team
709,1627788,2021-22,team
710,1627789,2019-20,league_fallback
711,1627789,2020-21,team
712,1627789,2021-22,trade
713,1627812,2019-20,league_fallback
714,1627814,2019-20,league_fallback
715,1627814,2020-21,team
716,1627814,2021-22,team
717,1627814,2022-23,trade
718,1627823,2019-20,league_fallback
719,1627823,2020-21,trade
720,1627823,2022-23,trade
721,1627826,2019-20,league_fallback
722,1627826,2020-21,team
723,1627826,2021-22,team
724,1627826,2022-23,team
725,1627827,2019-20,league_fallback
726,1627827,2020-21,team
727,1627827,2021-22,team
728,1627827,2022-23,team
729,1627832,2019-20,league_fallback
730,1627832,2020-21,team
731,1627832,2021-22,team
732,1627832,2022-23,team
733,1627846,2019-20,league_fallback
734,1627853,2019-20,league_fallback
735,1627854,2019-20,league_fallback
736,1627854,2020-21,trade
737,1627854,2021-22,trade
738,1627863,2019-20,league_fallback
739,1627863,2020-21,team
740,1627863,2021-22,trade
741,1627863,2022-23,trade
742,1627884,2019-20,league_fallback
743,1627884,2020-21,trade
744,1627884,2021-22,trade
745,1627884,2022-23,team
746,1627936,2019-20,league_fallback
747,1627936,2020-21,team
748,1627936,2021-22,trade
749,1627936,2022-23,team
750,1628021,2020-21,trade
751,1628021,2021-22,team
752,1628035,2019-20,league_fallback
753,1628365,2019-20,league_fallback
754,1628365,2022-23,team
755,1628366,2019-20,league_fallback
756,1628366,2020-21,team
757,1628366,2021-22,trade
758,1628367,2020-21,trade
759,1628367,2021-22,team
760,1628368,2019-20,league_fallback
761,1628368,2020-21,team
762,1628368,2021-22,team
763,1628368,2022-23,team
764,1628369,2019-20,league_fallback
765,1628369,2020-21,team
766,1628369,2021-22,team
767,1628369,2022-23,team
768,1628370,2019-20,league_fallback
769,1628370,2020-21,team
770,1628370,2021-22,trade
771,1628370,2022-23,trade
772,1628371,2019-20,league_fallback
773,1628372,2019-20,league_fallback
774,1628372,2021-22,trade
775,1628372,2022-23,trade
776,1628373,2019-20,league_fallback
777,1628373,2021-22,trade
778,1628373,2022-23,team
779,1628374,2019-20,league_fallback
780,1628374,2020-21,team
781,1628374,2021-22,trade
782,1628374,2022-23,trade
783,1628378,2019-20,league_fallback
784,1628378,2020-21,team
785,1628378,2021-22,team
786,1628378,2022-23,trade
787,1628379,2019-20,league_fallback
788,1628379,2020-21,trade
789,1628379,2021-22,team
790,1628379,2022-23,team
791,1628380,2021-22,fa
792,1628380,2022-23,team
793,1628381,2019-20,league_fallback
794,1628381,2020-21,team
795,1628381,2021-22,team
796,1628381,2022-23,team
797,1628382,2019-20,league_fallback
798,1628382,2020-21,trade
799,1628384,2019-20,league_fallback
800,1628384,2020-21,team
801,1628384,2021-22,team
802,1628384,2022-23,team
803,1628385,2019-20,league_fallback
804,1628386,2019-20,league_fallback
805,1628386,2020-21,trade
806,1628386,2021-22,team
807,1628386,2022-23,team
808,1628389,2019-20,league_fallback
809,1628389,2020-21,team
810,1628389,2021-22,team
811,1628389,2022-23,team
812,1628390,2019-20,league_fallback
813,1628392,2020-21,trade
814,1628392,2021-22,trade
815,1628392,2022-23,trade
816,1628396,2019-20,league_fallback
817,1628396,2020-21,trade
818,1628396,2021-22,trade
819,1628398,2019-20,league_fallback
820,1628398,2020-21,team
821,1628398,2021-22,trade
822,1628398,2022-23,team
823,1628400,2019-20,league_fallback
824,1628400,2020-21,team
825,1628401,2019-20,league_fallback
826,1628401,2020-21,team
827,1628401,2021-22,team
828,1628401,2022-23,trade
829,1628402,2019-20,league_fallback
830,1628402,2020-21,trade
831,1628402,2021-22,team
832,1628404,2019-20,league_fallback
833,1628404,2020-21,team
834,1628404,2021-22,team
835,1628404,2022-23,trade
836,1628407,2019-20,league_fallback
837,1628407,2020-21,trade
838,1628408,2020-21,team
839,1628410,2020-21,team
840,1628410,2022-23,fa
841,1628411,2019-20,league_fallback
842,1628411,2020-21,trade
843,1628415,2019-20,league_fallback
844,1628415,2020-21,team
845,1628415,2021-22,team
846,1628415,2022-23,team
847,1628418,2019-20,league_fallback
848,1628418,2022-23,trade
849,1628420,2019-20,league_fallback
850,1628420,2020-21,team
851,1628420,2021-22,team
852,1628420,2022-23,trade
853,1628422,2019-20,league_fallback
854,1628422,2020-21,trade
855,1628425,2019-20,league_fallback
856,1628425,2020-21,trade
857,1628425,2021-22,trade
858,1628427,2022-23,team
859,1628432,2021-22,fa
860,1628436,2019-20,league_fallback
861,1628436,2022-23,team
862,1628449,2019-20,league_fallback
863,1628449,2020-21,team
864,1628449,2021-22,team
865,1628449,2022-23,team
866,1628464,2019-20,league_fallback
867,1628464,2020-21,team
868,1628464,2021-22,trade
869,1628467,2019-20,league_fallback
870,1628467,2020-21,team
871,1628467,2021-22,team
872,1628467,2022-23,team
873,1628470,2019-20,league_fallback
874,1628470,2020-21,trade
875,1628470,2021-22,trade
876,1628470,2022-23,trade
877,1628539,2020-21,team
878,1628960,2019-20,league_fallback
879,1628960,2020-21,team
880,1628960,2021-22,trade
881,1628960,2022-23,team
882,1628963,2020-21,team
883,1628963,2021-22,team
884,1628963,2022-23,trade
885,1628964,2019-20,league_fallback
886,1628964,2020-21,team
887,1628964,2021-22,team
888,1628964,2022-23,team
889,1628966,2019-20,league_fallback
890,1628966,2021-22,team
891,1628966,2022-23,team
892,1628969,2019-20,league_fallback
893,1628969,2020-21,team
894,1628969,2021-22,team
895,1628969,2022-23,team
896,1628970,2019-20,league_fallback
897,1628970,2020-21,team
898,1628970,2021-22,team
899,1628971,2019-20,league_fallback
900,1628971,2020-21,trade
901,1628971,2021-22,team
902,1628971,2022-23,trade
903,1628972,2019-20,league_fallback
904,1628972,2020-21,team
905,1628972,2021-22,trade
906,1628972,2022-23,trade
907,1628973,2019-20,league_fallback
908,1628973,2020-21,team
909,1628973,2021-22,team
910,1628973,2022-23,trade
911,1628975,2019-20,league_fallback
912,1628975,2020-21,team
913,1628975,2021-22,trade
914,1628975,2022-23,trade
915,1628976,2019-20,league_fallback
916,1628976,2020-21,team
917,1628976,2021-22,trade
918,1628976,2022-23,team
919,1628977,2019-20,league_fallback
920,1628977,2020-21,team
921,1628977,2021-22,trade
922,1628977,2022-23,team
923,1628978,2019-20,league_fallback
924,1628978,2020-21,team
925,1628978,2021-22,trade
926,1628978,2022-23,trade
927,1628981,2019-20,league_fallback
928,1628983,2019-20,league_fallback
929,1628983,2020-21,team
930,1628983,2021-22,team
931,1628983,2022-23,team
932,1628984,2019-20,league_fallback
933,1628984,2020-21,team
934,1628984,2021-22,trade
935,1628984,2022-23,team
936,1628988,2019-20,league_fallback
937,1628988,2020-21,team
938,1628988,2021-22,trade
939,1628988,2022-23,trade
940,1628989,2019-20,league_fallback
941,1628989,2020-21,team
942,1628989,2021-22,team
943,1628989,2022-23,trade
944,1628990,2019-20,league_fallback
945,1628991,2019-20,league_fallback
946,1628991,2021-22,team
947,1628991,2022-23,team
948,1628995,2019-20,league_fallback
949,1628995,2022-23,trade
950,1628997,2020-21,team
951,1628997,2021-22,trade
952,1628997,2022-23,team
953,1628998,2019-20,league_fallback
954,1628998,2020-21,team
955,1628998,2021-22,team
956,1629001,2019-20,league_fallback
957,1629001,2020-21,team
958,1629001,2021-22,team
959,1629001,2022-23,trade
960,1629002,2021-22,team
961,1629002,2022-23,team
962,1629003,2019-20,league_fallback
963,1629003,2020-21,team
964,1629003,2021-22,team
965,1629003,2022-23,team
966,1629004,2019-20,league_fallback
967,1629004,2020-21,trade
968,1629004,2021-22,trade
969,1629006,2019-20,league_fallback
970,1629006,2020-21,team
971,1629006,2021-22,team
972,1629006,2022-23,trade
973,1629008,2019-20,league_fallback
974,1629008,2020-21,team
975,1629008,2022-23,team
976,1629010,2019-20,league_fallback
977,1629011,2019-20,league_fallback
978,1629011,2020-21,team
979,1629011,2021-22,team
980,1629011,2022-23,team
981,1629012,2019-20,league_fallback
982,1629012,2020-21,team
983,1629012,2022-23,trade
984,1629013,2019-20,league_fallback
985,1629013,2020-21,trade
986,1629013,2021-22,trade
987,1629013,2022-23,team
988,1629014,2019-20,league_fallback
989,1629014,2020-21,team
990,1629014,2021-22,team
991,1629014,2022-23,team
992,1629016,2019-20,league_fallback
993,1629018,2019-20,league_fallback
994,1629018,2020-21,team
995,1629018,2021-22,trade
996,1629018,2022-23,team
997,1629020,2020-21,trade
998,1629020,2021-22,team
999,1629020,2022-23,trade
1000,1629021,2019-20,league_fallback
1001,1629021,2020-21,team
1002,1629021,2021-22,trade
1003,1629021,2022-23,team
1004,1629022,2019-20,league_fallback
1005,1629022,2020-21,team
1006,1629022,2021-22,team
1007,1629022,2022-23,trade
1008,1629023,2019-20,league_fallback
1009,1629023,2020-21,team
1010,1629023,2021-22,team
1011,1629023,2022-23,team
1012,1629026,2019-20,league_fallback
1013,1629026,2020-21,trade
1014,1629026,2021-22,team
1015,1629026,2022-23,team
1016,1629027,2019-20,league_fallback
1017,1629027,2020-21,team
1018,1629027,2021-22,team
1019,1629027,2022-23,team
1020,1629028,2019-20,league_fallback
1021,1629028,2020-21,team
1022,1629028,2021-22,team
1023,1629028,2022-23,team
1024,1629029,2019-20,league_fallback
1025,1629029,2020-21,team
1026,1629029,2021-22,team
1027,1629029,2022-23,team
1028,1629048,2020-21,team
1029,1629048,2021-22,team
1030,1629052,2020-21,trade
1031,1629052,2021-22,team
1032,1629052,2022-23,team
1033,1629056,2019-20,league_fallback
1034,1629056,2020-21,trade
1035,1629056,2021-22,team
1036,1629056,2022-23,team
1037,1629057,2020-21,team
1038,1629057,2021-22,team
1039,1629057,2022-23,team
1040,1629059,2019-20,league_fallback
1041,1629060,2019-20,league_fallback
1042,1629060,2020-21,team
1043,1629060,2021-22,team
1044,1629060,2022-23,trade
1045,1629065,2019-20,league_fallback
1046,1629066,2019-20,league_fallback
1047,1629067,2019-20,league_fallback
1048,1629109,2019-20,league_fallback
1049,1629109,2020-21,team
1050,1629111,2021-22,fa
1051,1629111,2022-23,trade
1052,1629117,2022-23,team
1053,1629130,2019-20,league_fallback
1054,1629130,2020-21,team
1055,1629130,2021-22,team
1056,1629130,2022-23,team
1057,1629134,2019-20,league_fallback
1058,1629134,2020-21,team
1059,1629134,2022-23,fa
1060,1629139,2020-21,trade
1061,1629139,2022-23,trade
1062,1629162,2019-20,league_fallback
1063,1629162,2020-21,team
1064,1629162,2021-22,team
1065,1629162,2022-23,team
1066,1629164,2020-21,team
1067,1629164,2021-22,trade
1068,1629216,2020-21,team
1069,1629216,2021-22,team
1070,1629216,2022-23,team
1071,1629234,2020-21,team
1072,1629234,2021-22,trade
1073,1629234,2022-23,team
1074,1629308,2020-21,team
1075,1629308,2021-22,team
1076,1629308,2022-23,trade
1077,1629312,2022-23,team
1078,1629599,2021-22,team
1079,1629599,2022-23,team
1080,1629604,2021-22,team
1081,1629611,2020-21,team
1082,1629611,2021-22,team
1083,1629611,2022-23,team
1084,1629614,2022-23,fa
1085,1629622,2020-21,trade
1086,1629622,2021-22,team
1087,1629622,2022-23,team
1088,1629626,2022-23,trade
1089,1629627,2019-20,league_fallback
1090,1629627,2020-21,team
1091,1629627,2022-23,fa
1092,1629628,2019-20,league_fallback
1093,1629628,2020-21,team
1094,1629628,2021-22,team
1095,1629628,2022-23,team
1096,1629629,2019-20,league_fallback
1097,1629629,2020-21,team
1098,1629629,2021-22,team
1099,1629629,2022-23,trade
1100,1629630,2019-20,league_fallback
1101,1629630,2020-21,team
1102,1629630,2021-22,team
1103,1629630,2022-23,team
1104,1629631,2019-20,league_fallback
1105,1629631,2020-21,team
1106,1629631,2021-22,team
1107,1629631,2022-23,team
1108,1629632,2019-20,league_fallback
1109,1629632,2020-21,team
1110,1629632,2021-22,team
1111,1629632,2022-23,team
1112,1629633,2019-20,league_fallback
1113,1629633,2020-21,team
1114,1629634,2019-20,league_fallback
1115,1629634,2020-21,team
1116,1629634,2021-22,team
1117,1629634,2022-23,team
1118,1629635,2019-20,league_fallback
1119,1629635,2020-21,team
1120,1629636,2019-20,league_fallback
1121,1629636,2020-21,team
1122,1629636,2021-22,team
1123,1629636,2022-23,team
1124,1629637,2019-20,league_fallback
1125,1629637,2020-21,team
1126,1629637,2021-22,team
1127,1629637,2022-23,team
1128,1629638,2019-20,league_fallback
1129,1629638,2020-21,team
1130,1629638,2021-22,team
1131,1629638,2022-23,trade
1132,1629639,2019-20,league_fallback
1133,1629639,2020-21,team
1134,1629639,2021-22,team
1135,1629639,2022-23,team
1136,1629640,2020-21,team
1137,1629640,2021-22,team
1138,1629640,2022-23,team
1139,1629641,2021-22,team
1140,1629641,2022-23,trade
1141,1629642,2019-20,league_fallback
1142,1629642,2020-21,team
1143,1629642,2021-22,team
1144,1629642,2022-23,team
1145,1629643,2020-21,fa
1146,1629643,2021-22,team
1147,1629643,2022-23,team
1148,1629645,2019-20,league_fallback
1149,1629645,2020-21,trade
1150,1629645,2021-22,team
1151,1629645,2022-23,team
1152,1629646,2022-23,trade
1153,1629647,2019-20,league_fallback
1154,1629647,2020-21,team
1155,1629647,2021-22,team
1156,1629647,2022-23,team
1157,1629649,2021-22,team
1158,1629650,2020-21,trade
1159,1629651,2020-21,team
1160,1629651,2021-22,team
1161,1629651,2022-23,team
1162,1629652,2019-20,league_fallback
1163,1629652,2020-21,team
1164,1629652,2021-22,team
1165,1629652,2022-23,team
1166,1629655,2019-20,league_fallback
1167,1629655,2020-21,trade
1168,1629655,2021-22,team
1169,1629655,2022-23,team
1170,1629656,2021-22,fa
1171,1629656,2022-23,team
1172,1629659,2020-21,team
1173,1629659,2021-22,team
1174,1629659,2022-23,trade
1175,1629660,2020-21,trade
1176,1629660,2021-22,team
1177,1629660,2022-23,trade
1178,1629661,2019-20,league_fallback
1179,1629661,2020-21,team
1180,1629661,2021-22,team
1181,1629661,2022-23,trade
1182,1629667,2020-21,team
1183,1629667,2021-22,team
1184,1629667,2022-23,team
1185,1629669,2020-21,team
1186,1629669,2021-22,team
1187,1629669,2022-23,team
1188,1629670,2021-22,team
1189,1629670,2022-23,team
1190,1629671,2020-21,team
1191,1629672,2019-20,league_fallback
1192,1629672,2020-21,team
1193,1629672,2021-22,trade
1194,1629673,2019-20,league_fallback
1195,1629673,2020-21,team
1196,1629673,2021-22,team
1197,1629673,2022-23,team
1198,1629675,2020-21,team
1199,1629675,2021-22,team
1200,1629675,2022-23,team
1201,1629676,2020-21,team_fallback
1202,1629676,2021-22,team
1203,1629680,2019-20,league_fallback
1204,1629680,2020-21,team
1205,1629680,2021-22,team
1206,1629680,2022-23,trade
1207,1629684,2019-20,league_fallback
1208,1629684,2020-21,team
1209,1629684,2021-22,team
1210,1629684,2022-23,team
1211,1629685,2020-21,fa
1212,1629717,2020-21,fa
1213,1629717,2021-22,team
1214,1629723,2020-21,team
1215,1629723,2021-22,team
1216,1629723,2022-23,team
1217,1629726,2020-21,team
1218,1629726,2021-22,trade
1219,1629726,2022-23,team
1220,1629731,2020-21,team
1221,1629731,2021-22,team
1222,1629731,2022-23,team
1223,1629740,2019-20,league_fallback
1224,1629740,2020-21,trade
1225,1629750,2021-22,trade
1226,1630162,2020-21,fa
1227,1630162,2021-22,team
1228,1630162,2022-23,team
1229,1630163,2020-21,fa
1230,1630163,2021-22,team
1231,1630163,2022-23,team
1232,1630164,2020-21,fa
1233,1630164,2022-23,fa
1234,1630165,2020-21,fa
1235,1630165,2021-22,team
1236,1630165,2022-23,team
1237,1630166,2020-21,fa
1238,1630166,2021-22,team
1239,1630166,2022-23,team
1240,1630167,2020-21,fa
1241,1630167,2021-22,team
1242,1630167,2022-23,team
1243,1630168,2020-21,fa
1244,1630168,2021-22,team
1245,1630168,2022-23,team
1246,1630169,2020-21,fa
1247,1630169,2021-22,team
1248,1630169,2022-23,trade
1249,1630170,2020-21,fa
1250,1630170,2021-22,team
1251,1630170,2022-23,team
1252,1630171,2020-21,fa
1253,1630171,2021-22,team
1254,1630171,2022-23,team
1255,1630172,2020-21,fa
1256,1630172,2022-23,team
1257,1630173,2020-21,fa
1258,1630173,2021-22,trade
1259,1630173,2022-23,team
1260,1630174,2020-21,fa
1261,1630174,2021-22,team
1262,1630174,2022-23,trade
1263,1630175,2020-21,fa
1264,1630175,2021-22,team
1265,1630175,2022-23,team
1266,1630177,2020-21,fa
1267,1630177,2021-22,team
1268,1630177,2022-23,trade
1269,1630178,2020-21,fa
1270,1630178,2021-22,team
1271,1630178,2022-23,team
1272,1630180,2020-21,fa
1273,1630180,2021-22,team
1274,1630180,2022-23,team
1275,1630181,2020-21,fa
1276,1630181,2021-22,team
1277,1630181,2022-23,trade
1278,1630182,2021-22,team
1279,1630182,2022-23,team
1280,1630183,2020-21,fa
1281,1630183,2021-22,team
1282,1630183,2022-23,team
1283,1630184,2020-21,fa
1284,1630188,2021-22,trade
1285,1630188,2022-23,team
1286,1630191,2020-21,fa
1287,1630191,2021-22,team
1288,1630191,2022-23,team
1289,1630192,2021-22,team
1290,1630192,2022-23,team
1291,1630193,2020-21,fa
1292,1630193,2021-22,team
1293,1630193,2022-23,team
1294,1630194,2022-23,team
1295,1630197,2020-21,fa
1296,1630197,2021-22,team
1297,1630197,2022-23,team
1298,1630198,2021-22,team
1299,1630198,2022-23,trade
1300,1630200,2021-22,team
1301,1630200,2022-23,team
1302,1630201,2020-21,fa
1303,1630201,2021-22,team
1304,1630201,2022-23,team
1305,1630202,2020-21,fa
1306,1630202,2021-22,team
1307,1630202,2022-23,team
1308,1630205,2020-21,fa
1309,1630205,2021-22,team
1310,1630205,2022-23,team
1311,1630208,2022-23,team
1312,1630209,2021-22,fa
1313,1630214,2020-21,fa
1314,1630214,2021-22,team
1315,1630214,2022-23,team
1316,1630217,2020-21,fa
1317,1630217,2021-22,team
1318,1630217,2022-23,team
1319,1630224,2021-22,fa
1320,1630224,2022-23,team
1321,1630227,2022-23,team
1322,1630228,2021-22,fa
1323,1630228,2022-23,team
1324,1630230,2020-21,fa
1325,1630230,2021-22,team
1326,1630230,2022-23,team
1327,1630231,2020-21,fa
1328,1630231,2021-22,team
1329,1630231,2022-23,team
1330,1630235,2021-22,team
1331,1630237,2022-23,trade
1332,1630240,2020-21,fa
1333,1630240,2021-22,team
1334,1630245,2021-22,fa
1335,1630245,2022-23,team
1336,1630249,2021-22,fa
1337,1630256,2020-21,fa
1338,1630256,2021-22,team
1339,1630256,2022-23,team
1340,1630264,2022-23,team
1341,1630267,2020-21,fa
1342,1630267,2021-22,team
1343,1630314,2021-22,fa
1344,1630322,2022-23,team
1345,1630526,2021-22,fa
1346,1630526,2022-23,team
1347,1630527,2021-22,fa
1348,1630528,2021-22,fa
1349,1630528,2022-23,team
1350,1630529,2021-22,fa
1351,1630529,2022-23,team
1352,1630530,2021-22,fa
1353,1630530,2022-23,team
1354,1630532,2021-22,fa
1355,1630532,2022-23,team
1356,1630533,2021-22,fa
1357,1630533,2022-23,team
1358,1630534,2022-23,fa
1359,1630535,2021-22,fa
1360,1630537,2021-22,fa
1361,1630537,2022-23,team
1362,1630538,2021-22,fa
1363,1630538,2022-23,team
1364,1630539,2022-23,team
1365,1630540,2022-23,team
1366,1630541,2021-22,fa
1367,1630541,2022-23,team
1368,1630543,2021-22,fa
1369,1630543,2022-23,team
1370,1630544,2021-22,fa
1371,1630544,2022-23,team
1372,1630547,2022-23,team
1373,1630549,2022-23,team
1374,1630550,2022-23,team
1375,1630552,2022-23,team
1376,1630553,2021-22,fa
1377,1630556,2021-22,fa
1378,1630557,2021-22,fa
1379,1630557,2022-23,team
1380,1630558,2021-22,fa
1381,1630558,2022-23,team
1382,1630559,2021-22,fa
1383,1630559,2022-23,team
1384,1630560,2021-22,fa
1385,1630560,2022-23,team
1386,1630563,2021-22,fa
1387,1630567,2021-22,fa
1388,1630567,2022-23,team
1389,1630570,2021-22,fa
1390,1630570,2022-23,team
1391,1630572,2022-23,trade
1392,1630573,2022-23,team
1393,1630578,2021-22,fa
1394,1630578,2022-23,team
1395,1630579,2021-22,fa
1396,1630579,2022-23,team
1397,1630581,2021-22,fa
1398,1630581,2022-23,team
1399,1630583,2022-23,team
1400,1630586,2022-23,team
1401,1630587,2022-23,team
1402,1630591,2021-22,fa
1403,1630591,2022-23,team
1404,1630595,2021-22,fa
1405,1630596,2021-22,fa
1406,1630596,2022-23,team
1407,1630598,2021-22,fa
1408,1630598,2022-23,team
1409,1630613,2021-22,fa
1410,1630625,2021-22,fa
1411,1630631,2021-22,fa
1412,1630631,2022-23,team
1413,1630647,2022-23,trade
1414,1630678,2021-22,fa
1415,1630688,2022-23,team
1416,1630692,2022-23,team_fallback
1417,1630699,2022-23,fa
1418,1630700,2022-23,fa
1419,1630702,2022-23,fa
1420,1631093,2022-23,fa
1421,1631094,2022-23,fa
1422,1631095,2022-23,fa
1423,1631097,2022-23,fa
1424,1631099,2022-23,fa
1425,1631100,2022-23,fa
1426,1631101,2022-23,fa
1427,1631103,2022-23,fa
1428,1631104,2022-23,fa
1429,1631105,2022-23,fa
1430,1631106,2022-23,fa
1431,1631108,2022-23,fa
1432,1631109,2022-23,fa
1433,1631110,2022-23,fa
1434,1631114,2022-23,fa
1435,1631117,2022-23,fa
1436,1631119,2022-23,fa
1437,1631121,2022-23,fa
1438,1631128,2022-23,fa
1439,1631132,2022-23,fa
1440,1631133,2022-23,fa
1441,1631172,2022-23,fa
1442,1631216,2022-23,fa
1443,1631223,2022-23,fa
1444,1631323,2022-23,fa
