nba_api_id,name,alpha_p,test_team,prior_team,role_mode,baseline_fga_per36,blended_fga_per36,baseline_3pa_per36,blended_3pa_per36,baseline_pts_fg_per36,blended_pts_fg_per36,actual_fga,actual_3pa,actual_pts_fg,context
2544,LeBron James,0.9914171412499999,LAL,LAL,team,23.470420470625,23.461735699872875,7.820567745625,7.812901199837405,26.32177462533761,26.30420827782016,18.215311004784688,5.210526315789474,21.803827751196174,stayer
101108,Chris Paul,0.983294175625,GSW,PHX,trade,14.1439048259375,14.127237488509895,4.5258425603125,4.567980246981937,14.348157892474728,14.346643832868018,10.966731898238747,4.931506849315069,11.506849315068493,mover
200768,Kyle Lowry,0.9799786325,MIA,MIA,team,12.809954626875,12.756657302384482,6.87354229375,6.865218067757068,13.387014895110422,13.331388525716045,8.026020106445891,5.322294500295683,9.026611472501479,stayer
200782,P.J. Tucker,0.9923214487500001,LAC,PHI,trade,6.4867977846875,6.5267718376869155,3.068369921875,3.093072135712351,6.988593899474806,7.02546599859225,3.6960985626283365,2.5872689938398357,3.62217659137577,mover
201142,Kevin Durant,0.99095254625,PHX,BKN,trade,18.603769107125,18.54934921548556,5.711007469625,5.699606530249159,20.49680258974383,20.441523591750986,18.529032258064515,5.251612903225807,21.548387096774192,mover
201143,Al Horford,0.991217044375,BOS,BOS,team,9.7232322425,9.716633362225998,3.673141506875,3.694181401631796,10.727904055404121,10.718637830809314,8.659012629161882,5.3318025258323765,11.076923076923077,stayer
201144,Mike Conley,0.9790149125000001,MIN,UTA,trade,14.11249226625,14.096114688085976,6.8740974193749995,6.862201203958428,14.405411319900669,14.394540389126307,10.586301369863014,6.657534246575342,12.60821917808219,mover
201145,Jeff Green,0.9912205725,HOU,DEN,trade,12.357550893749998,12.353914964720582,4.251754451875,4.259990386677026,13.987549867276678,13.978384959399751,10.088820826952528,4.4104134762633995,10.667687595712097,mover
201152,Thaddeus Young,0.9908978768750001,TOR,TOR,team,12.258361466375,12.22798215879919,2.186911057,2.1806071865316112,13.676455152081799,13.640296935773211,8.796380090497737,0.5701357466063348,10.669683257918551,stayer
201565,Derrick Rose,0.97847954375,MEM,NYK,trade,17.7138257916875,17.620283261580727,4.949230409187501,4.954737864228341,18.06915237759697,17.975836106228808,14.887218045112782,3.6992481203007515,15.06766917293233,mover
201566,Russell Westbrook,0.978789098125,LAC,LAL,trade,19.176109638125002,19.017380505488575,4.458306994375,4.497061515517373,18.95876371867837,18.797045692850617,15.64089121887287,3.6330275229357802,15.192660550458717,mover
201567,Kevin Love,0.991105795,MIA,CLE,trade,15.224950614374999,15.1991973427412,9.417442805624999,9.4037551743902,15.910329068208735,15.88487267094434,13.956803455723541,9.485961123110151,15.550755939524837,mover
201568,Danilo Gallinari,0.99127020875,WAS,,fa,14.693534818749999,14.678819812872494,7.506820350625,7.4824717631477,15.209354254738752,15.19546033705284,10.80568720379147,5.289099526066351,11.14691943127962,fa
201569,Eric Gordon,0.9806921900000001,PHX,HOU,trade,14.6731039523125,14.632861169228821,7.577015590437501,7.516656770426536,15.821254787484381,15.763021522278539,11.758985200845665,7.553911205073995,13.281183932346723,mover
201572,Brook Lopez,0.9898543856249999,MIL,MIL,team,12.339606404749999,12.352958944321164,3.7380442447499997,3.7560616364368373,14.55294563882047,14.562108442935184,11.26865671641791,6.029850746268656,13.134328358208956,stayer
201580,JaVale McGee,0.993233723125,SAC,DAL,trade,13.73447415051875,13.734383126911709,0.51349746176875,0.554688399107695,16.935624259319045,16.926020381699633,13.976470588235294,0.7411764705882353,16.83529411764706,mover
201587,Nicolas Batum,0.98277135625,PHI,LAC,trade,9.061138385625,9.085762656554357,6.03752396375,6.020182405019435,10.036556415473541,10.059169908003277,6.031413612565445,4.358638743455497,7.18586387434555,mover
201599,DeAndre Jordan,0.996925566875,DEN,DEN,team,8.9410325538375,8.935190466123604,0.1530541780875,0.15277185385195796,12.675019602080578,12.666886016033958,8.433249370277078,0.0,10.51889168765743,stayer
201935,James Harden,0.981706440625,LAC,PHI,trade,16.8719989320625,16.777251753339854,7.744243652062499,7.717556408050051,17.462245607941522,17.36231995982623,11.985419198055892,7.11543134872418,12.976913730255163,mover
201939,Stephen Curry,0.979412940625,GSW,GSW,team,22.028652639375,22.004325599954246,11.80264427375,11.799834288260254,24.663696448172438,24.630168269499933,21.49586776859504,13.031404958677687,24.649586776859504,stayer
201942,DeMar DeRozan,0.978507426875,CHI,CHI,team,17.976353268812503,17.964911403289925,1.8075033500625,1.8095449325302306,18.58747531895427,18.565645590562614,16.287145242070117,2.7045075125208684,16.52754590984975,stayer
201950,Jrue Holiday,0.9792110268750001,BOS,MIL,trade,17.357732045,17.217339992439427,6.1878179231249995,6.162967312728963,18.73387992161255,18.58777897510953,10.950993377483444,5.117880794701986,12.715231788079471,mover
201959,Taj Gibson,0.9920627443749999,NYK,WAS,trade,8.694511614375001,8.748538654914968,1.405066034375,1.4465745383614952,10.059061086535248,10.11143015816207,6.5615763546798025,1.7733990147783252,5.674876847290641,mover
201976,Patrick Beverley,0.9779965056250001,PHI,LAL,trade,9.786905871250001,9.802385240903853,5.376994208125,5.369380467590589,10.20762359448137,10.22258307142749,9.31967213114754,4.450819672131147,9.270491803278688,mover
201988,Patty Mills,0.9820221925,MIA,BKN,trade,13.842044198124999,13.814850877586064,8.774401190625,8.758294935489367,14.56998121167454,14.545904350141043,11.282296650717704,7.492822966507177,9.990430622009569,mover
202066,Garrett Temple,0.9784176156250001,TOR,NOP,trade,11.4838204475,11.506294125902507,5.971658951875,5.9624619846121405,12.132228054092167,12.147863400501459,9.649484536082474,4.948453608247423,8.65979381443299,mover
202083,Wesley Matthews,0.98062624,ATL,MIL,trade,8.750701501125,8.79827332596463,5.653624124375,5.620910622153574,9.429703384700316,9.472887562041837,8.434782608695652,6.0,8.0,mover
202330,Gordon Hayward,0.9911344474999999,CHA,CHA,team,14.637214253124998,14.625107094254586,4.688964315625,4.679796075603541,15.074126212630203,15.056014644250583,11.634322373696873,2.598235765838011,11.865276663993585,stayer
202331,Paul George,0.9908793743750001,LAC,LAC,team,19.61558257625,19.60591968498814,8.474805957500001,8.469028904528813,20.09282728208815,20.08019468742861,17.805522208883552,8.470588235294118,20.26890756302521,stayer
202397,Ish Smith,0.9791551956250001,CHA,DEN,trade,13.962637138125002,13.928239655457697,2.772778288125,2.788966671065049,13.356867232319033,13.341636391099467,7.686486486486487,0.3891891891891892,6.616216216216216,mover
202681,Kyrie Irving,0.978360008125,DAL,BKN,trade,20.38897395625,20.1854217420929,7.96610135625,7.920853100365818,22.21627483056433,22.006682422709098,20.067028092656482,7.469689502217841,23.012321340561854,mover
202684,Tristan Thompson,0.9941571243749999,CLE,,fa,10.878105979750002,10.889085976441976,0.27168171800000007,0.2976270855304327,12.020461202768068,12.028346662263262,7.811934900542496,0.0650994575045208,9.504520795660035,fa
202685,Jonas Valančiūnas,0.9921204431249998,NOP,NOP,team,14.63577856048125,14.638131706104847,1.71079409610625,1.7130328517207534,16.997174875748787,16.996956073568278,13.425311203319502,2.240663900414938,15.703319502074688,stayer
202687,Bismack Biyombo,0.9964884362499999,MEM,PHX,trade,9.24023379375,9.254725709409104,0.14420720006249999,0.16197901496605985,10.979692322419428,10.990036320191082,5.969620253164557,0.0,6.744303797468355,mover
202691,Klay Thompson,0.9786935418749999,GSW,GSW,team,20.799701035,20.776806459084376,11.07052281,11.07969675898771,21.792990669642563,21.769722319205037,17.865965834428383,10.911957950065704,19.679369250985545,stayer
202692,Alec Burks,0.977099845,DET,DET,team,14.486165321875,14.49078736728844,6.962524430625001,6.9774891224524005,14.485981734703206,14.488261217470574,16.91494632535095,9.810074318744839,16.17175887696119,stayer
202693,Markieff Morris,0.99074731875,DAL,BKN,trade,13.262420943750001,13.241327189252692,6.523517511250001,6.517518336767813,14.043283129794922,14.022711032702944,11.229357798165138,6.935779816513762,10.073394495412844,mover
202694,Marcus Morris Sr.,0.99158934,PHI,LAC,trade,14.352416193749999,14.319934104129427,6.587405273749999,6.574314626302551,14.49225174245127,14.465211616153846,11.6328029375765,5.243574051407588,12.33782129742962,mover
202695,Kawhi Leonard,0.9910181,LAC,LAC,team,18.135472855624997,18.133423156848547,5.6112111931249995,5.606713631611703,19.321807698102745,19.315616274417604,17.945945945945944,5.1891891891891895,21.003861003861005,stayer
202696,Nikola Vučević,0.9928170274999999,CHI,CHI,team,15.951347457874999,15.94495372907367,4.005409507875,4.009339086772864,17.48622523614296,17.47742545366909,16.690658499234303,4.313935681470138,17.42113323124043,stayer
202699,Tobias Harris,0.9912404193750001,PHI,PHI,team,14.531231120625,14.513285625370623,4.565177380625,4.566984157257315,15.680932305354833,15.663590776235676,14.439477013918179,3.917334458034585,15.441585828764236,stayer
202704,Reggie Jackson,0.9781983625000001,DEN,LAC,trade,16.383619594375,16.29209775222171,6.855810413124999,6.815042257484281,16.162114988439836,16.08250318732228,14.962067069818582,5.620670698185817,14.922484881803188,mover
202709,Cory Joseph,0.9793386587499999,GSW,DET,trade,10.787570595000002,10.83630322032801,4.465393905000001,4.518757680892849,11.073198496529962,11.131051100292908,7.757575757575757,5.090909090909091,7.151515151515152,mover
202710,Jimmy Butler III,0.9908900606250001,MIA,MIA,team,15.49092345125,15.485926824645038,2.183221845,2.1789864049109413,16.53658060800122,16.529337808334798,13.980411361410383,2.5563173359451516,15.020568070519099,stayer
202711,Bojan Bogdanović,0.9910735525,DET,DET,team,16.779043724375,16.77923078946916,7.430199196249999,7.423723618352989,17.780312911637523,17.774626979749748,16.564864864864866,8.124324324324323,18.267567567567568,stayer
202722,Dāvis Bertāns,0.9914775143749999,CHA,DAL,trade,13.073502666875,13.067016747683628,10.00779085,9.952749247651942,14.083068923433636,14.079065141325879,12.48,10.666666666666666,13.866666666666667,mover
203076,Anthony Davis,0.992121558125,LAL,LAL,team,17.479402756749998,17.484843504320075,2.315200063,2.307971525120723,19.477849660887905,19.48506011963094,17.10033320992225,1.4261384672343578,19.392817475009256,stayer
203078,Bradley Beal,0.9788886331250001,PHX,WAS,trade,19.917238573125,19.76252583185707,5.693417160625001,5.667185515895915,20.965043404023106,20.80295642680332,14.957603165630301,4.782362916902205,17.399660825325043,mover
203081,Damian Lillard,0.9787244325000001,MIL,POR,trade,20.76722378625,20.570046977815117,10.540113403125,10.45197647708638,22.35357614181828,22.137852937065382,17.825513765025203,8.68243505234587,18.174486234974797,mover
203083,Andre Drummond,0.995812205625,CHI,CHI,team,12.574634430149999,12.570572568833384,0.2582690790875,0.25771959751733153,14.583004200096392,14.579853488296513,12.809488510007414,0.08005930318754632,14.250555967383246,stayer
203084,Harrison Barnes,0.990590219375,SAC,SAC,team,11.775057134375002,11.764735906913426,4.9005253175,4.89911244479533,12.750555322312334,12.739451851093161,11.076923076923077,5.825977301387137,12.756620428751576,stayer
203095,Evan Fournier,0.9792360193749999,DET,NYK,trade,15.71741963625,15.654076459222544,8.705260528124999,8.617313821498556,16.54788581659383,16.482944929121366,13.623287671232877,8.013698630136986,11.773972602739725,mover
203109,Jae Crowder,0.9918820024999999,MIL,MIL,team,11.643529148125001,11.629568015058023,7.61077422375,7.596126737305953,12.203704171274763,12.186145586559338,8.408304498269896,5.169550173010381,8.906574394463668,stayer
203110,Draymond Green,0.990403395,GSW,GSW,team,8.480018790625001,8.469568287310715,2.38469045625,2.381190749479136,9.416448291905295,9.404820127582669,8.975871313672922,3.1126005361930296,10.158176943699733,stayer
203114,Khris Middleton,0.9906495868749999,MIL,MIL,team,17.73008939625,17.734924509977724,7.263379058750001,7.263542876282945,18.286073270000596,18.28911219757518,15.556451612903226,5.975806451612903,17.612903225806452,stayer
203200,Justin Holiday,0.9925705337499999,DEN,ATL,trade,11.409727166875,11.415492121493848,7.534748456875,7.515811516613349,12.165743614589068,12.169748424817163,8.102088167053365,5.679814385150812,9.647331786542924,mover
203458,Alex Len,0.989204911875,SAC,SAC,team,10.6163763349375,10.574638461677434,1.1032995998125,1.0962471730604968,12.759600365153293,12.71282041737926,6.5528089887640455,0.24269662921348314,8.089887640449438,stayer
203468,CJ McCollum,0.9796764762499999,NOP,NOP,team,19.406758878749997,19.38313451014729,7.948995685,7.936697833747753,19.997588993182134,19.97037144891758,17.59147753589625,9.28763316350162,20.125984251968504,stayer
203469,Cody Zeller,0.99173968375,NOP,MIA,trade,11.66712689275,11.65783122908405,2.3797609406875,2.4087358353149133,13.298890146292877,13.28201982432926,7.018867924528302,0.33962264150943394,6.0,mover
203471,Dennis Schröder,0.978578505,TOR,LAL,trade,13.76212710875,13.735628518729591,4.701156490000001,4.719244145151637,13.697444410464175,13.681547713691595,13.407794294897549,5.322619525914022,13.653676175170752,mover
203482,Kelly Olynyk,0.990301155,UTA,UTA,team,12.609603886875,12.587708617962788,5.680477515,5.667924170498983,14.036736732967402,14.00988532041049,10.165909090909091,3.170454545454546,12.518181818181818,stayer
203484,Kentavious Caldwell-Pope,0.978931341875,DEN,DEN,team,11.178006608125,11.143254212224853,5.509828174375,5.494279165603178,11.912680561698517,11.8756754841095,8.790349417637271,4.612312811980033,9.958402662229616,stayer
203486,Mason Plumlee,0.9960170068749999,LAC,CHA,trade,9.084289536875,9.094678955814473,0.24983308937499998,0.27387275420336515,11.600740662413852,11.602802487604793,8.184249628528974,0.32095096582466565,9.307578008915305,mover
203488,Mike Muscala,0.990898010625,WAS,OKC,trade,13.637900481875,13.649042636129291,8.988618305,8.952558848290503,14.917105748669552,14.921829944618068,9.407035175879397,5.788944723618091,8.442211055276383,mover
203493,Reggie Bullock Jr.,0.98247331,HOU,DAL,trade,9.45522313125,9.498832793038005,6.5765914025,6.552286401752427,10.205821427814229,10.25033872401098,7.062200956937799,5.770334928229666,8.181818181818182,mover
203496,Robert Covington,0.9911976349999999,PHI,LAC,trade,11.010991186875,11.00640876945375,6.7050449075,6.6903090895999675,11.867702415059224,11.859502424788555,7.24435318275154,4.139630390143737,7.761806981519507,mover
203497,Rudy Gobert,0.998301126875,MIN,MIN,team,9.50862757644375,9.50797722724528,0.09605904294375,0.09592435008685093,13.032583910453711,13.031624753267126,8.540958268933538,0.04173106646058732,11.295208655332303,stayer
203501,Tim Hardaway Jr.,0.97734117,DAL,DAL,team,15.555341577499998,15.522713026796517,9.061954392499999,9.063775509606076,16.317829619778735,16.287969031523893,16.557964184731386,10.128180961357211,16.88030160226202,stayer
203507,Giannis Antetokounmpo,0.9926294906249999,MIL,MIL,team,20.043391846125004,20.063037157138055,3.9016904836250004,3.89532832643507,23.342148331307726,23.371393937398015,19.15429459774582,1.7349397590361446,23.897396035755925,stayer
203552,Seth Curry,0.97948678,DAL,BKN,trade,13.448516655625,13.397934321107515,6.715495655,6.698257378632171,14.428823843914184,14.385553974502596,11.941463414634146,6.3219512195121945,11.590243902439024,mover
203897,Zach LaVine,0.97859925625,CHI,CHI,team,18.47985037375,18.47083417169553,7.80019275,7.784730899506552,20.168341250472416,20.1583555533807,15.522935779816514,6.977064220183486,16.472477064220183,stayer
203903,Jordan Clarkson,0.9797188450000001,UTA,UTA,team,19.295903460625002,19.281918212580006,9.387926835,9.364550112201293,20.132897212994045,20.114546255501004,17.454545454545453,6.609625668449198,16.363636363636363,stayer
203914,Gary Harris,0.9799643356250001,ORL,ORL,team,10.900172675,10.86832989460824,6.0165222118749995,6.02844551059565,11.600970861052147,11.57317404291223,8.23728813559322,5.685670261941448,9.37442218798151,stayer
203915,Spencer Dinwiddie,0.9787782275000001,BKN,DAL,trade,14.975330844375,14.960492001604123,6.679530565,6.677647640527157,15.213890455122767,15.193235007592044,10.706319702602231,6.156133828996282,10.472118959107807,mover
203924,Jerami Grant,0.990757954375,POR,POR,team,15.471920561249998,15.464297151435668,5.898901811249999,5.897315607425304,16.21073933820488,16.20492341858305,16.70305676855895,5.423580786026201,17.233624454148472,stayer
203926,Doug McDermott,0.990961066875,SAS,SAS,team,14.889705438125,14.8845845688007,7.799552418749999,7.802714579456148,16.56759129494215,16.559195802157163,11.309734513274336,9.119469026548671,13.539823008849556,stayer
203932,Aaron Gordon,0.99001896125,DEN,DEN,team,12.907651416875002,12.911116957257494,3.7873405943750003,3.7790743317632316,14.894935635107727,14.907785872509484,11.226480836236934,2.1637630662020904,13.10801393728223,stayer
203935,Marcus Smart,0.9773432775,MEM,BOS,trade,12.072586003125,12.101916492032057,6.563012900624999,6.532248123666244,12.468677585469486,12.494494927705631,14.149253731343283,8.0,14.686567164179104,mover
203937,Kyle Anderson,0.98963564125,MIN,MIN,team,10.618630113125,10.602856026319225,2.84889506875,2.8392167729785176,11.194246090948047,11.17754643948646,8.762225969645868,0.9713322091062394,8.276559865092748,stayer
203939,Dwight Powell,0.9941375875,DAL,DAL,team,8.049324473187498,8.041074011853402,0.7937296112500001,0.7898001954850176,10.932905448988208,10.92424311061244,4.564593301435407,0.1291866028708134,6.244019138755981,stayer
203944,Julius Randle,0.9904164006249999,NYK,NYK,team,17.7262242725,17.736528899546983,6.651589535000001,6.667674048950567,18.294237362727074,18.306197832920674,18.486486486486484,5.395577395577395,19.14987714987715,stayer
203952,Andrew Wiggins,0.9906524874999999,GSW,GSW,team,16.032287855,16.032017464081875,6.398719411249999,6.402533226989515,17.07242154076454,17.06964166781468,14.60978147762747,4.757544224765868,14.928199791883454,stayer
203954,Joel Embiid,0.9925113643750001,PHI,PHI,team,19.1282335036875,19.14099364700242,3.1584279849374997,3.1578699924610243,21.2376336507664,21.250121560428703,23.38625954198473,3.819847328244275,26.216793893129772,stayer
203967,Dario Saric,0.98982936,GSW,PHX,trade,13.00593130375,13.00735801393626,5.404576143125,5.4212926221394975,13.988468386579301,13.987709249942446,12.732907930720145,6.464904284412033,14.308113035551504,mover
203991,Clint Capela,0.9980675762499999,ATL,ATL,team,11.291285683318751,11.291029565417592,0.09705403525625,0.09686648573348747,14.191995293335264,14.192111140850297,11.821466524973433,0.01912858660998937,13.504782146652497,stayer
203992,Bogdan Bogdanović,0.9779098475000001,ATL,ATL,team,15.709899675,15.685290940071177,8.890202089375,8.883260848237281,16.770674349410957,16.7430608689121,16.486261448792675,9.60699417152373,17.715237302248127,stayer
203994,Jusuf Nurkić,0.9940999525,PHX,POR,trade,13.15143574525,13.148116339243593,1.96956343025,1.9842033195420523,14.811479410602054,14.799295213058784,10.862367661212705,1.5591915303176132,11.468719923002887,mover
203999,Nikola Jokić,0.993116325625,DEN,DEN,team,16.5986788371875,16.593277043412446,2.9691294615625,2.964379315328861,20.471348700552625,20.466933552689454,18.559006211180122,3.0383631713554986,22.715381804895873,stayer
204001,Kristaps Porziņģis,0.99105283375,BOS,WAS,trade,17.405199439812503,17.344352755556944,6.4500471273125,6.4370057037660136,18.638608812836758,18.578827163441336,16.02841918294849,6.245115452930729,18.88454706927176,mover
204060,Joe Ingles,0.9911862131250001,ORL,MIL,trade,10.530386031312501,10.540911898796987,7.491540404375001,7.466657069879497,11.662901379006152,11.670890022381851,7.008576329331047,4.970840480274442,8.274442538593483,mover
204456,T.J. McConnell,0.979862523125,IND,IND,team,12.089220747124998,12.092959236738222,1.4995329539999998,1.4973282909899357,12.952954871708876,12.957957827465286,16.484942084942084,1.2231660231660233,18.84787644787645,stayer
1626145,Tyus Jones,0.9788442937499999,WAS,MEM,trade,12.981579374999999,13.021361962340182,5.389675546875001,5.382000916239215,13.28468216251858,13.324705399837521,12.40351784790481,4.767718572167615,14.116916709777549,mover
1626153,Delon Wright,0.97875230125,WAS,WAS,team,9.308328709375001,9.289757307120794,3.459737728125,3.4580348123686884,9.946598493118163,9.922554215953589,9.133603238866398,3.3036437246963564,8.404858299595142,stayer
1626156,D'Angelo Russell,0.9780483356249999,LAL,MIN,trade,16.959037873125002,16.846389817860658,8.880089048125,8.7860942289399,17.934682891801653,17.829465925719727,15.645875251509056,7.895372233400402,17.529175050301813,mover
1626157,Karl-Anthony Towns,0.9901130756250001,MIN,MIN,team,16.663968402562503,16.65839558896581,5.750510990062501,5.754279395756366,18.86005340883095,18.848394993960525,16.906666666666666,5.8133333333333335,19.448888888888888,stayer
1626158,Richaun Holmes,0.9946098474999999,WAS,SAC,trade,10.374935556625,10.399121763092989,0.588078504125,0.6120044651559186,12.593761735731293,12.612659656194651,9.535135135135135,0.1945945945945946,10.702702702702704,mover
1626162,Kelly Oubre Jr.,0.9906455062499999,PHI,CHA,trade,16.85169496875,16.792188291961814,7.7184120356250006,7.693272376402059,17.75726286983113,17.693631623214635,15.35114133074308,5.6823700825643515,15.2986886838271,mover
1626164,Devin Booker,0.9785841843749999,PHX,PHX,team,19.996707448125,20.016758274896084,6.8041698043749985,6.7912193444941025,21.275995235952788,21.298075106540203,19.21472392638037,6.154601226993865,21.143558282208588,stayer
1626166,Cameron Payne,0.97959914875,MIL,PHX,trade,16.245966433124998,16.149133781836397,6.6673254037500005,6.6618202803976905,16.25745398140312,16.171523580331886,13.279141104294478,7.371165644171779,14.355828220858895,mover
1626167,Myles Turner,0.9907698862499998,IND,IND,team,12.655764307937499,12.672556440049192,4.7044879929375,4.706268794219608,14.729128952224954,14.749448954986283,15.740259740259742,5.6103896103896105,18.49350649350649,stayer
1626168,Trey Lyles,0.9892792718750001,SAC,SAC,team,12.09642613,12.092918357493431,5.92103887875,5.931472204421299,13.284792565554794,13.28414904650015,9.979274611398964,6.808290155440415,11.50259067357513,stayer
1626171,Bobby Portis,0.9900314706250001,MIL,MIL,team,15.408495828125,15.413469547986532,5.213365115625001,5.211814870984317,16.69255478946316,16.696955876057345,16.42544731610338,4.401590457256462,18.46520874751491,stayer
1626172,Kevon Looney,0.9961438375,GSW,GSW,team,7.2319720033750015,7.231268225011639,0.330811808375,0.32960693564143795,8.620696642314693,8.620523331348064,7.025125628140703,0.03015075376884422,8.381909547738694,stayer
1626174,Christian Wood,0.9905598025000001,LAL,DAL,trade,15.343389438750002,15.3101977769563,5.644946737500001,5.635065143554167,17.52464141527208,17.48471359786872,10.924137931034483,4.717241379310345,11.627586206896552,mover
1626179,Terry Rozier,0.97935519,CHA,CHA,team,17.900545385625,17.927327822098512,8.330844644374999,8.326947764858115,18.516511740636183,18.541637570560567,17.6031357177854,7.231749142577168,18.22048015678589,stayer
1626181,Norman Powell,0.977806168125,LAC,LAC,team,15.801015035625001,15.811833068986584,6.663227555000001,6.660660073121225,17.02863353794994,17.03877867458823,13.893467336683416,6.946733668341708,16.516582914572865,stayer
1626192,Pat Connaughton,0.9819556768750001,MIL,MIL,team,10.642588660874999,10.639940768592334,7.354634453125,7.366779480332401,11.848947209745894,11.846849815486564,7.471291866028707,5.124401913875598,8.267942583732058,stayer
1626196,Josh Richardson,0.97931170375,MIA,SAS,trade,13.217264609374999,13.198897015370322,6.266945340624998,6.300285757515498,13.56408944000827,13.55829776295836,11.315217391304348,6.195652173913043,12.195652173913043,mover
1626204,Larry Nance Jr.,0.9905949725,NOP,NOP,team,9.242924195625,9.230717250925977,2.462445640625,2.4493310043566536,10.867786097988162,10.855484797676292,7.134868421052632,1.924342105263158,8.970394736842106,stayer
1626220,Royce O'Neale,0.99327801125,BKN,BKN,team,8.3085385073125,8.31198056550634,5.4625460368750005,5.467532225963868,9.039637889250123,9.042903343339058,9.940573770491804,7.782786885245902,10.770491803278688,stayer
1626224,Cedi Osman,0.990873813125,SAS,CLE,trade,13.132675045625,13.120275889757309,7.507420736249999,7.467588334471547,14.119471326738815,14.101452403715664,10.88503937007874,6.264566929133858,12.869291338582677,mover
1627732,Ben Simmons,0.9876199718749998,BKN,BKN,team,8.617045641437501,8.605321077521245,0.47704929768750004,0.47195153910111,9.565810256850416,9.55140348257833,7.441340782122905,0.0,8.64804469273743,stayer
1627734,Domantas Sabonis,0.992786579375,SAC,SAC,team,12.4062728498125,12.405715068590192,1.8642720323125,1.8586071551846641,14.780608917198151,14.782833906851868,13.122184300341297,1.0689419795221842,15.984982935153583,stayer
1627736,Malik Beasley,0.9790235012499999,MIL,UTA,trade,16.3617972025,16.259802516058038,10.813457629375,10.720825831404719,17.31895514956882,17.211425014686377,11.117194183062445,8.345594525235244,13.303678357570572,mover
1627739,Kris Dunn,0.9776904168749999,UTA,UTA,team,12.802357377562501,12.822702118594671,3.1852515481875,3.1651832468563184,13.48145847313324,13.495828657261482,9.007194244604317,3.194244604316547,9.640287769784171,stayer
1627741,Buddy Hield,0.97848014125,IND,IND,team,16.174182354375,16.149459251105355,10.295197601875,10.284535827666042,17.534617559947005,17.511789300091998,14.173228346456694,9.471051412691061,16.024085224641038,stayer
1627742,Brandon Ingram,0.990543581875,NOP,NOP,team,17.847360254999998,17.863292461238057,4.80620593625,4.797033696479858,18.44502492594223,18.458484969300216,17.39287410926366,4.138717339667458,18.5729216152019,stayer
1627745,Damian Jones,0.99042486375,CLE,UTA,trade,8.689326342125,8.710687869879173,0.6969614964999999,0.7448722511284704,11.257676921138366,11.267624023801503,9.494505494505495,1.846153846153846,11.736263736263737,mover
1627747,Caris LeVert,0.978278001875,CLE,CLE,team,15.562234528750002,15.483456138861456,5.78747182375,5.774769075984939,15.75491677303227,15.682668912352721,15.084312723556463,6.107307102708226,14.679611650485436,stayer
1627749,Dejounte Murray,0.9801874075000001,ATL,ATL,team,16.621709753125,16.641474502921557,4.728693065625,4.736898729715339,16.93472895999062,16.951743654745787,18.931703810208482,7.168943206326384,19.992810927390366,stayer
1627750,Jamal Murray,0.9786777481249999,DEN,DEN,team,16.874929155,16.887211472189236,7.29302883625,7.2902527966229425,17.74810821949314,17.762002043971883,19.063372717508056,6.592910848549947,21.132116004296456,stayer
1627751,Jakob Poeltl,0.9981830768750001,TOR,SAS,trade,10.742757136093749,10.745995548290992,0.10030350484375,0.1101970553391258,13.357720883807538,13.358926966991417,10.309090909090909,0.0,13.527272727272727,mover
1627752,Taurean Prince,0.990612058125,LAL,MIN,trade,12.47239011625,12.46633495959463,6.420120411874999,6.403016231478624,13.228634353767342,13.22169078426288,9.768500948766604,6.079696394686907,11.04933586337761,mover
1627759,Jaylen Brown,0.977853276875,BOS,BOS,team,18.94384288,18.981685208301304,7.5084112112499986,7.502639984738825,20.676010810458568,20.72433444143398,19.3065755764304,6.302305721605465,21.50469684030743,stayer
1627763,Malcolm Brogdon,0.97929611375,POR,BOS,trade,16.50351707375,16.40796457589341,6.2394320881250005,6.20083870492776,17.27079250858665,17.17463364510086,15.914438502673796,6.385026737967914,16.620320855614974,mover
1627777,Georges Niang,0.9909421206250001,CLE,PHI,trade,12.559226168750001,12.54438064307153,8.675127425625,8.648184736565458,13.849209090785717,13.833368264659402,12.425996723102129,7.7859093391589305,14.097214636810484,mover
1627780,Gary Payton II,0.9784463725000001,GSW,POR,trade,10.703391272687501,10.756042848059264,3.960244753125,4.026800908072794,12.74026441327107,12.777832850101586,9.617518248175182,2.8905109489051095,11.877372262773722,mover
1627783,Pascal Siakam,0.9908723387500001,TOR,TOR,team,16.97602459875,16.98344984887791,4.15376066125,4.15092485592623,17.71123172209312,17.71448022674905,17.2015037593985,3.329323308270677,19.583458646616542,stayer
1627788,Furkan Korkmaz,0.977856256875,PHI,PHI,team,13.430441141875,13.380052798314733,8.072343323125,7.994641746900347,14.126641126589599,14.07471604744369,9.120000000000001,4.8,8.88,stayer
1627826,Ivica Zubac,0.9984237487500001,LAC,LAC,team,9.03551988788125,9.034692480799063,0.12382969775625,0.12366066083069718,11.287826641890602,11.28695627376352,10.414715719063544,0.0,13.525083612040133,stayer
1627827,Dorian Finney-Smith,0.991658298125,BKN,DAL,trade,9.6045044183125,9.643473505468416,5.84804744875,5.854243306595183,10.658655593710947,10.688036629735585,9.516813243662702,6.257630625969995,10.187273667873772,mover
1627832,Fred VanVleet,0.9782946487499999,HOU,TOR,trade,16.147773981249998,16.056516761810727,8.78939072625,8.711261413016366,16.170256884763468,16.079736863348558,13.644080416976918,7.854058078927773,14.381236038719285,mover
1627863,Danuel House Jr.,0.9903396275,PHI,PHI,team,10.021061695625,10.009256196340724,5.4576419112500005,5.451950449090651,11.03113002616887,11.019036002239371,7.455621301775148,3.550295857988166,7.739644970414201,stayer
1627884,Derrick Jones Jr.,0.9929678081250001,DAL,CHI,trade,8.581591058875,8.598475947976013,3.158584701875,3.177688082500293,10.178353846460352,10.18941642719116,10.011235955056181,4.833707865168539,11.325842696629213,mover
1627936,Alex Caruso,0.9784674824999999,CHI,CHI,team,8.24928948,8.212422652880761,3.8725674412499997,3.863007089337068,8.863068414251162,8.827654430686234,9.547058823529412,5.876470588235295,11.329411764705881,stayer
1628365,Markelle Fultz,0.9793656975,ORL,ORL,team,12.668169190499999,12.689774981374072,2.4328167880000002,2.418149649045582,13.308154606651486,13.33299679929598,12.896703296703297,0.712087912087912,12.342857142857143,stayer
1628368,De'Aaron Fox,0.980087405,SAC,SAC,team,17.908986929375004,17.943730976167423,5.404259523125,5.4048509817774395,19.326315707075022,19.36054010590947,20.971793907484017,7.852576156449793,22.39338097028958,stayer
1628369,Jayson Tatum,0.9903171775,BOS,BOS,team,19.117373085625,19.131106252110463,8.207121154375,8.215021663971555,20.495546148756077,20.514295380289767,19.386706948640484,8.279456193353473,21.385196374622357,stayer
1628370,Malik Monk,0.97846342625,SAC,SAC,team,15.323585576874997,15.351060162168864,8.269953108125,8.270142469235228,16.617958375386664,16.64917076289953,17.154749199573104,8.125933831376734,18.057630736392746,stayer
1628371,Jonathan Isaac,0.99066087625,ORL,ORL,team,12.281985539375,12.310984557454484,4.46188530875,4.460885587314245,13.195226173195294,13.22658355106207,11.252459016393441,4.406557377049181,13.140983606557377,stayer
1628372,Dennis Smith Jr.,0.978215416875,BKN,CHA,trade,11.2435157109375,11.309579372592154,2.9312915884375,3.011012551547024,11.141139988443781,11.200041322464653,11.490084985835693,3.7053824362606234,11.082152974504249,mover
1628374,Lauri Markkanen,0.9901635737500001,UTA,UTA,team,15.239701034375003,15.268333822796949,7.60132166375,7.6062307746144135,16.97475839189599,17.006531505963874,17.57542512342293,8.669226549643446,20.320351069665385,stayer
1628378,Donovan Mitchell,0.978884493125,CLE,CLE,team,20.514890170625,20.517332214918824,9.616696683125,9.609915856587463,22.234370482169403,22.241233257111308,20.166666666666668,9.148148148148147,22.0,stayer
1628379,Luke Kennard,0.980704625,MEM,LAC,trade,12.079602391250003,12.104446029966976,7.667800431250001,7.620282621674196,13.524898465860154,13.543614943487178,11.34,8.568,14.004000000000001,mover
1628380,Zach Collins,0.991290945,SAS,SAS,team,12.531419030750001,12.541295891920141,3.7052922563750004,3.7047886533571606,13.804742562028967,13.816305487745316,14.503597122302159,4.26160889470242,15.398299542184434,stayer
1628381,John Collins,0.991221976875,UTA,ATL,trade,12.930735869375,12.923836889145782,4.0712309950000005,4.092252043136613,14.911032001995473,14.896520115972333,14.14218009478673,4.398104265402844,16.682464454976305,mover
1628384,OG Anunoby,0.990445170625,TOR,TOR,team,12.849721528124999,12.854278337450214,5.703714950625,5.7016484534857295,13.980861035312461,13.985999968713056,12.182991202346042,5.637536656891495,14.06217008797654,stayer
1628386,Jarrett Allen,0.994204539375,CLE,CLE,team,9.7896804190625,9.791565223621646,0.2624814478125,0.2618966768204105,12.600959226015805,12.603388762300211,12.07865628840639,0.08848832445718968,15.308480131093814,stayer
1628389,Bam Adebayo,0.99781861875,MIA,MIA,team,13.74787883811875,13.75153211499747,0.22698186936874998,0.2268192322859045,15.386765694504634,15.390225333016781,15.16024844720497,0.6260869565217392,16.024844720496894,stayer
1628392,Isaiah Hartenstein,0.9821819949999999,NYK,NYK,team,9.020729610062501,8.98860246893598,0.7537620833750001,0.7548830996311008,10.66997728244568,10.633414420650208,6.926726410121244,0.05693199789140749,8.938323668950975,stayer
1628398,Kyle Kuzma,0.990835226875,WAS,WAS,team,16.142080040000003,16.16161140186089,6.9308124062499985,6.937403597381032,17.007463466961,17.028075866986477,20.73157894736842,7.105263157894737,21.58421052631579,stayer
1628401,Derrick White,0.9794876643750001,BOS,BOS,team,13.205908714375,13.176084378774798,6.47955891625,6.470994125637377,14.039181505122988,14.010147494693687,12.69075630252101,7.487394957983193,14.672268907563025,stayer
1628404,Josh Hart,0.9786654118749999,NYK,POR,trade,9.721620671875,9.844927269071027,4.248113703125,4.299029362502305,10.991014429749233,11.11262526771661,9.033259423503326,3.432372505543237,8.913525498891353,mover
1628415,Dillon Brooks,0.9786048318749999,HOU,MEM,trade,17.6996487875,17.576493068751127,7.021508375,6.982319718936723,17.269071540053112,17.162253429110596,12.41490794791199,5.981140547822182,12.786708576560395,mover
1628418,Thomas Bryant,0.9903003787500001,MIA,LAL,trade,12.158075297062503,12.15973746252456,2.0439312958125,2.1005244477255545,14.838808094895604,14.825945795020623,12.108352144469526,1.7878103837471782,14.302483069977425,mover
1628420,Monte Morris,0.978097839375,MIN,WAS,trade,11.997887648125001,12.027108760443893,4.738065716875,4.772433332233415,12.851288104994987,12.892814165646524,11.59578947368421,5.3052631578947365,11.444210526315791,mover
1628436,Luke Kornet,0.99199264125,BOS,BOS,team,8.877728943312501,8.867009528298585,1.519132025625,1.5112542576447527,11.32546066917378,11.315344311064807,7.404255319148936,0.03647416413373861,10.395136778115502,stayer
1628449,Chris Boucher,0.9907946681249998,TOR,TOR,team,13.0635332125,13.057882712191635,4.98922912,4.983608980490223,14.639101807353018,14.63375759462829,11.080851063829787,4.8,12.817021276595746,stayer
1628464,Daniel Theis,0.9901245575000001,LAC,IND,trade,11.166239683125,11.171439053864564,3.7718040831249997,3.7966270624727567,12.872143711915811,12.86697868883687,10.392118226600985,2.5182266009852214,11.988177339901478,mover
1628467,Maxi Kleber,0.991988586875,DAL,DAL,team,8.630357021875,8.613625814154902,5.559341433125001,5.549536604588403,9.640324228004395,9.622418659246486,6.041379310344828,3.806896551724138,6.537931034482759,stayer
1628470,Torrey Craig,0.991012905625,CHI,PHX,trade,10.504412757499999,10.512769965968019,5.0430493625,5.03826155545848,11.56421581174888,11.572761522188411,8.5893536121673,5.23574144486692,9.444866920152093,mover
1628960,Grayson Allen,0.9777958968749999,PHX,MIL,trade,11.53442048375,11.557832681116532,7.46771934375,7.400733145653848,12.673446792764695,12.679039140756377,9.7699960206924,6.3748507759649815,12.678074015121368,mover
1628963,Marvin Bagley III,0.9907724868750001,WAS,DET,trade,13.202652419375,13.217964490102283,3.0011476943749997,3.0198404124166354,14.78787281136462,14.793799508742442,13.975261655566129,0.7878211227402474,16.681255946717414,mover
1628964,Mo Bamba,0.991345919375,PHI,ORL,trade,12.463324996750002,12.446251160709188,5.6163631748750005,5.611297135607462,14.087276277134322,14.064752856545775,9.645466847090663,3.117726657645467,10.668470906630581,mover
1628966,Keita Bates-Diop,0.9907868056250001,PHX,SAS,trade,10.976851767500001,10.99170322787434,3.4128312831249996,3.4223950334520232,12.30442779090898,12.3095786929495,8.919402985074626,3.707462686567164,8.865671641791044,mover
1628969,Mikal Bridges,0.9790914175000001,BKN,PHX,trade,12.542454710000001,12.578702849596317,4.891902445625,4.927424079283299,13.870753345919036,13.900807649895405,16.316637478108582,7.464798598949212,16.99754816112084,mover
1628970,Miles Bridges,0.990470825625,CHA,,fa,13.170383650625,13.173925544875457,5.587865110625001,5.580950074764224,14.702855129119822,14.702784677588635,16.844547563805104,6.2645011600928076,17.749419953596288,fa
1628971,Bruce Brown,0.9812886237499999,IND,DEN,trade,10.643466781249998,10.664668282006637,3.072246688125,3.125616447216414,11.660226037115727,11.687701942392842,11.228295819935692,3.1639871382636655,11.7491961414791,mover
1628972,Troy Brown Jr.,0.9775310768750001,DET,LAL,trade,9.503105898125,9.574190513725629,5.152056963750001,5.136725559735868,10.205321081332306,10.2736541891137,9.837968561064088,6.137847642079806,9.359129383313181,mover
1628973,Jalen Brunson,0.9792352112499999,NYK,NYK,team,15.39445830375,15.450764152731493,4.679999335,4.683183283083585,16.45135990912904,16.509377394603078,21.739831440087944,6.938805423231953,23.62623671674606,stayer
1628975,Jevon Carter,0.97986344,CHI,MIL,trade,11.31639472125,11.318769430004103,6.942710693124999,6.893730447632601,11.891606058602763,11.894622559171419,13.113772455089821,8.407185628742516,12.682634730538922,mover
1628976,Wendell Carter Jr.,0.990660230625,ORL,ORL,team,12.663355745187499,12.667041520982803,3.7657945145625,3.7753874373937935,14.383332038465284,14.386785675155835,10.889679715302492,4.3814946619217086,13.067615658362989,stayer
1628978,Donte DiVincenzo,0.9795467400000001,NYK,GSW,trade,11.615280948125001,11.694762245254138,7.469540651250001,7.452464310652512,12.50216254882373,12.576805927674618,15.295810410495134,10.740584003385527,17.8705035971223,mover
1628981,Bruno Fernando,0.990796201875,ATL,HOU,trade,10.797566025687502,10.801326813732114,3.4961600978750003,3.500475916524433,12.089125464207164,12.089120640647238,9.856515373352854,0.2108345534407028,11.490483162518302,mover
1628983,Shai Gilgeous-Alexander,0.97886891875,OKC,OKC,team,17.1617699615,17.233460035383622,4.2799867240000005,4.242107027872292,18.08003595971474,18.155306955158792,20.960062646828504,3.791699295223179,23.77916992952232,stayer
1628984,Devonte' Graham,0.97672681875,SAS,NOP,trade,13.562532865624998,13.520908950705895,9.44735005875,9.300622976406808,13.818147041012347,13.765987849518567,12.38216560509554,9.51592356687898,11.579617834394904,mover
1628988,Aaron Holiday,0.97812391875,HOU,ATL,trade,11.305904559999998,11.319850658182826,4.523925491875,4.538493292952297,11.302833134191399,11.326489055081923,11.829787234042552,6.156028368794326,12.936170212765958,mover
1628989,Kevin Huerter,0.978756405,SAC,SAC,team,13.354487756249998,13.371012692436006,7.754905165624999,7.766621684332211,14.828627916992744,14.850028416763543,12.881789137380192,7.844089456869009,14.238977635782748,stayer
1628991,Jaren Jackson Jr.,0.9911862837499998,MEM,MEM,team,15.376896358750002,15.386543958508152,6.1738304062500005,6.168694046052462,16.77842181024768,16.79158373283694,19.69491525423729,6.203389830508474,19.474576271186443,stayer
1628995,Kevin Knox II,0.991077088125,DET,DET,team,12.400277247500002,12.401772246552719,6.5381009443750004,6.542250576930475,13.487406185294882,13.491099421875766,11.935828877005347,6.032085561497326,13.026737967914439,stayer
1628997,Caleb Martin,0.9899888312499999,MIA,MIA,team,10.491049853125,10.480937895258942,4.407909345625,4.404558338435242,11.519425548570297,11.506882456907825,11.447098976109213,4.75085324232082,11.529010238907851,stayer
1628998,Cody Martin,0.991157471875,CHA,CHA,team,8.65436874125,8.662730512251375,3.0810747199999993,3.086842335133173,9.607827489484242,9.616098883852349,10.26525198938992,4.106100795755968,9.119363395225463,stayer
1629001,De'Anthony Melton,0.9770001687499998,PHI,PHI,team,12.627238973125,12.586520953930314,7.23683231375,7.223903852750597,13.330601435860636,13.295155620478244,12.68101761252446,7.538160469667319,12.504892367906066,stayer
1629002,Chimezie Metu,0.990859448125,PHX,SAC,trade,11.845724113375,11.852516502936671,3.6398310646249996,3.647244505174533,13.556316125303802,13.553934003772715,10.225844004656578,3.9394644935972063,11.483119906868453,mover
1629003,Shake Milton,0.977305773125,MIN,PHI,trade,12.560612308124998,12.578119566995568,4.4676117487500004,4.509359972790756,13.089613253294013,13.113779947388707,12.061855670103093,3.9587628865979383,10.886597938144329,mover
1629004,Svi Mykhailiuk,0.97923004,BOS,CHA,trade,12.842154818125,12.79567952334201,7.925647123749999,7.864724598176806,13.619208133119093,13.566168487204253,11.913043478260871,9.391304347826086,13.565217391304348,mover
1629006,Josh Okogie,0.9785177875,PHX,PHX,team,9.2694314865625,9.307819090429998,4.566498064375,4.5814202435915785,9.788875061952798,9.827594609181894,7.692946058091286,3.5103734439834025,7.5062240663900415,stayer
1629008,Michael Porter Jr.,0.990400595625,DEN,DEN,team,15.254914395624997,15.265033571207653,7.781695871249999,7.79363098374215,17.328136775233453,17.338773814057863,15.1320607713284,7.769380599922089,17.726529022204907,stayer
1629011,Mitchell Robinson,0.9981821412500002,NYK,NYK,team,6.738849644318749,6.738116662436753,0.11785615275625,0.11764190691772072,9.283612553210842,9.282907265334206,5.968668407310705,0.0,6.861618798955614,stayer
1629012,Collin Sexton,0.9784445906249999,UTA,UTA,team,14.917286711874999,14.912913631652007,4.668730749374999,4.650776755522362,15.756101345729526,15.756712079005199,18.017357762777245,5.641272902603664,19.78784956605593,stayer
1629013,Landry Shamet,0.979006008125,WAS,PHX,trade,12.85596624125,12.89808185130774,8.796386188749999,8.71724976751154,13.546343022451182,13.564847614272555,13.56808803301238,7.774415405777166,14.310866574965612,mover
1629014,Anfernee Simons,0.9780817449999999,POR,POR,team,15.974544773125,16.002984016947845,9.276714618749999,9.27681402639276,17.24749109664854,17.279616293346034,19.034744156664562,9.210360075805433,19.9216677195199,stayer
1629018,Gary Trent Jr.,0.9782785837500001,TOR,TOR,team,15.567614440000002,15.575321361589705,8.27036688375,8.257548210942893,16.354007333114215,16.36037293073182,15.291875626880643,8.17853560682046,16.248746238716148,stayer
1629020,Jarred Vanderbilt,0.99468819,LAL,UTA,trade,7.408994151062501,7.432463868195328,1.1530462629375,1.1713462098605414,8.895323618449696,8.915796215778686,7.039451114922813,1.6672384219554033,7.780445969125214,mover
1629021,Moritz Wagner,0.991146405625,ORL,ORL,team,12.612288258,12.614333039758229,5.6136032700000005,5.610707110685517,14.554189900464321,14.560325798831222,14.063694267515924,2.9299363057324843,17.88535031847134,stayer
1629022,Lonnie Walker IV,0.9780761506250001,BKN,LAL,trade,14.59733328,14.590290687574104,7.07106927375,7.060540021080066,15.157932997511182,15.14281708772225,17.45024630541872,9.611822660098523,18.443349753694584,mover
1629023,P.J. Washington,0.9907054693749999,CHA,CHA,team,12.660750021875,12.680603628838451,5.89286242,5.89819852861884,13.664169068859017,13.682261639452022,13.151351351351352,6.697297297297297,13.621621621621623,stayer
1629026,Kenrich Williams,0.9770743631250001,OKC,OKC,team,10.445267396250001,10.442783680077063,4.074832879375,4.0725084743627775,11.507756175351858,11.509577544223964,9.795918367346939,4.932944606413994,11.12536443148688,stayer
1629027,Trae Young,0.9821038337499999,ATL,ATL,team,18.92819856,18.941102315595217,7.75734479125,7.734297739563097,19.38006579827436,19.390717114256947,18.724458204334365,8.712074303405574,19.3374613003096,stayer
1629028,Deandre Ayton,0.9942360474999999,POR,PHX,trade,14.10690432338125,14.094116513562524,0.53116931088125,0.5533270860865476,16.981018102679304,16.96565404974242,15.1228266965788,0.20190689848569826,17.2630398205272,mover
1629029,Luka Dončić,0.9912408718750001,DAL,DAL,team,20.060638946187503,20.075257537096725,8.1476046399375,8.146590401518766,22.156060999062127,22.17335016179613,22.664634146341463,10.207317073170731,25.95731707317073,stayer
1629048,Goga Bitadze,0.9907933918750002,ORL,ORL,team,12.3785566489625,12.355646494813818,4.2438147354,4.223682904318929,14.242910363813245,14.220570304191211,7.853862212943633,0.5260960334029228,9.544885177453027,stayer
1629052,Oshae Brissett,0.990459735625,BOS,IND,trade,10.7071974315625,10.706217995331809,5.254561648125,5.252060970024255,11.325532633948395,11.320096120160482,8.742857142857142,3.142857142857143,8.628571428571428,mover
1629060,Rui Hachimura,0.990795359375,LAL,LAL,team,13.49563776625,13.503509717364171,3.84402167875,3.844829100028063,14.300306082750039,14.310277744171005,13.334794520547945,4.576438356164384,16.254246575342467,stayer
1629111,Jock Landale,0.99269258,HOU,PHX,trade,12.113558906625,12.112315549545857,3.3709601635000004,3.384251549600404,14.154894473053844,14.14811684030326,9.732283464566928,1.889763779527559,10.488188976377952,mover
1629130,Duncan Robinson,0.9924177506249999,MIA,MIA,team,12.54431923,12.542286730434071,10.011978741875,10.011080597428416,13.864559680637834,13.860545745284622,12.762605042016807,8.943277310924369,15.031512605042018,stayer
1629139,Yuta Watanabe,0.97876369125,PHX,BKN,trade,9.781750278125001,9.841362270399756,5.18850667375,5.172842219166374,10.78330965464587,10.827437340440861,8.980645161290322,6.580645161290323,8.283870967741935,mover
1629162,Jordan McLaughlin,0.979332943125,MIN,MIN,team,8.648691006875,8.6231273806622,4.030899194374999,4.027464467743195,9.195278166411592,9.167670245197005,8.338658146964857,5.118210862619808,10.466453674121405,stayer
1629216,Gabe Vincent,0.978834459375,LAL,MIA,trade,12.324390866875,12.313871725767832,7.582588125625,7.519421717763447,12.884862377086591,12.875093710753497,8.129032258064516,4.64516129032258,5.474654377880185,mover
1629234,Drew Eubanks,0.99493549,PHX,POR,trade,8.8166576521875,8.835761852141754,0.7205873628125,0.7394794703250089,10.533542272757574,10.550027344885807,7.818025751072962,0.09270386266094421,9.486695278969956,mover
1629312,Haywood Highsmith,0.990092636875,MIA,MIA,team,9.108364625625,9.097465280864792,4.25323494875,4.251134188460604,9.944796504785117,9.933171677930236,8.683284457478006,5.067448680351907,10.082111436950147,stayer
1629599,Amir Coffey,0.97719574875,LAC,LAC,team,9.767072048125,9.732885523162706,4.0957503468750005,4.053413891907589,10.201267700652533,10.160589298831276,8.685400959561344,4.540095956134339,9.919122686771761,stayer
1629611,Terance Mann,0.9786994775,LAC,LAC,team,10.28532151125,10.279607349118477,3.65945874625,3.6616257609473815,11.503604137694335,11.50497353792105,9.460554371002132,3.9147121535181237,11.110874200426439,stayer
1629614,Andrew Nembhard,0.9803593381250001,IND,IND,team,11.800812774375,11.788036057221442,5.349971266875,5.334128742399551,12.230393574722335,12.217518071913128,11.093270365997638,3.6340023612750887,12.347107438016529,stayer
1629622,Max Strus,0.9787465212500002,CLE,MIA,trade,13.1935015061875,13.145187291644309,9.652039990625001,9.568058664621054,14.412173546387574,14.358884879903194,11.694779116465865,7.694779116465863,12.465863453815262,mover
1629626,Bol Bol,0.989078958125,PHX,ORL,trade,11.430413316749998,11.443064423887567,2.500834919875,2.5221314506426666,13.556438375335205,13.558820710975773,11.615384615384617,4.0,16.0,mover
1629627,Zion Williamson,0.9937389275000001,NOP,NOP,team,14.068202379249996,14.090466845346628,1.07601133925,1.0737446815823382,17.12900065277298,17.158442203240174,17.82081447963801,0.29321266968325793,20.427149321266967,stayer
1629628,RJ Barrett,0.9908730662499999,TOR,NYK,trade,15.2024615925,15.178025652526816,5.276397443125,5.278853760745496,15.276014262813112,15.251639307834294,17.236126224156692,4.896626768226333,18.84221980413493,mover
1629629,Cam Reddish,0.99025407125,LAL,POR,trade,12.18899926125,12.185475112652673,5.656518198125,5.646203803185687,12.688549339207917,12.685223639073227,8.560975609756097,4.024390243902439,8.012195121951219,mover
1629631,De'Andre Hunter,0.99057171125,ATL,ATL,team,13.07354222875,13.081576119133203,4.8184536475,4.818705597992291,13.573765622232031,13.580705005277544,14.190249702734839,6.50653983353151,15.517241379310343,stayer
1629632,Coby White,0.977336435625,CHI,CHI,team,13.612703944375003,13.58353437685443,7.852077186875001,7.834283963762167,14.404886633096421,14.376803560923932,15.1125,6.95,16.1375,stayer
1629636,Darius Garland,0.9770877093749999,CLE,CLE,team,15.627870950625,15.650056709653303,6.543893619375,6.532722867516375,16.504419227751825,16.524510683539212,15.934736842105263,6.745263157894737,16.71157894736842,stayer
1629637,Jaxson Hayes,0.9898108512499999,LAL,NOP,trade,9.4135005065,9.438096058274088,1.3042896441249998,1.3378516809229555,11.680891072992281,11.696611149192869,7.150964812712826,0.32690124858115777,10.29738933030647,mover
1629638,Nickeil Alexander-Walker,0.9775136318750001,MIN,UTA,trade,14.209427341250002,14.189698387537279,7.6503105275,7.62010903890781,14.597187966667093,14.573606732637277,10.061298701298702,6.264935064935065,11.276883116883118,mover
1629639,Tyler Herro,0.9791259462499999,MIA,MIA,team,16.5771915675,16.587268306941247,7.973202092499999,7.9788727571708735,17.364876064814837,17.377194385596407,18.80597014925373,8.520255863539445,19.957356076759062,stayer
1629640,Keldon Johnson,0.9903978581249998,SAS,SAS,team,15.53696599375,15.573667128724352,5.94435514125,5.954872704102291,16.516150783092577,16.556739679667256,15.21922511034821,6.479646885728298,16.049043648847476,stayer
1629642,Nassir Little,0.990034538125,PHX,POR,trade,10.25757463625,10.280806663601707,5.074429878125001,5.068215921782795,11.116578777783852,11.135599208212215,9.704347826086956,5.478260869565218,10.56521739130435,mover
1629643,Chuma Okeke,0.9910576856250001,ORL,ORL,team,10.347549141875001,10.330837881918288,6.1201283843750005,6.118225527148683,10.661056318607052,10.644986750996488,9.354988399071924,6.849187935034802,8.60324825986079,stayer
1629646,Charles Bassey,0.99154734125,SAS,SAS,team,9.654898526068752,9.65383782929731,0.74739959606875,0.7458553484509399,11.682854900756407,11.683317375457493,7.093596059113301,0.17733990147783252,10.285714285714285,stayer
1629650,Moses Brown,0.993808179375,POR,LAC,trade,10.110073571531249,10.121084159641033,0.43492249303124997,0.4593210210983338,11.948368274914726,11.955454354289607,11.64179104477612,0.0,11.82089552238806,mover
1629651,Nic Claxton,0.997105344375,BKN,BKN,team,9.018635078637498,9.01950007479595,0.16768624945,0.16729274933415944,12.138368999239546,12.140260323897571,9.906382978723405,0.0851063829787234,12.476595744680852,stayer
1629652,Luguentz Dort,0.97890034875,OKC,OKC,team,13.647769941249997,13.651210297621894,7.425719385,7.40504989407493,13.634002572179714,13.64024263914704,10.53072128227961,6.347284060552092,11.732858414959928,stayer
1629655,Daniel Gafford,0.9969221024999999,WAS,WAS,team,8.514257447250001,8.515304052257308,0.2564194635,0.255630230674342,11.563621228251417,11.56524661095234,9.536423841059603,0.0,13.827814569536425,stayer
1629656,Quentin Grimes,0.98034577125,NYK,NYK,team,11.14321035125,11.125212098083054,7.99403582375,7.971484364022053,12.528917524938848,12.516777603185293,11.52,8.429268292682927,11.414634146341463,stayer
1629659,Talen Horton-Tucker,0.9782872993750001,UTA,UTA,team,13.602212460625001,13.668827208694543,5.2855689337500005,5.2886786288830585,13.819328841228522,13.886896400084957,16.640159045725646,6.512922465208748,15.31610337972167,stayer
1629661,Cameron Johnson,0.9901771762500001,BKN,BKN,team,13.15118460875,13.162033470535288,7.715044053125001,7.714593469190224,14.477143486344403,14.488881469847742,13.9275,7.9425,15.525,stayer
1629667,Jalen McDaniels,0.9903654281249998,TOR,CHA,trade,10.9030415075,10.918669517543005,4.320350891875,4.332154928575947,11.795958138662199,11.809736916430248,12.646840148698885,4.75092936802974,9.50185873605948,mover
1629669,Jaylen Nowell,0.9784050768750001,MEM,MIN,trade,15.811849905625,15.759056714910193,6.8167906081249985,6.781987301593084,16.61362321612254,16.55886116208123,13.245283018867923,4.9245283018867925,12.566037735849056,mover
1629670,Jordan Nwora,0.990658258125,TOR,MIL,trade,13.421665065625,13.413289751924717,6.430406813125,6.422140484069402,14.03432874700621,14.026168056260545,15.16056338028169,6.642253521126761,16.225352112676056,mover
1629673,Jordan Poole,0.9767532668750001,WAS,GSW,trade,16.887980574375,16.840884200599564,9.44709624375,9.344341277641808,17.859089380109758,17.8023816157612,18.19948849104859,8.654731457800512,17.861892583120206,mover
1629675,Naz Reid,0.9913079931250001,MIN,MIN,team,15.353071097375,15.363946931423387,5.6809587775,5.685857988400457,17.787291822449955,17.800499796137604,15.59877800407332,7.478615071283095,17.9816700610998,stayer
1629680,Matisse Thybulle,0.9807149837499999,POR,POR,team,7.4227866015,7.425676160985985,4.181701325000001,4.1862460501625085,8.416334578439912,8.421238793933547,7.669354838709678,5.588709677419355,8.032258064516128,stayer
1629684,Grant Williams,0.991311246875,DAL,BOS,trade,8.325797540625,8.348882500513378,4.666128990625,4.676633841359376,9.17867118482829,9.203733079764008,10.244590780809032,5.689557855126999,11.48071495766698,mover
1629723,John Konchar,0.9799475225000001,MEM,MEM,team,8.26405323125,8.252476810795653,4.142034692499999,4.144018467313581,9.301680893032431,9.29342540919908,6.372765957446808,3.676595744680851,6.556595744680851,stayer
1629726,Garrison Mathews,0.9825263006249999,ATL,HOU,trade,10.572715071249998,10.583784023274497,8.654276950625,8.572339284450624,11.540086569967883,11.547109225014683,8.218181818181819,7.0181818181818185,10.581818181818182,mover
1629731,Dean Wade,0.9917564025,CLE,CLE,team,8.388759842875,8.378693126029571,5.385888245625,5.3835509710630465,9.294142814587342,9.283347459792818,7.504043126684636,6.533692722371968,8.765498652291106,stayer
1630162,Anthony Edwards,0.978195480625,MIN,MIN,team,17.2945732975,17.341524239357994,8.404026013125,8.379316812709723,18.297319845418873,18.347971327639605,20.211891891891895,6.901621621621622,21.094054054054055,stayer
1630163,LaMelo Ball,0.97825803875,CHA,CHA,team,17.840929914375003,17.896507437689998,9.59727009375,9.62360483873399,18.691347984592582,18.750582797146265,21.3876404494382,9.96067415730337,22.04494382022472,stayer
1630164,James Wiseman,0.99207385875,DET,DET,team,13.708346544993748,13.710876883646591,1.3067541293687501,1.3029561767327666,15.545442302661465,15.550833832293089,10.082644628099175,0.06611570247933884,12.363636363636363,stayer
1630165,Killian Hayes,0.9770738725,DET,DET,team,11.732688618749998,11.77583927193461,4.71508295625,4.716519123658131,11.33673226791504,11.372009309209103,10.107142857142858,2.642857142857143,9.142857142857142,stayer
1630166,Deni Avdija,0.989823396875,WAS,WAS,team,9.858186295625,9.862640664284328,4.439415705,4.436112165419433,10.53113930396158,10.539077768233199,12.796812749003983,3.745019920318725,14.342629482071713,stayer
1630167,Obi Toppin,0.99057723375,IND,NYK,trade,12.876653690000001,12.866287647078662,6.2673956125000005,6.264164675026101,14.90378580047246,14.887566386310086,12.048554913294799,5.264739884393064,15.939884393063585,mover
1630168,Onyeka Okongwu,0.996399140625,ATL,ATL,team,8.17581742275,8.181132559340409,0.432525138375,0.4318085254998836,10.271779369382486,10.279360640159247,9.352313167259787,1.7679715302491104,12.017081850533808,stayer
1630169,Tyrese Haliburton,0.975312340625,IND,IND,team,13.915480202500001,13.967099865843329,6.929658055000001,6.945986380531849,15.454823849348525,15.522592436293674,16.948787061994608,8.652291105121293,19.326145552560646,stayer
1630170,Devin Vassell,0.9781139518750002,SAS,SAS,team,15.129025839375,15.193195537905664,7.607004041250001,7.616124499671642,15.685809299333954,15.749801823171971,16.926090828138914,7.148708815672306,18.625111308993766,stayer
1630171,Isaac Okoro,0.9915095125,CLE,CLE,team,7.76200945675,7.761446051069539,3.3782098475,3.381089663419598,8.806504166273491,8.807490999983388,9.138022210470652,4.093072448439979,10.546800634584876,stayer
1630172,Patrick Williams,0.9905304000000001,CHI,CHI,team,10.199823001875,10.20237268374964,3.9214117881249995,3.9248406674685423,10.820752519626165,10.824867275745389,11.008517887563885,4.538330494037478,11.560477001703578,stayer
1630173,Precious Achiuwa,0.9911041456249999,NYK,TOR,trade,11.499107009999998,11.534709735556131,2.913175698125,2.9462813458909136,12.506507917594902,12.54053377758705,10.39655172413793,2.1502463054187193,10.995073891625616,mover
1630174,Aaron Nesmith,0.9791403943750001,IND,IND,team,11.390016950625,11.395864163409708,6.771878579375,6.760178644179291,12.267571643959098,12.27785777444484,11.470145509282489,6.033115905669845,13.90868038133467,stayer
1630175,Cole Anthony,0.9792741662500001,ORL,ORL,team,14.365780001499997,14.361297097642876,5.912257726499999,5.8887565541561395,14.36326918185496,14.35478014013815,15.10891089108911,5.445544554455445,14.990099009900991,stayer
1630177,Theo Maledon,0.97706022875,CHA,CHA,team,11.365918027625,11.348874529828308,5.557468917,5.519914350313862,11.353349251910041,11.333677728323751,11.775700934579438,5.046728971962616,7.570093457943925,stayer
1630178,Tyrese Maxey,0.978088123125,PHI,PHI,team,14.387617612499998,14.428678234517479,5.7633183343750005,5.7808115904713535,15.39971082962547,15.449441439099466,19.46798780487805,7.8064024390243905,20.414634146341463,stayer
1630180,Saddiq Bey,0.97839609125,ATL,DET,trade,14.032538544375,13.97147812297935,8.04410753875,7.955984540237007,14.643525484300284,14.5747141466544,12.180582524271845,6.25631067961165,12.110679611650484,mover
1630182,Josh Green,0.9788153049999999,DAL,DAL,team,8.713892454375001,8.717722137657422,3.758611005625,3.7617963720864633,10.013980858003599,10.024929393231968,8.946179401993357,4.473089700996678,10.285714285714285,stayer
1630183,Jaden McDaniels,0.9906398200000001,MIN,MIN,team,10.2192342275,10.223081623956283,4.3869630074999995,4.382411913972389,11.494898192320344,11.5006962526352,10.740142517814725,4.3610451306413305,11.971496437054633,stayer
1630184,Kira Lewis Jr.,0.9783104162499999,NOP,NOP,team,13.232886184937499,13.231298023308693,6.057853948062499,6.034727270851065,13.592718545441706,13.591985665316507,12.593155893536121,4.517110266159696,9.855513307984792,stayer
1630188,Jalen Smith,0.99059564375,IND,IND,team,13.203926438125,13.214221804450867,5.159873240625,5.161906479543506,14.815559262539487,14.83183989844251,13.607655502392344,4.960765550239234,18.223923444976077,stayer
1630191,Isaiah Stewart,0.991199421875,DET,DET,team,9.76655513875,9.779484188210647,3.2976732943750005,3.314616665862987,10.663889714440316,10.678505637882788,9.657303370786517,4.424157303370786,11.098314606741575,stayer
1630192,Zeke Nnaji,0.9910458343749999,DEN,DEN,team,9.1782460283125,9.18208160289099,3.6233393225000006,3.6188293828576104,10.954360996666498,10.965314678182017,9.3125,1.4375,9.0,stayer
1630193,Immanuel Quickley,0.9788044518749999,TOR,NYK,trade,14.93123839,14.880239343955724,8.032004461875,7.979302185911563,15.632423047008999,15.590463911794036,16.19728233517866,7.844992450931051,17.157523905385002,mover
1630194,Paul Reed,0.9925540187499999,PHI,PHI,team,9.3268780909375,9.33202895062591,0.9905410778125,0.9853071146702193,11.018439599329227,11.028129676031837,10.847457627118644,1.2881355932203389,12.180790960451976,stayer
1630197,Aleksej Pokusevski,0.9897436493750001,CHA,OKC,trade,12.35065507125,12.350263396596572,5.559002156875,5.538390901331484,12.772782876979385,12.778545266511944,10.624390243902438,4.829268292682928,10.185365853658535,mover
1630198,Isaiah Joe,0.980222585625,OKC,OKC,team,12.97300586,12.975756168662091,9.567049715000001,9.578340271414358,14.129349560733209,14.132441765482598,12.091412742382271,8.800554016620499,14.734072022160664,stayer
1630200,Tre Jones,0.9792168075000001,SAS,SAS,team,11.463780263125,11.50572229550873,2.79745545875,2.7985223611069534,11.850670636597219,11.89622723801341,10.112359550561798,3.2191011235955056,11.292134831460674,stayer
1630201,Malachi Flynn,0.9788464918750001,TOR,TOR,team,12.934049774375001,12.927922923414085,6.925054538125001,6.92556533619106,12.873906770305556,12.870270532971471,13.356164383561644,6.945205479452055,13.47945205479452,stayer
1630202,Payton Pritchard,0.9775191925,BOS,BOS,team,13.477882325,13.479480863024893,8.577127299999999,8.574362025936,14.46043319439297,14.46712416023902,12.53976961053209,7.543609434997258,14.633022490400439,stayer
1630205,Lamar Stevens,0.99095986625,MEM,CLE,trade,9.987211968125,10.017767024756342,2.7172611618749998,2.7397519881700663,10.721040622054575,10.747386994683204,15.428571428571427,2.9571428571428573,14.785714285714285,mover
1630208,Nick Richards,0.9947680518750001,CHA,CHA,team,9.41012515698125,9.409373442244787,0.24180927285625,0.2406990324855912,11.829827613660344,11.8307373653565,7.695281409891984,0.02046617396247868,10.642410460488913,stayer
1630209,Omer Yurtseven,0.9909766612500001,UTA,MIA,trade,11.9431021088375,11.944922079766645,0.7373065519625,0.7889981958782959,13.76482092121752,13.756170834537404,12.131868131868133,1.5824175824175826,13.384615384615385,mover
1630214,Xavier Tillman,0.991476241875,MEM,MEM,team,9.446173966875,9.445298896415908,1.632035261875,1.6220281994062684,10.960544183044771,10.962853804425933,10.28045035823951,2.984646878198567,9.654042988741045,stayer
1630217,Desmond Bane,0.97621453375,MEM,MEM,team,16.449570738749998,16.494834157269356,8.210610791875,8.203996638182852,18.000486711034277,18.053734979435227,19.35966735966736,8.981288981288982,21.38045738045738,stayer
1630224,Jalen Green,0.978920678125,HOU,HOU,team,16.570573254375,16.616909481607,8.23359936125,8.22062957859883,16.981367340963445,17.027173549842296,18.443076923076923,8.376923076923077,18.373846153846156,stayer
1630228,Jonathan Kuminga,0.9903286981249999,GSW,GSW,team,11.936061531875001,11.944577668108469,4.0615053012499995,4.058638124646074,13.599159581284777,13.611376203255524,15.90568939005638,3.044592516658124,17.806253203485394,stayer
1630230,Naji Marshall,0.9903827325000001,NOP,NOP,team,11.57532450875,11.573283762890828,4.528745634375,4.526389915940708,12.201985143466793,12.198751976104845,10.502384737678856,4.292527821939586,11.389507154213037,stayer
1630231,KJ Martin,0.9924679325000001,PHI,HOU,trade,10.179071850749999,10.181416809265242,3.5297994843750002,3.5411064024325434,12.299295611999199,12.294283826206543,8.734584450402144,1.351206434316354,9.74798927613941,mover
1630235,Trent Forrest,0.9794776787499999,ATL,ATL,team,8.3486751574375,8.337370616913265,2.2586308568125,2.217612830552784,8.754135218418336,8.734541587497967,7.845036319612591,0.8716707021791767,6.101694915254237,stayer
1630245,Ayo Dosunmu,0.9790311825000001,CHI,CHI,team,9.369530155625,9.378055105834813,3.6470392343749998,3.638536470256909,10.46678726039234,10.483512379566717,11.685778781038376,4.794582392776523,13.636117381489841,stayer
1630249,Vít Krejčí,0.9790470318749999,ATL,ATL,team,10.545486085375,10.492655487363699,5.992381954374999,5.9622481271505885,11.126548266551582,11.07992841731155,6.920517560073937,4.524953789279113,8.65064695009242,stayer
1630256,Jae'Sean Tate,0.99112488,HOU,HOU,team,11.91454583925,11.916724274381156,3.17334198875,3.166005146065472,13.197257723566633,13.197641964266262,7.980638915779283,2.683446272991288,8.329138431752177,stayer
1630264,Anthony Gill,0.991129339375,WAS,WAS,team,8.6774424580625,8.66769808092406,2.1238561125000004,2.1197863923005897,10.035983896509663,10.025149281810794,12.281449893390192,3.1471215351812365,12.281449893390192,stayer
1630322,Lindy Waters III,0.99169486375,OKC,OKC,team,12.652495242187499,12.647076180298654,9.935907874374998,9.944041479354933,13.581771069792069,13.575356790824236,13.27659574468085,10.851063829787234,17.23404255319149,stayer
1630526,Jeremiah Robinson-Earl,0.9908373349999999,NOP,OKC,trade,10.559358705,10.559197701061771,5.10372726375,5.110908556223683,11.441688918499473,11.439377715592393,10.301204819277109,4.228915662650603,11.168674698795181,mover
1630527,Brandon Boston,0.978190653125,LAC,LAC,team,14.381691028749998,14.45272108774407,6.115488415624999,6.0735552064043725,14.543408735897717,14.60183395316986,16.89795918367347,5.457725947521866,15.113702623906706,stayer
1630529,Herbert Jones,0.9903324187499999,NOP,NOP,team,9.135644799375001,9.136472988925984,3.0454468356249995,3.045423497612667,10.052445419273582,10.055398769444489,9.1202068074106,4.234381732012063,10.857389056441189,stayer
1630530,Trey Murphy III,0.9907985837499999,NOP,NOP,team,11.528396664999999,11.53017138566235,7.128838540625,7.130060260059828,13.049137333529508,13.051925951266483,13.212765957446809,9.46808510638298,15.297872340425531,stayer
1630532,Franz Wagner,0.99044674,ORL,ORL,team,13.614989033750001,13.631768548090246,4.587225756874999,4.590330577361113,14.704028433404256,14.723332678261215,16.868747327917912,5.140658401026079,17.699871740059855,stayer
1630533,Ziaire Williams,0.9900139631249999,MEM,MEM,team,11.593565911875,11.60164722149578,5.90955764375,5.910884240647154,12.714508787686764,12.726306838637989,13.09720885466795,6.548604427333975,12.404234841193455,stayer
1630534,Ochai Agbaji,0.9785448275,UTA,UTA,team,11.992001306874998,11.981312237362172,7.071966405624999,7.064619342061236,12.800739384592529,12.792637545498323,9.510677242220867,4.634533251982916,9.181208053691275,stayer
1630537,Chris Duarte,0.9778560218749999,SAC,IND,trade,13.8234231375,13.82115556033726,6.7541443306249995,6.750757064860716,14.163966558043711,14.172019008933535,10.485436893203882,6.341192787794729,10.185852981969486,mover
1630538,Bones Hyland,0.9775693468750001,LAC,DEN,trade,17.19555337,17.072121552008454,10.466316192499999,10.372535755590558,17.941309062850838,17.807918437062742,16.76437847866419,9.016697588126158,15.896103896103895,mover
1630540,Miles McBride,0.978970065625,NYK,NYK,team,11.151707205625002,11.12924854856678,6.729517140625,6.71979076582345,11.683873071474821,11.663339175127856,12.30722891566265,7.210843373493976,14.069277108433734,stayer
1630541,Moses Moody,0.9777146168749999,GSW,GSW,team,10.50597784375,10.494046481204418,6.535370985,6.521473680150708,11.707912395377708,11.699141053191351,13.023255813953488,6.2015503875969,14.263565891472869,stayer
1630543,Isaiah Jackson,0.9919831325,IND,IND,team,10.155502836562501,10.162080899569244,1.0863825865625,1.0815471238620566,11.758663484016758,11.769619628786169,10.907672301690507,0.18725617685305593,14.512353706111833,stayer
1630544,Tre Mann,0.978520583125,CHA,OKC,trade,15.012248176875001,14.954258442280445,7.979273750625,7.884122496508476,15.022270117798035,14.978257213885499,11.46774193548387,4.57258064516129,12.22983870967742,mover
1630549,Day'Ron Sharpe,0.9935375756249999,BKN,BKN,team,10.538404675718748,10.541852623210678,0.95524465103125,0.9536741886217114,12.294622724451392,12.301251785085153,11.47939262472885,0.5856832971800433,13.275488069414317,stayer
1630550,JT Thor,0.9907151143749999,CHA,CHA,team,9.345951180625,9.34152799144302,4.488471911875,4.489357495164886,9.850563328147798,9.846559493215068,8.446153846153846,3.7384615384615385,8.676923076923076,stayer
1630552,Jalen Johnson,0.9904756581250002,ATL,ATL,team,10.516469632500002,10.52137686540922,3.6888101043750003,3.6869431932137045,11.851937551334604,11.860386898677357,13.378507146638432,3.811540497617787,15.036527263102169,stayer
1630556,Kessler Edwards,0.99057269,SAC,SAC,team,10.4798158975,10.462157300589539,4.908899905,4.910606949389293,11.127667693245831,11.109178391210701,10.852941176470587,6.88235294117647,11.647058823529413,stayer
1630557,Corey Kispert,0.9912347887499999,WAS,WAS,team,10.379189161875,10.376283676327093,6.395238664375,6.396692199688921,11.86689672216664,11.864226830351065,13.822050290135397,8.355899419729207,16.642166344294004,stayer
1630558,Davion Mitchell,0.9796409,SAC,SAC,team,11.940819789999999,11.898941073199303,5.559810410625,5.5454564587264095,12.409019447942029,12.370113007583857,10.580527752502274,5.175614194722475,11.43221110100091,stayer
1630559,Austin Reaves,0.977762790625,LAL,LAL,team,9.563132173125,9.562331250981568,4.62047366875,4.610631491395073,10.77040497075157,10.769805432372019,12.896341463414634,5.76219512195122,14.652439024390244,stayer
1630560,Cam Thomas,0.978496174375,BKN,BKN,team,15.6297256575,15.665996806128707,5.7645302449999996,5.74917872122395,15.632292969104643,15.666908993418676,20.685659101883147,6.883631096088846,20.78995654273298,stayer
1630567,Scottie Barnes,0.991088156875,TOR,TOR,team,12.298366925625002,12.3099588916561,2.9904961337500002,2.9900718676698883,12.982770660569724,12.997185957957935,16.179389312977097,5.083969465648855,17.08969465648855,stayer
1630570,Trendon Watford,0.980744204375,BKN,POR,trade,9.4238512641875,9.51728524233907,2.3211127048124998,2.403329017305652,10.576289004457005,10.663737937111469,13.07943925233645,2.859813084112149,14.929906542056074,mover
1630572,Sandro Mamukelashvili,0.99036067,SAS,SAS,team,12.511110773750001,12.511809392408217,5.619187065,5.617232462475785,13.475258763909046,13.478070472504568,12.34513274336283,5.097345132743363,13.141592920353983,stayer
1630573,Sam Hauser,0.992359881875,BOS,BOS,team,11.6134255921875,11.608833856501981,8.73025929,8.734669121304837,13.105972512020452,13.100732106958086,11.524956970740103,9.604130808950085,14.354561101549052,stayer
1630578,Alperen Sengun,0.9939184043750001,HOU,HOU,team,12.616032292962501,12.6198191650196,1.9891744160875,1.9827270601773894,14.094477510522667,14.099660188301819,17.270151441133365,1.9521250610649732,19.11675622862726,stayer
1630579,Jericho Sims,0.996018785,NYK,NYK,team,5.18698257461875,5.185088028010161,0.21563293480625,0.21477445373170534,7.1425008799811565,7.141030811897897,3.3673469387755106,0.0,4.653061224489796,stayer
1630581,Josh Giddey,0.978361728125,OKC,OKC,team,13.8534751895625,13.920848403215533,4.482721625187501,4.462306324228713,14.355892452039008,14.434431621103599,15.170149253731344,4.352238805970149,15.86865671641791,stayer
1630583,Santi Aldama,0.990831399375,MEM,MEM,team,11.201742601874999,11.20174404717336,5.58877466375,5.589474305650788,12.513223354525541,12.514788797951107,12.61443553362122,6.751388032078964,13.325107958050586,stayer
1630587,Isaiah Livers,0.990754893125,DET,DET,team,9.628390203125,9.618763881295934,5.946253745625,5.946796899578609,10.273688193518167,10.262633083704369,8.904051172707888,5.91044776119403,7.8294243070362475,stayer
1630591,Jalen Suggs,0.97806793125,ORL,ORL,team,13.161913545625001,13.152879429423297,6.200001054375,6.190553370865759,13.13506874335335,13.129151530670033,12.687068114511353,6.84106614017769,14.659427443237908,stayer
1630595,Cade Cunningham,0.9786487650000001,DET,DET,team,16.402896531875,16.48226770296631,7.3428107525,7.301618307645552,16.57791550331998,16.639380433425593,20.24674698795181,5.812048192771083,20.24674698795181,stayer
1630596,Evan Mobley,0.988154969375,CLE,CLE,team,12.327761374125,12.33031143134755,1.5375614097499999,1.5353515056941567,13.931376689802454,13.939016998635617,12.979751796211627,1.387328543435663,15.56629653821032,stayer
1630598,Aaron Wiggins,0.9792700475000001,OKC,OKC,team,9.8260669205625,9.830182820791263,4.0764159675,4.061373345115792,10.992443087764379,11.004449992656504,11.07918367346939,3.702857142857143,14.282448979591836,stayer
1630625,Dalano Banton,0.9903426875,POR,TOR,trade,10.5811138773125,10.593737983447935,3.2714159591875003,3.2820771632681294,11.177974715719136,11.194161971078273,17.191977077363898,6.842406876790831,15.919770773638968,mover
1630631,Jose Alvarado,0.979455745625,NOP,NOP,team,13.02286752,13.029496539437147,6.334305071875001,6.341822702704421,13.581770818742516,13.59249056668708,12.069970845481048,7.241982507288629,12.66472303206997,stayer
1630647,Eugene Omoruyi,0.9903292874999999,WAS,DET,trade,12.224029258812498,12.249540754713838,4.870358953749999,4.871872882236656,13.758695045320696,13.767196096891876,15.33673469387755,4.224489795918368,16.071428571428573,mover
1630692,Jordan Goodwin,0.9783116225,PHX,WAS,trade,12.027522912499998,12.039696732709624,4.6230664643749995,4.6193320328186545,12.331833857551398,12.346070318439313,12.98583569405099,4.793201133144476,11.01416430594901,mover
1630699,MarJon Beauchamp,0.9910802737500001,MIL,MIL,team,12.242444465,12.24425757615566,6.7469073206250005,6.751407512069475,13.144429136465488,13.147688922318892,9.84514003294893,4.448105436573311,11.387149917627676,stayer
1630700,Dyson Daniels,0.9781923450000001,NOP,NOP,team,7.949321875,7.930716280969893,3.726626755,3.7080128347401136,8.405357916931939,8.388377031821335,8.226304188096988,3.5709037472446727,8.464364437913298,stayer
1630702,Jaden Hardy,0.978554579375,DAL,DAL,team,15.61827054375,15.644778015640725,8.208189526249999,8.199235532461701,16.501885734839615,16.534707210246623,17.40060544904137,8.1372351160444,17.109989909182644,stayer
1631093,Jaden Ivey,0.97911619625,DET,DET,team,14.592371346874998,14.608154034518826,6.2292808837499996,6.212566804028938,14.58884853463206,14.605840004890128,15.77837837837838,5.9837837837837835,15.535135135135134,stayer
1631094,Paolo Banchero,0.991112031875,ORL,ORL,team,14.7955609295625,14.811482558240026,4.4139133776875,4.412031849091446,14.824323102727814,14.841094625686436,18.102930664760542,4.516082916368835,18.0,stayer
1631095,Jabari Smith Jr.,0.9905687512500001,HOU,HOU,team,12.854151929999999,12.856397444006447,5.658728861249999,5.659406811322175,13.141919670860172,13.143882948673198,12.386617100371748,5.650557620817844,13.29368029739777,stayer
1631097,Bennedict Mathurin,0.9781731243749999,IND,IND,team,13.876699261875,13.908198472858825,5.7371791375,5.719763301389791,14.225718091770318,14.262482431316368,15.528952504879637,5.012361743656474,15.73975276512687,stayer
1631099,Keegan Murray,0.99076498375,SAC,SAC,team,12.05291169,12.050794025397021,7.248807512499999,7.2515403532193226,13.345429289647203,13.344206401330169,13.546893091470475,7.099961404862987,14.852952527981476,stayer
1631101,Shaedon Sharpe,0.979224243125,POR,POR,team,12.908889835624999,12.912901260217557,6.520366788125,6.503305490208949,14.014104287001238,14.025842978965514,14.767485822306238,6.12476370510397,14.01890359168242,stayer
1631103,Malaki Branham,0.9910290793750001,SAS,SAS,team,13.448470258125003,13.454803458028483,5.787166779375001,5.7882448070835135,14.126183664045447,14.132685849987313,14.209930861093651,6.0641106222501575,14.368321810182275,stayer
1631104,Blake Wesley,0.977987271875,SAS,SAS,team,11.0886131725,11.098393888975913,3.6400988175,3.620472361040173,10.538347526724204,10.546842406771082,8.805460750853243,2.252559726962457,8.84641638225256,stayer
1631105,Jalen Duren,0.9951897393749999,DET,DET,team,8.448677230218747,8.449233193396047,0.25146399646874995,0.25046140570386666,10.528183521735112,10.530883140773977,11.438873239436619,0.08112676056338028,14.15661971830986,stayer
1631106,Tari Eason,0.990612863125,HOU,HOU,team,12.12824352075,12.140164682599401,3.8481391487500005,3.8445100751831767,12.768646939264467,12.783943483572695,14.174999999999999,3.75,14.55,stayer
1631108,Max Christie,0.97869789125,LAL,LAL,team,8.821780475,8.79200745571557,4.9445544225,4.931727528747876,9.300367820130678,9.270901391148673,9.200424178154824,4.504772004241782,9.467656415694591,stayer
1631109,Mark Williams,0.99508742625,CHA,CHA,team,10.25635514784375,10.25958117769769,0.27540896659375,0.2740559997339469,12.66391039691967,12.670016838029971,10.700787401574804,0.0,13.88976377952756,stayer
1631110,Jeremy Sochan,0.9905243,SAS,SAS,team,12.20968362125,12.22223264133538,3.51823077125,3.5151371618277736,13.040678927491587,13.056205696969705,12.744525547445257,3.7281021897810223,12.317518248175181,stayer
1631114,Jalen Williams,0.9784547406250002,OKC,OKC,team,11.5888735680625,11.608853968312353,3.9604413799375005,3.944231499845271,12.810716607062297,12.84186365510748,16.059299191374663,3.8975741239892185,19.00269541778976,stayer
1631117,Walker Kessler,0.995478946875,UTA,UTA,team,8.577478811825,8.57831261134294,0.2512143968875,0.2503656942454703,11.604892488055794,11.607998953928982,8.467741935483872,0.45967741935483875,11.17741935483871,stayer
1631119,Jaylin Williams,0.9912898787500001,OKC,OKC,team,9.858272034375,9.852420623784058,4.611951825,4.610079103115015,10.251575068860145,10.245237468913551,9.140311804008908,5.772828507795101,9.741648106904233,stayer
1631121,Bryce McGowens,0.9785826524999999,CHA,CHA,team,9.52465992375,9.51708766500532,4.401923323125001,4.38484597438292,9.956927671608721,9.952335994089067,9.387755102040817,4.163265306122449,9.63265306122449,stayer
1631128,Christian Braun,0.978150561875,DEN,DEN,team,9.055704920812499,9.050488241426695,3.6755328308125,3.6592174342933244,9.979072825904742,9.980430039666619,10.5,3.5652173913043477,11.021739130434783,stayer
1631133,Jabari Walker,0.9906472399999999,POR,POR,team,10.958590936187498,10.963972417456173,3.6313135374375,3.6278607078060285,11.618940193381878,11.6270368681472,10.791519434628976,2.9469964664310955,10.791519434628976,stayer
1631172,Ousmane Dieng,0.9904790775000001,OKC,OKC,team,11.20124770275,11.202807531310086,5.72101681125,5.7233707370609554,12.222888156431118,12.22596447820716,11.40983606557377,6.885245901639344,11.704918032786884,stayer
1631216,Caleb Houstan,0.9798595556249999,ORL,ORL,team,9.392804714375,9.36594211222683,6.512017231874999,6.502150891194981,10.03133146686448,10.006332668359565,9.099386503067484,8.52515337423313,10.247852760736198,stayer
1631223,David Roddy,0.99064098375,MEM,MEM,team,11.658008158124998,11.660763904177543,5.81695659375,5.818847684424721,12.774115718510517,12.779103267708415,12.509770603228546,5.016142735768905,11.561597281223449,stayer
1631323,Simone Fontecchio,0.9906826531249999,UTA,UTA,team,14.635139323125,14.63504485153437,8.4091549075,8.414223265541448,15.03636653398728,15.035590622401982,12.007303712720631,7.318320146074255,13.97930614729154,stayer
