nba_api_id,name,mpg,PTS_per_game,PTS_per_game_sd,REB_per_game,REB_per_game_sd,AST_per_game,AST_per_game_sd,STL_per_game,STL_per_game_sd,BLK_per_game,BLK_per_game_sd,TOV_per_game,TOV_per_game_sd,FGM_per_game,FGM_per_game_sd,FGA_per_game,FGA_per_game_sd,FG3M_per_game,FG3M_per_game_sd,FG3A_per_game,FG3A_per_game_sd,FTA_per_game,FTA_per_game_sd,FTM_per_game,FTM_per_game_sd
2544,LeBron James,31.384170274170263,24.55403562338529,2.364068318090889,6.995724525998921,0.7382256026439193,5.465988042769322,0.6906013924761033,0.8166921470684745,0.1877215521762186,0.5547526228385705,0.1760802571507818,2.7338486366119845,0.3517793218798816,9.360862517025907,1.101223951613473,18.586792330943073,2.3834102418644743,1.9986866066940472,0.5097723615287997,5.939534403906503,1.6314055823574865,5.026979448356769,2.430469459865388,3.8336239826394265,1.8240656041176484
101108,Chris Paul,27.87134475693798,11.189521122525084,1.7093776948693775,3.654586704933085,0.594079522485466,8.09488428761758,0.7592656977917934,1.2581584562200308,0.1983654522859177,0.2763367229483131,0.1502776126974948,1.7470912909187273,0.2903341324104702,4.096725125112131,0.5639878643839659,8.937441053393638,1.5297829329689767,1.1675246941272053,0.2670215146566393,3.185052045065796,0.8474393555084814,2.2092335316068037,1.4034592254709335,1.8285461781736168,1.1680019404441917
200768,Kyle Lowry,28.334037267080745,9.304336659537952,1.7001545490944752,3.647604096599635,0.6028770185019856,5.27645153016917,0.6478588903216119,0.8418803273336116,0.1741282110332077,0.2733412479191049,0.1494989679619598,1.931562522699068,0.2998011200669216,2.9942229201249537,0.3501042068945171,7.126074627264564,1.2575597307148312,1.6025758328315802,0.3332030003959977,4.478912287889745,1.1133412280680317,2.0463284314311094,1.4115426965400246,1.713314986456465,1.1034141259720625
200782,P.J. Tucker,21.60566033164801,3.2284212154239857,1.2428321344058986,3.4806766536151166,0.4793314144127594,0.882321700463416,0.3943633108627437,0.5043586166896215,0.128789988332169,0.1846971970156004,0.116494398651969,0.5664452333170089,0.2047247769998975,1.1809128952257346,0.1275375074124348,2.680874080517686,0.4003691891179797,0.6114742547844004,0.0986663111462453,1.5999541974717197,0.2871962713410825,0.32639226873922983,0.5662848782209181,0.25512117018811603,0.2833100156197735
201143,Al Horford,26.17365769496205,8.195339782921408,1.5457479002352768,5.562437729003347,0.5987693146751311,2.618634112047334,0.5169589961181408,0.4503414476866251,0.1532726369739717,0.8317004461433329,0.1663896226211143,0.6288077829306135,0.2407224568989664,3.070696429481681,0.3952996839376058,6.521317973873718,1.2287642427221883,1.6738758356786139,0.3995102646180011,4.063514296375321,1.067926110453021,0.4864412227446743,0.742892600192293,0.38007108827943215,0.39259265108949
201144,Mike Conley,27.351838164399155,10.760576156962012,1.6863904954644937,2.552119842138032,0.558741543356897,6.206216063591406,0.6623219077844272,1.024456088224476,0.1819900124308318,0.2002721544201854,0.1450000545170151,1.4821563349967346,0.2757160931061356,3.565811816896633,0.409643593762098,8.258332278669856,1.282493607186733,1.8224365253259016,0.3834970956896025,4.712636208479885,1.0713097196740693,2.2013204245100186,1.293623643423075,1.806515997842844,1.2111899965713728
201145,Jeff Green,17.976696078431374,7.054636351428644,1.1340692607313838,2.193029639159057,0.3940960837197821,0.9949524899724566,0.3347811917752052,0.3353225390269332,0.1072032205694657,0.2268546403239986,0.0993229852884375,0.7010115313712226,0.1825181903255398,2.552501717954737,0.2843937809378004,5.17848865588344,0.5983838511686159,0.5472402042286181,0.0968762203671542,1.6599680522209395,0.3266894246133993,1.811720987193148,1.0429005989041225,1.4023927112905512,0.8074094741888096
201566,Russell Westbrook,27.77767919447372,12.968902601931518,1.6999704703966407,5.891942220672629,0.660038090550651,6.966574845981374,0.6820209682050233,0.9185914062493896,0.1663354386343332,0.31052522360671,0.1447732244477834,3.020871116701573,0.3221715601249856,4.852106632364122,0.5239363041340119,11.070166150014634,1.5524541355020751,0.93695914008924,0.1839608157719243,2.9640954846547367,0.7231259424877945,3.4689263129903343,2.0257532996591703,2.3277301971140343,1.149364375863117
201567,Kevin Love,18.134042451263223,7.884123661811293,1.173639257640385,5.726957436315467,0.5204395842470236,1.617450777747262,0.3599767332601268,0.3245124486872596,0.1066227534471699,0.1605196539309574,0.0968974261528789,1.0022695806473227,0.1897483788465377,2.5603005212854173,0.3243319266676016,6.34776710841948,1.0226309121909467,1.5161461759745336,0.3158114712824977,4.354289603729833,0.9403788559664534,1.4805218904718622,0.8995981031031085,1.2473764432659242,0.8060349154543632
201569,Eric Gordon,25.918969576315604,10.27299625961246,1.5756280447720332,1.68324525583863,0.5104571336390902,2.279695279776431,0.4971213247633566,0.5786056240305466,0.1515036997774796,0.3034173696790617,0.141317286423212,1.42449755880037,0.2582303147568001,3.50155501742379,0.4229492010389312,7.792725250502038,1.297459443300271,1.5897484822694563,0.3596595659452899,4.269051417431043,1.1254339487090448,2.0763450424984655,1.368605533171889,1.6801377424954242,1.0359277820639297
201572,Brook Lopez,25.781245421245423,13.302225224460807,1.6624252092431209,5.227615044622751,0.592568087101591,0.9543858398387146,0.4617856796894551,0.4362276999048983,0.1514347148767315,1.75617627285501,0.2139524618819392,0.9964979028136196,0.253075647346121,5.105005206621962,0.6301257474997491,9.807985720644782,1.321496803454063,1.465239073773276,0.3578325537040528,3.9836462410570435,1.026106416536382,2.060507801794454,1.3087547720717974,1.626975737443606,1.0331963029202045
201587,Nicolas Batum,20.73043569635525,5.349700181172496,1.1909846990129629,3.475841495457192,0.4690964318492886,1.5021193822742185,0.3979696292152863,0.7403020396001556,0.1357271117778128,0.4582693896653333,0.1229942139919742,0.6397941503066834,0.1944947839190872,1.833817431469566,0.2185918697447297,4.20201753433811,0.7289098674867185,1.3127306416354207,0.2255378133263045,3.37690692548924,0.6733503362063409,0.49250161316822155,0.589722822444804,0.36933467659794317,0.3808357998950102
201935,James Harden,35.09332901551734,19.282674686363663,2.3090770892611983,6.278227025850598,0.7763894272211814,11.364606298035769,1.0063134752219518,1.1347784394196103,0.2124250406800719,0.549313313020492,0.1918405285843318,3.4007591006217024,0.3817209406290672,5.781076312337342,0.6463371326106628,13.283549425642828,1.867959682550681,2.3296288245179446,0.5066730620366474,6.377771752983563,1.510457612110337,6.260008287222798,2.5871744003143826,5.390893237171034,2.642677177817506
201939,Stephen Curry,31.78774801587301,25.3694278456366,3.0241281764196883,5.205873836440381,0.6941950294226029,5.683257605704128,0.6947567163501265,0.9918967804723948,0.1958888998899955,0.3014626405916676,0.1642298353316032,2.8286768807229543,0.3453270494449147,8.513589328712538,1.1066931788742238,17.750674792171946,2.8311055054987264,4.2522162029589845,1.0148897599318312,10.319454540453975,2.61159890121151,4.569475361388919,2.0572382028249936,4.090032985252541,2.181855963251492
201942,DeMar DeRozan,34.15945339645081,21.554077228462795,2.335599565788885,4.281141523075802,0.6970390232413802,5.1018362239030886,0.7236298410772916,0.9578377453885653,0.2039369490271005,0.3330323493366855,0.1792963929650576,2.103591238503042,0.3375383145776395,7.791300539250142,1.027376991396578,15.526807857053072,2.3093758696253026,0.5205039020028632,0.0991685950168957,1.5492439372745157,0.3393013054828185,6.303010787288424,2.40686740739428,5.450972247959649,2.749775153034867
201950,Jrue Holiday,30.794292942069312,16.272743862168134,2.0300318815742915,4.475599693847698,0.6798165707002605,6.981156361456056,0.7498637306800882,1.2647105143304118,0.2017842271174964,0.4258754321090941,0.1734690628349973,2.45928206856791,0.3363483353384379,6.236471550327352,0.6597614717231898,12.885786853858606,1.645928430665454,1.9230970676586339,0.420052447376279,4.983350270476037,1.200507275700358,2.288130109862348,1.647410490395269,1.8767036938547978,1.1459047853448672
201988,Patty Mills,15.890533769063184,6.206515540406499,1.0219929992221903,1.0138961727629716,0.3171887854334887,1.418648030435995,0.3285323714318832,0.4030445111963875,0.0989050597678958,0.0859975492412059,0.080807996213806,0.6493008260595198,0.1603872669975888,2.1665283984891888,0.2790679276620515,5.192284398970759,0.8054357341039924,1.3589418907959248,0.2659860391268997,3.6090986193206707,0.726461081064173,0.638309710788808,0.5992809076809529,0.5145168526321965,0.4146260783155817
202331,Paul George,32.754180747567844,21.825021162486564,2.451904446267401,5.716147854488606,0.7677036005222836,4.765117239224815,0.7106567574012277,1.3931031179194602,0.2295490089035878,0.337824539557949,0.1802340197171921,3.208390582915045,0.3881385535967956,7.572697214357799,0.7941250792287302,16.6978063940559,1.9574150181791743,2.635624915932008,0.5324901608869306,7.096352448441866,1.5070053054385637,4.739430592853061,2.2053173916499462,4.044001817838959,2.101531698388281
202685,Jonas Valančiūnas,25.47887643053425,14.068949668765152,1.666774085888876,10.16871891326493,0.7273131109027021,1.921169122821036,0.4806639490856059,0.4047346815269618,0.1393497339319846,0.6534959426217238,0.148154161070878,1.7584907980935347,0.269547405658102,5.610170708082889,0.5928414207063881,10.305414421937941,1.0491858394235396,0.49081818876659145,0.1162780157736734,1.3817867393772933,0.331085761183618,2.9020104723648013,1.5672606922931882,2.3577900638327813,1.3025283720044694
202692,Alec Burks,22.862328338742905,11.159281574170569,1.5569942055531585,3.500235060318246,0.5198515904008373,2.520872392128969,0.4796986721949134,0.7539918027036838,0.1505063954085522,0.2039800936109387,0.1236770867774526,1.0846503503092184,0.2366664735564859,3.4379778442408218,0.3795889035003983,8.070460449917686,1.0538060167019114,1.7474258669190135,0.3192442135297285,4.340031587655508,0.8343493279938149,3.130598422290979,1.4148425202286423,2.5359000187699117,1.394954576871034
202696,Nikola Vučević,32.07712016720703,16.63738818231314,2.0824306184608266,10.249869087100492,0.8237734340295702,3.175788126916548,0.6144362367608226,0.7292331568558752,0.1859578602864632,0.6318354000159118,0.1765326550831559,1.5709966398630804,0.3117712421244892,6.872989144507866,0.7361748408051217,13.696924914678528,1.6428247071581954,1.4617460367236828,0.3274285107929884,4.120292819176113,1.0216862392742172,1.7558562189361433,1.4103486387472892,1.4296638565737234,1.0154714446455535
202699,Tobias Harris,32.702807681742726,14.760016583399274,2.072195065171771,5.756955388153044,0.7170831851453682,2.67631238162095,0.6171463183159578,0.7939407452069254,0.1880580935785652,0.5504601193900148,0.1796057036642067,1.3279723874100635,0.3109852743917488,5.763533059634077,0.5398209961142413,11.63288903224537,1.206892430144192,1.5238460669335174,0.2723695419926238,3.9958236236617966,0.7273026718665941,2.021577586707713,1.465761993166936,1.709104397197602,1.1952976012237295
202704,Reggie Jackson,22.542942945903963,9.326751702074942,1.4001625236376396,2.2116111503750635,0.4804948506354338,3.246081275592005,0.4936810513635294,0.6015974307730707,0.1381791466138484,0.1288227364016281,0.1191497245019802,1.473462680217024,0.2361664176759801,3.532908750837888,0.3667800538685773,8.581937187887009,1.098182582131208,1.2972422442929463,0.2514280607500548,3.815570713771842,0.8250246035401512,1.1262719003859163,0.9370688661886456,0.963691956106221,0.7163225399440699
202710,Jimmy Butler III,31.690895327260456,20.31874395529461,2.1758312910626434,5.380032311429867,0.681451054315653,5.098681845892044,0.7016002381136665,1.5314571442925704,0.2177721105652914,0.3298531007627955,0.1689060190913779,1.6776245272068713,0.3106722872773457,6.6400947112013045,0.726364180203453,12.760294726110084,1.3657374274605587,0.4864638354431399,0.0820674676791946,1.4738944094342628,0.2820530488386335,7.7279937780523715,3.335584915793784,6.552090697448864,2.635188967635946
202711,Bojan Bogdanović,29.388657168590846,17.375523928697337,2.004253054139832,3.4456849131092624,0.6180085221089632,1.841722312461728,0.5379750771607994,0.5417506439478816,0.1655916493320872,0.1077109585452523,0.1480643791187268,1.7532931417089064,0.2893384191826343,5.85966847294576,0.556978366615621,12.338851155011907,1.303083396989016,2.1422213413251456,0.3498220895262762,5.389225935827746,0.9636625531266952,4.070067391867143,2.035941888375893,3.5139656414806697,1.7922586797084412
203076,Anthony Davis,33.50563492063492,24.957954547540616,2.4608926081220046,11.49222938766927,0.9866350922164828,2.734893288894362,0.6350497535301232,1.0713011656016789,0.211409989352561,1.85380899249121,0.2471535908777366,1.9916347647625328,0.3354726876161223,9.436199782483245,0.9934292539994471,17.23678939017391,1.640622951635636,0.3628739360953556,0.0753821095798021,1.238752691797788,0.3193148941515967,7.407557354991037,3.01765376125749,5.72268104647877,2.4955960300288407
203078,Bradley Beal,33.659333333333336,21.39215530865831,2.4529983794171515,4.087423146069854,0.7072473219356004,5.024476129869895,0.7488407497292087,0.9623151601857328,0.1954902800900736,0.5121925013770806,0.1862308144171139,2.9557192018958176,0.3716183414132643,8.074979701857128,0.7965832527584118,16.427615219915452,1.774487115120552,1.4726079026457208,0.2911774424820445,4.172998630909893,0.9328233715932784,4.506818624363504,2.636079954084543,3.769588002298333,1.7809074963861713
203081,Damian Lillard,34.992207925887804,27.585576372082937,2.7937442750117896,4.273199871579025,0.7590703107011211,6.830791132945824,0.8495763696010133,0.8443521065963434,0.2101430225159462,0.3000403417431965,0.1838457339082504,2.688500641943876,0.3800682610813413,8.32221922500333,1.0214079482668668,18.292374735335226,2.725260931763979,3.6521325038172052,0.8290979286591542,9.929006385058075,2.414575996310248,8.11120601807249,3.111990034735725,7.28900541825907,3.1997641122952247
203083,Andre Drummond,17.100477561762165,7.472929406657245,1.1383036842707324,8.344712225715273,0.654042926640046,1.131846821826478,0.3279230838640042,0.7576964825179111,0.1293909398928725,0.5959664386375285,0.1169231950291787,1.4823075713199352,0.2052824221663571,3.124017368039986,0.4247612517239116,5.585949013566241,0.7541433011253943,0.0,0.0003775899960088,0.0,0.0141519629420842,2.047304856459659,1.0594626788077963,1.2248946705772732,0.6740059714210661
203084,Harrison Barnes,32.2206916212467,14.63390446944672,1.984548462104396,4.542756731128718,0.6851007225319243,1.8514426227266376,0.58624640850442,0.6772387988714684,0.1800711124491542,0.163637801160428,0.1617567237390909,1.149086231099239,0.2953448053659959,4.5083408975227615,0.4505121126079444,9.530837620281172,1.0063368180685903,1.5855724770689144,0.2608927756998573,4.208007969209618,0.7029439901143284,4.832818547490539,2.0425426244288563,4.031650197332283,2.1812814760532246
203110,Draymond Green,29.144018642994222,7.357661319068541,1.6876762372654304,6.723875119377647,0.6941872758771502,6.6285767709082775,0.7165204477082135,1.0507481957351734,0.1833215559207412,0.7703482617209813,0.1776070462389981,2.4745537376317106,0.3231278554124276,2.9522259189233457,0.3233225238488827,5.75862787452848,0.670191316369004,0.46606824556748805,0.09373863588379,1.4574010958738912,0.3280660519258382,1.3434656451151576,1.1715488360574602,0.9871412356543611,0.7544863253844905
203114,Khris Middleton,25.97555258467024,15.645353278240712,1.8689989748064275,4.353683586262326,0.6086670320970063,4.76395924225491,0.6517732985203153,0.7650616821837273,0.158940430933565,0.1839940682800842,0.1334011766959891,1.971640136481456,0.2766432135987903,5.5318613655309194,0.6269369482653461,12.409903750427826,1.4933431551814642,1.7162775851842156,0.3385875353435915,4.900763356947371,0.9930564015753484,3.3103894680440757,1.7746133426083088,2.8653529619946565,1.4747581458053272
203200,Justin Holiday,16.311814093105852,4.658089212740266,0.9451241014530752,1.459021025271756,0.3295766439503754,0.866025096529793,0.3026837227719807,0.4934377697574002,0.1060897409088125,0.3069746671443091,0.0933570081703015,0.4743892024799398,0.1531821301482546,1.68474442878415,0.1987320309631489,4.260093677618196,0.6334364003575312,1.06886704043712,0.1803897218577422,3.0722075291775908,0.5680600353210365,0.28490545237359655,0.4698198834544528,0.21973331473484595,0.2240044525850339
203468,CJ McCollum,34.105310582195955,19.849483965291444,2.3138074281857333,3.996790554428266,0.6963927144671743,5.815479695104103,0.7540724665852037,1.0239647626143722,0.2091080634654656,0.4186049545922976,0.1815349187753956,1.76516461328725,0.3386505461510769,7.528906730494376,0.831951191753595,16.8967140534085,2.099567329161217,2.6854688583985933,0.5662357629063336,6.9408554167636884,1.5423375448545245,2.7943187786193633,1.8804103604277893,2.106201645904099,1.25789961034475
203471,Dennis Schröder,29.13806276129465,11.74476837427486,1.90586275299702,2.663051874750073,0.6099000114906536,5.046124890796602,0.6961735383234359,0.8481280353796576,0.18146418207931,0.1631981333368358,0.155875181660113,2.054781661258108,0.3161052536132891,3.9756183841568724,0.397247564317945,9.361665558554122,1.0860213241151462,1.070427929901853,0.1987779412036598,3.1611479286444397,0.6707505850407084,3.231196100496437,1.6666666332400313,2.7231036760592624,1.583163207315074
203482,Kelly Olynyk,25.803073499856445,11.448438682267474,1.6314484229462425,5.756551696487111,0.6216963062885589,3.393454154456702,0.5415952295877888,0.8257440456732652,0.1673451898515392,0.4618479168273835,0.1470801177736474,1.872237834059512,0.2849973609621215,3.8510404927837874,0.3989462876583106,7.892350460301321,0.9261505369839856,1.3161555058438006,0.2618353770102912,3.5331478516196446,0.7442068776195391,2.928203577978451,1.4769611402124554,2.430202190856098,1.4124156575850737
203484,Kentavious Caldwell-Pope,30.2702618826578,10.417333160356293,1.833966553213862,2.744397260283621,0.6137246694897267,2.2710623472532343,0.5715571813998983,1.2013259289902751,0.1922667904835698,0.3978196994073588,0.1669824285019145,1.0847196761621554,0.2864748298885261,3.6819964945145474,0.3863209244517807,8.116461495459061,0.99057578502314,1.706454379986705,0.2831863677539442,4.198942210386876,0.7416693748824785,1.6343511844053475,1.173593163298032,1.3468857913404928,1.060376698170062
203486,Mason Plumlee,23.371162982536823,8.04196516955948,1.4187696582570697,7.909633148648473,0.6344525432449589,2.700054942321526,0.4812594841301019,0.6087194060762299,0.1431426246260357,0.5620241230411759,0.1377492861841468,1.3513261442781497,0.2379919021078177,3.123997942816548,0.4179522453159225,4.767000412381238,0.7087599929493058,0.0,0.0001172776061484,0.0,0.0040751830542904,2.8136193972811023,1.5178027590658882,1.7939692839263843,0.9560175255400896
203497,Rudy Gobert,30.13595268581184,13.487754771353671,1.9139054361412533,11.858471934467248,0.8918122349707306,1.1939554285216976,0.5483353319814044,0.6643813474558043,0.1742020688125358,1.5467028551711473,0.2080208070067879,1.6017124916795271,0.307627349086088,5.085790687873594,0.6884177976831997,7.805329959595699,1.0015474809750298,0.0,0.000407574364577,0.0,0.0128462653668253,4.952884367359056,2.4330498297105114,3.3161733956064836,1.539335123052784
203501,Tim Hardaway Jr.,29.132736418511065,13.694728794476353,1.8695590932209385,3.323250809665913,0.6130910032935993,1.9571061038883977,0.5449983579132488,0.7009214109603168,0.1756938615923943,0.1667673136884044,0.1521486165738756,0.9675633203403656,0.2816564318604001,4.62584209973425,0.5564174044969028,11.300347222049057,1.6193925315489932,2.7302946406187694,0.5112496391621825,7.226741465655001,1.4052024483694692,2.2097144483244238,1.326924620996036,1.7127499543890836,1.1828570205385744
203507,Giannis Antetokounmpo,32.37751717602464,30.73671829999805,2.674154857107141,11.198536068691906,0.9029369806961344,5.791413928215392,0.7160956551759085,0.92043337009266,0.1995243908066945,0.8711135207386234,0.1914439816773118,3.564175737100374,0.378418288298673,10.99649900816797,1.269745204742914,19.969271697323144,1.8001308721611209,0.8512898412967381,0.1814352213875895,2.8384105448020804,0.6309488421424897,11.74642885605534,4.38550296594841,7.892430442365373,2.839859126599081
203552,Seth Curry,23.98720517295473,11.109349781603465,1.5939898056695847,1.9433871571258767,0.4802482862154903,2.326145899888471,0.4918828093916742,0.6533123287740457,0.1473403703503058,0.14493883482477,0.1243709742026178,1.1181371382210497,0.240722115426188,4.131153524614905,0.5269069819678621,8.753514514092297,1.1397328660294503,1.8562453878807121,0.3625062375012237,4.556794660266965,0.8409546938151695,1.161867707683954,0.9092764529018308,0.9907973444929428,0.7949470680551285
203897,Zach LaVine,35.61589054280768,24.549887487216488,2.547936566745779,4.35103499421814,0.7482351546017352,4.902511359563899,0.7542945506054276,0.891884851324744,0.2094891103352319,0.2992822805353344,0.1884429938952501,2.64465277273839,0.373318404932371,8.621468003301539,0.8765506875710217,17.80565981860345,1.854654645947425,2.688875511979275,0.5155435863191076,7.082128206008088,1.393036246542191,5.491974266142966,2.3764185219447205,4.618075968634134,2.414053476804377
203903,Jordan Clarkson,30.07181536320691,18.30305558703722,1.9922627008166265,3.719199889955153,0.6226957013078703,3.841987287247608,0.6155612682701085,0.7609986577901545,0.1791877397912012,0.2123044688491221,0.1539007101088721,2.249802297011548,0.3098647726473597,6.632730277383629,0.7126120353662082,15.14017274649577,1.872500525307651,2.415091877572182,0.4908860674636117,7.169388374096285,1.5791575020709878,3.218615533372572,2.0124237918172465,2.622503154697781,1.3685249851358914
203914,Gary Harris,25.977245915773743,9.055629496080812,1.5829846506205296,2.071116764989142,0.5193776350774834,1.607326011401071,0.4815228111062307,0.9585189677192566,0.1734442817403819,0.2154459230454767,0.137203158367963,0.8303820612667429,0.2477329192988138,3.171995864401801,0.3247431241529431,7.203883545653533,0.8380464999393843,1.8422290890578346,0.2968488185737968,4.600481793460892,0.7149474770182275,1.054293537409564,0.8758104803023247,0.8694086782193753,0.7710777044364241
203915,Spencer Dinwiddie,32.806745605728665,15.320772757010293,2.0317564653577143,3.4753469737525826,0.6756123136036235,6.59612959786166,0.7406270427109666,0.8088169807402071,0.1906899909832752,0.2645705607823683,0.1712351203354625,1.886700938695017,0.334374599902887,5.139762831880509,0.5980633268281295,11.812821475805862,1.6627266238765075,1.9977382976987723,0.4583359840742504,5.492108666211164,1.369310350305306,3.795119255876479,2.047193942930332,3.043508795550503,1.6647411948326127
203924,Jerami Grant,34.43604750647304,20.38299050129012,2.3914740838027253,4.2920760706519125,0.7424437575069155,2.469657120543217,0.6557634556293374,0.8457166872342936,0.2065199226919032,0.8313855566562975,0.203593611673136,1.835376212800489,0.3434193244163317,6.826675245558013,0.6907419259301679,14.769811056730315,1.534723612202348,2.20664131604089,0.3906775428338129,5.72920890143515,0.9960157538351924,5.552890313446924,2.30620813751115,4.522998694133205,2.3588343918559733
203926,Doug McDermott,20.77160873440285,10.611504862857592,1.4571848245003494,2.18272800969529,0.4463494759286908,1.3213928252807798,0.4103619389862735,0.3040636529243828,0.1223622194507499,0.1110144541983588,0.1121574640301723,0.8448808885867826,0.2155117895044556,3.930404785755703,0.4326842559387944,8.421596265688237,1.0001206689133428,1.9011365100633029,0.3851634367250576,4.7104246858199605,0.909268870566942,1.0974922600248627,0.8222538781207243,0.8495587812828822,0.6575987978833099
203932,Aaron Gordon,29.85714161220043,14.897699555503475,1.9174101543147244,6.019408713290255,0.6935969038203758,2.7824336092413904,0.5593798716434057,0.6935149768001071,0.1748543767266052,0.6252790031806763,0.1702151598117114,1.4764149197606966,0.2917395316072355,5.737577369347536,0.61064546068615,10.679528055829513,0.9987514646399362,0.9419413939580249,0.1702519159599585,2.723400370439263,0.5266883426760787,3.775649944405225,2.023251312929223,2.4806034228503786,1.284456421449828
203935,Marcus Smart,31.95840481413068,10.96706430281358,1.887538322533536,3.336778105894869,0.6440996955054825,6.058225784044864,0.7431543982089654,1.4885433126454255,0.2072958703257514,0.3818718376689607,0.1706344068317767,2.0499446106405523,0.3236192224273984,3.8519758540812363,0.4274117331450551,9.211106679252783,1.2565663256032558,1.7148189588414473,0.3292963835993553,5.072418849668872,1.0701166608003734,2.0163285113107534,1.533751895213456,1.548293635809659,1.026421674940308
203937,Kyle Anderson,26.601159420289854,8.980732406964417,1.6187622637621866,5.2443745884661865,0.6118837721237244,4.297533498902447,0.6086847104956654,1.047645177336593,0.176554648382512,0.7446240862085456,0.1625503973644906,1.2866919125887586,0.2649790727237769,3.4804181238136858,0.3560519969668259,7.11665973808063,0.7467951675989523,0.6529312555099158,0.1075212659363777,1.7282330793170386,0.2950215059798494,1.8419461401574841,1.4057558582400838,1.3669649038271299,0.8425990421276957
203939,Dwight Powell,18.6398304634589,6.713256582566916,1.1573939334820127,3.990269944784625,0.4586795130246401,0.989795297727925,0.3598429173823018,0.5134207714506054,0.1189022509667666,0.3255149865423567,0.1055832856068299,0.8192613116341837,0.1933556428941775,2.5722973110189513,0.341543134679636,3.8480592982685375,0.4783120942554891,0.03833622837939527,0.0082317017373919,0.11408033501564019,0.0351208629425891,2.1208466419465064,1.1629181099560926,1.530325732149618,0.8375940007481649
203944,Julius Randle,35.716511188342174,22.733093781316416,2.384626018519372,9.676179665964938,0.8727788906502281,4.45441345879407,0.7304563231295373,0.7751211102475376,0.2025605609937986,0.336878087673198,0.1835062327833131,2.8991091560891946,0.3699598816362126,7.8044288507939505,0.7738163723423176,17.318556508239773,1.911132313287067,2.4069380890109056,0.4496396941570076,6.992868290193201,1.3932395912188886,6.178707606032238,2.744812431110704,4.7172979907176105,2.254510104321621
203952,Andrew Wiggins,32.226652622137856,16.62058967769404,2.210981601206115,4.746415134930733,0.7100501139321465,2.2630690024469367,0.6079311226556098,0.9625408952322696,0.1991258179433249,0.7422979198951557,0.1936880420813608,1.5141847243819735,0.3130905682687816,6.457397957495549,0.631423747781695,13.721032427795047,1.491925378754881,2.181867970589156,0.4062392995376103,5.63018833933415,1.090416989246364,2.2296959309095934,1.595852982327076,1.5239257921137865,0.9863506271797512
203954,Joel Embiid,33.82320855614974,30.66616565190616,2.801028011859548,10.306028876102488,0.8856906544347307,3.9048578971862593,0.6979131218993707,0.9884520566957484,0.2061605035754263,1.4063945278891177,0.2198922532498949,3.207307528470653,0.373659186243392,10.110697340947908,1.00920514205905,18.9936492129519,1.7912128111295624,1.038544241066508,0.2220980145962983,2.995467975963751,0.657138061251283,11.149159142284251,3.422376359697843,9.406226728943832,3.857622823501154
203991,Clint Capela,26.86392502392502,12.195611323655529,1.7109023566674024,11.187707302313594,0.8097495033278951,0.9455597225156896,0.4760397280712826,0.6926721201430254,0.1658709716895453,1.2189258688795883,0.1819079562372335,0.956983064646466,0.2541975912358128,5.459436595378528,0.7369873001092309,8.780258522956316,1.0564637048338414,0.0,0.0001372045824548,0.0,0.0040183472259111,2.0357944296889063,1.4612540193317067,1.276738132898473,0.7708649985649773
203992,Bogdan Bogdanović,27.825750360750355,14.185944867374117,1.897825345870592,3.203841738804762,0.5945468369779456,2.9876427516740134,0.5787581595577184,0.9012064254333706,0.1806080445807253,0.2734476083804724,0.1522339297243941,1.2265019515368365,0.2771398818793337,5.131303917713177,0.5931540573353532,11.497197957200376,1.480913277991088,2.700943707475018,0.5204091433233136,6.8469450183752265,1.3009169570593846,1.4998736842817684,1.0913126634938544,1.2223933244727438,0.9533503119618412
203999,Nikola Jokić,33.709766288027154,24.06592512218539,2.441448085009574,12.659761964778395,0.994573175843573,8.629463794142659,0.9311849275228948,1.1709387617521358,0.2179800116750967,0.7429319467414193,0.2015667308204922,3.18793950995036,0.3838533277759117,9.202409863086492,0.972533466315652,15.183726901036941,1.5486324320351137,0.9271422067168245,0.2014730213066234,2.5215930727663802,0.5583338141816684,5.7845776850521,2.795230287024064,4.733963189295582,2.162435845119778
204001,Kristaps Porziņģis,31.092590410045943,20.939892011295417,2.2033160086225623,7.969572119449083,0.7896054630427828,2.334867303456792,0.58195630116753,0.7887450451192057,0.1864897152947676,1.4763045441921807,0.2240529997262102,1.6955219089888132,0.3071453830795849,7.125651488989137,0.7343604385615091,14.701075161795638,1.645666049765654,1.8465069173907367,0.4136019419632089,5.073525147207545,1.1951065583925284,5.718579411996242,2.228845757988021,4.842082115926406,2.41634076902009
204060,Joe Ingles,20.82758165693273,6.334606807433024,1.3018559204143971,2.3615015460168416,0.4507303809285309,3.300174101069498,0.5008549894473107,0.5259313533707742,0.1305270904236616,0.1112007090767304,0.1069664273811369,1.1538008784974338,0.2259613019549162,2.171052953735111,0.2950826055329058,4.903291561570541,0.866924174911002,1.5886525780313685,0.314040352474173,4.015467784475633,0.830832564863659,0.5045631689913176,0.6058439818046245,0.4038483219314344,0.4080368531885773
204456,T.J. McConnell,20.84319484702093,8.291736059284268,1.3156399391462497,2.9894495801304206,0.4797344329299485,5.526287339715213,0.5832144000750654,1.068741394206032,0.1592694527920369,0.197720513078128,0.1152851393605472,1.6644148696761063,0.2422490731856155,3.634087319648786,0.4022520670104031,6.851764191601895,0.7348142063267241,0.3202961032555708,0.0630030997963619,0.8314320510700162,0.1620891793253756,0.8697098554198265,1.0617342983517803,0.7032653167311252,0.4458318552724844
1626145,Tyus Jones,22.95722847358121,10.23877076612446,1.4189980120049608,2.4042927216840173,0.4623502591511373,5.361858111981418,0.6009642257408421,0.952655901199754,0.1552651473277305,0.0931526414918508,0.1175050906555875,0.924292337773397,0.2195714837428453,3.9140086696723797,0.4256707405175425,8.86627598303584,0.9555276560624196,1.4396277422091492,0.2769316535443757,3.895097680012741,0.7059750321672867,1.217605410786382,0.8645055224792887,0.9711256845705519,0.7836987957766337
1626153,Delon Wright,23.47848933782268,6.734494809721804,1.414521354833961,3.453807871618286,0.530718500642197,3.609603020047475,0.5329326088515174,1.417383836528196,0.1946665450046597,0.3173867590454737,0.1305413329538217,0.964950812702786,0.2324995571044258,2.4991284125561624,0.2628809374623173,5.347703831289587,0.6462656229390888,0.7437224702910165,0.1486345615391379,2.0812111075859847,0.4576722399052355,1.211997715338931,0.9585661842701076,0.9925155143184626,0.7487924581519361
1626156,D'Angelo Russell,32.03845908993989,17.459746970290478,2.0963089157454573,3.153126176261734,0.6456277513279185,6.119945053272317,0.7223417306718318,0.9796907884636964,0.1956222633292202,0.3937509955972622,0.1691614216339692,2.55534812793124,0.33467571523023,6.12757256418881,0.7466595714469453,13.32466017800403,1.861682865977472,2.6712177464641726,0.5811551648706462,6.927053703410334,1.5227521656065808,3.096465960324904,1.8074255330314315,2.5333840954486857,1.4877642215885656
1626157,Karl-Anthony Towns,33.167189189189195,22.205115391340613,2.514918376592161,9.256877990426176,0.9145899088013576,4.003249900119556,0.7383867463453403,0.8321997808478299,0.1983899675480157,0.9455783487379912,0.210713517288359,2.8487958041607047,0.3801887281392007,7.8031428714173865,0.8230521952640364,15.549681698244088,1.6619355276106151,2.0767991042411706,0.4384544156209299,5.499572356830019,1.156878462777423,5.400467382296382,2.2084294162032747,4.522030544264669,2.367280322268696
1626162,Kelly Oubre Jr.,30.91711722488038,16.622717132600577,2.122770645517712,4.950055403018432,0.6843407687854101,1.1844389068083836,0.5613304038127437,1.1213140808902895,0.2012103374620273,0.4945879284791724,0.1785648206308214,1.1787504353985918,0.2978431571696402,6.043197651924581,0.5723965839182512,13.88194109514454,1.427770900895509,2.0544265290826416,0.3224213861775062,6.220198086331053,1.106304118052957,3.328071616860791,1.974783435896396,2.4818952996687735,1.3365379015957144
1626164,Devin Booker,34.52096758162572,26.838815781221143,2.511352085215612,4.587626687565312,0.7249319276492298,5.45108025260655,0.7388445905573164,0.9448572300922576,0.2009847759340548,0.3150672435630451,0.1798494454752202,3.0782086090079863,0.3846350892894005,9.66233582744228,1.059568943203568,19.921303843331767,2.106594215713126,2.172051308408177,0.4327766155931251,6.058788469450277,1.2249938211675713,6.297257435378668,2.7185275548973338,5.342092817928403,2.5152557343216806
1626166,Cameron Payne,20.34064655172413,9.8218943012742,1.3199321383431082,2.5024657425576446,0.4473563544041228,4.377569640361995,0.5481454443111231,0.6792021862197309,0.1409915777286205,0.2516903180349288,0.1146579003071285,1.4928597627254503,0.2366386076867419,3.7472901269226315,0.4388981950944371,8.851333640754182,1.1097858688542095,1.3043271457742085,0.2982243410896378,3.5695807059755307,0.8403170917291363,1.297493962600992,0.9607715237430504,1.0229869016547288,0.6869349394090426
1626167,Myles Turner,29.57185835212602,17.698015906997718,2.061833027165347,7.380773003929355,0.725064302880646,1.472975346504036,0.545172122409165,0.6648226442133645,0.1780237950581938,2.211026778759709,0.2772026644987319,1.5973117396730534,0.3075589336891872,6.3965175065711986,0.6921998591009751,12.028993612766747,1.1710489020759451,1.582569842805759,0.3367517418767574,4.361561137756767,0.8534085294701415,4.261403677300174,1.982835259322244,3.3224110510495604,1.7320015517360787
1626168,Trey Lyles,18.31729944848359,8.638771345048484,1.184315724978273,4.3206609806744805,0.4494420098916302,0.9895661808510108,0.3352238771773471,0.4285375029037753,0.1124100702307652,0.370124696502871,0.1094021745378197,0.8483795999200072,0.1831868344546065,2.881713575189708,0.3360726529559751,6.24281370903916,0.7205995972460475,1.0929875395746587,0.2104724719748698,3.114560108992036,0.5663475638909302,2.2259619407911653,1.007504477771598,1.7823566550944092,1.0665551273931595
1626171,Bobby Portis,25.879264069264067,14.192294085090223,1.7679070161289612,9.02508797187788,0.7563231504131959,1.3865539598777867,0.4855481617698917,0.5832363260197634,0.1585497102185019,0.3798092597157697,0.1447216805264587,1.1230484131467726,0.2555895191607252,5.714952435072194,0.561383343281957,11.619714020670418,1.0765097972423257,1.4607799995324162,0.2398042082365905,3.8653592585260355,0.6055576463967045,1.6936066006909407,1.246657704134648,1.3016092154134196,0.8606856762718592
1626172,Kevon Looney,22.85327868852459,7.034850630666915,1.358664991621945,8.471164242189255,0.6458418179489811,2.474911864110473,0.4698382268280214,0.6295756777363452,0.137503081041937,0.5684236715761577,0.1358453262668863,0.6746200520544436,0.2152427356998602,2.956168513327538,0.4208172527706642,4.983038817549684,0.5793441214900953,0.005556440554546505,0.0013986513721908,0.01583935781643698,0.0111669430931651,1.702245849558804,1.129182190551058,1.1169571634572912,0.7249782946199228
1626179,Terry Rozier,34.59993325581176,19.234999124704785,2.333596661552587,4.112315115935391,0.7177219165983038,4.978636418760351,0.7394419583673032,1.1965867348187258,0.2198052054757376,0.3263801574384631,0.1822847880285655,1.7782636684198796,0.3321317683730997,7.1063303129779865,0.7231637405275281,16.694582902133764,1.837888563460705,2.5881046576332136,0.4581659862942519,7.495930286164184,1.4487464664953675,3.007336845791028,1.9853886977335844,2.434233841115601,1.4121009219205325
1626181,Norman Powell,28.444451764016986,18.051203314971826,2.024335730050717,2.895582446619941,0.5927610399992729,2.0552278000278226,0.5418630504256672,0.9168331595071376,0.1823004967830647,0.3020435492125226,0.1537482708303077,1.6330353787786651,0.2875903608925026,6.029112276737428,0.6116641259824098,12.744952983100212,1.238893800571706,2.141660049044361,0.3660850510658725,5.380922759293422,0.8643643251854567,4.729506659484002,2.10208032100008,3.851318712452609,1.8856310243833976
1626192,Pat Connaughton,23.48962004495861,7.504750985426501,1.4283842186928892,4.259248161444102,0.5466314487187736,1.2589747575732682,0.435114730510481,0.7024612930232567,0.145718583266162,0.2585282822081292,0.1273741348156511,0.5819966224699344,0.2211788012233554,2.6565831046916815,0.3192840082551965,6.384821728320782,0.9546892005286732,1.7289972488062704,0.3050539747500854,4.874828027631485,0.9190273571434728,0.6172241170019163,0.7376225894690099,0.462587527236868,0.4367655582314379
1626196,Josh Richardson,23.72941123273164,9.07138496405082,1.4451296545182917,2.6502761020944203,0.491840498028459,2.425256194543697,0.4719403145803437,0.9066572841620488,0.1554199690852243,0.3378473195955445,0.1293373307408335,1.1763993564722368,0.2348709829449546,3.2893910092904983,0.3745223167514367,7.5745008407204155,1.070186731299776,1.4422459162738095,0.2881798227818499,3.8826714966033684,0.8665966454640925,1.248798642001955,1.0215045461229708,1.0503570291960131,0.758821643642614
1626220,Royce O'Neale,31.02849075313123,8.68283513065981,1.8110286418274693,4.877529626906575,0.6823809829954411,3.530467804199389,0.6268321082136875,0.8969473188183258,0.1853234790021288,0.4247606819045064,0.1652073121250131,1.3263230924136755,0.2989295780404733,2.995178233751966,0.3699900820221545,7.344175828947868,0.9613564292928872,2.0354929877911365,0.3663046402106886,5.286123122869853,0.8891619267170556,0.8617569242768169,0.9564052794423088,0.6569856753647424,0.6304769742103448
1626224,Cedi Osman,21.071839459975056,9.8131633368751,1.330099843460923,2.4018422656057505,0.4340856347626184,1.8634514402376965,0.4078595750293941,0.5882300117815944,0.127226341697483,0.1542447248962345,0.1084829101782374,0.9545282723387742,0.2059140807776208,3.48739893723832,0.4047679061242729,7.91300772877373,0.9777179198993232,1.705677540309857,0.3506694986416145,4.716447918609472,0.9060710429945024,1.5646136309248393,0.941589000256024,1.1326879220886026,0.7945905557018296
1627734,Domantas Sabonis,34.57586301755029,19.14960972170251,2.3052432794615814,11.81647623833524,0.9334699903425628,7.077866574274204,0.8155832784545847,0.969854316698016,0.203410909596428,0.4557403875257289,0.1832634904001725,2.983882808880882,0.3564722806043848,7.300301284414925,0.8120855743384554,12.371504516677117,1.1824803033747402,0.4893005588574027,0.1102832303198403,1.3997985139548905,0.3236535703381293,5.448582968623202,2.6044263976233832,4.05970659401526,1.9644816470663196
1627736,Malik Beasley,25.89154889918884,12.376762677834389,1.6065683689369143,3.340459204076069,0.5392412533057932,1.6605435922010543,0.4736887110429402,0.7635575820343613,0.1609720100974748,0.1634638397567604,0.1341173742916185,0.989918763245102,0.2468649058894294,4.450617296533926,0.5545908920612206,11.154051934670521,1.6126904191820728,2.8416186368196747,0.5267491937472328,7.871248212829384,1.5127832649059807,0.8117429078030666,0.8720291788399582,0.6339094479468621,0.5627688181854839
1627741,Buddy Hield,30.94107394449103,16.09333252623558,2.0214567644794306,4.66279981015794,0.6783103402227715,3.0990330431133475,0.6106545321562722,0.9974396220150096,0.1878187253080089,0.3224988316096583,0.1645302370530443,1.826979782132939,0.3125473263138711,5.671310111842711,0.6943357426413238,12.941935153511771,1.785589072608683,3.4424731964490345,0.6645384442435798,8.586487653859237,1.6562110063514632,1.5878483911486894,1.266963754046743,1.3082391061011265,0.9843964348130626
1627742,Brandon Ingram,34.15698294419606,24.0725214548775,2.503210945012928,5.522032531969086,0.7645976492399865,5.895036166559408,0.7926037721147601,0.8007708144925415,0.2071975103615397,0.4529288663493788,0.1905473975387402,2.8488278895782257,0.3815075851613647,8.719330204543457,1.0432823800965736,18.326674017845168,1.993275377698008,1.5142543012497782,0.3141553765227287,4.072430627978059,0.8266452445252982,5.986679906633478,2.7901496582377034,5.119606744540808,2.3590859477799686
1627747,Caris LeVert,30.415237706384644,12.309636346737896,1.881820138172373,3.769793604454204,0.6386424143349911,4.002460820496924,0.6279629488975355,1.027748173454155,0.183813514402667,0.39411266511764,0.1682767739422248,1.7430170848293167,0.30478626224664,4.529048833933609,0.4352564608568311,10.348532825511793,1.270838269424342,1.4404592201271245,0.2819587488954749,3.9503443311086075,0.8787380852159411,2.41046384625832,1.5091377320807382,1.811079458743554,1.1702728671151963
1627749,Dejounte Murray,35.63379327527703,21.55989107331316,2.396708892630291,5.867530966735752,0.8028899215453849,7.092453169933373,0.8480628961879074,1.7261639885625204,0.2434367004555346,0.2681398589522885,0.1910419130416979,2.3997553776299165,0.368876982494161,8.71032064803038,0.9254590950604952,18.830931458364713,1.810308098323544,1.757095416851734,0.3273030715619727,5.138564384856797,0.9121049940051154,2.938060762019866,1.6792256757683504,2.382154360400665,1.60166980386376
1627750,Jamal Murray,33.182,19.69133386090008,2.327470071076976,3.976182288180514,0.7116898691736377,6.228685274559934,0.7578397809755545,1.073605185993386,0.2043559167441775,0.2797802673998727,0.1795620920548084,2.1027617045285933,0.3457152429565765,7.191268246744359,0.89287676653796,15.731924871475066,2.0513324510384203,2.596240629699682,0.6144040685302038,6.597769799100729,1.573207304514819,3.2979247806084766,1.889614642045156,2.71255673771168,1.5822639084870207
1627751,Jakob Poeltl,26.7846338193397,12.34224103881146,1.676799822987788,8.941427329462927,0.7403056058050252,2.628395182396037,0.5306039502799131,0.7364781500354284,0.1598343639910939,1.3406983024320445,0.1944651200520611,1.5809404648526608,0.2651767755695524,5.383234629996183,0.6294812580913534,8.725426023204927,0.8845122065186158,0.0018000976616664279,0.0005405094699674,0.005068546781051549,0.0036172748496023,2.5759817155316176,1.5870463886129609,1.5739716811574282,0.8939357666786618
1627752,Taurean Prince,20.83280015668167,8.877990261658608,1.3510754687476885,2.706251045746527,0.4701891239529405,1.3719895877213686,0.408313678541914,0.6075555882492535,0.137871229531084,0.3167678482107166,0.1199497018439998,1.1355312877968031,0.2211304914764369,3.148057533014364,0.3147783868246059,6.9193458394763,0.7246369996786978,1.3798114265043366,0.2206299693535968,3.6489883811303607,0.5799766726066679,1.4834474507283038,0.9676891812833626,1.2020637691255442,0.81765765473442
1627759,Jaylen Brown,35.31860057081364,25.47159804564642,2.513553678334412,6.35232297538001,0.7843871937371562,3.6622139080322538,0.6858755567928314,1.1544427602546814,0.2151429525386063,0.3683724852563797,0.1841110056791594,2.68048446629704,0.3586540775109711,9.632070373587286,0.9765449366572758,19.81924818537001,1.9659271565433305,2.448539348295295,0.4891679513145575,7.072171010177337,1.4363816225717894,4.909773043234324,2.36172480856086,3.7589179501765546,1.962603856513812
1627777,Georges Niang,19.180429599640124,7.785596382869906,1.2314042194633388,2.2989283955256705,0.4086330413027176,0.9977886122922583,0.3593405481391468,0.4037825038956038,0.1151445452729041,0.1551439859066338,0.1024245677038111,0.7295676387073147,0.1874029309569359,2.72172043265046,0.3265870512446147,6.150149349484842,0.8579627460604221,1.8536339210117065,0.3201406325062871,4.660008952086029,0.8143234195935748,0.5935756993881914,0.6052752367467732,0.48852159655727984,0.4591288714235068
1627783,Pascal Siakam,37.02674931944609,24.076613061935543,2.520946751399415,7.752220867794085,0.8403727021812869,5.258605108360205,0.7797766346745482,0.968892153563585,0.2186630904703961,0.5422014451663226,0.1984033150742876,2.5508138773578977,0.377871636680762,8.901282448264979,0.9168418051248908,18.55476874820989,1.7880213540312988,1.2876562917298922,0.2447401258844445,3.8927152469594657,0.7433344037647235,6.439947736358689,2.8994668401276584,4.986391873675694,2.3562682689184378
1627826,Ivica Zubac,27.08998538011696,11.398883077194832,1.6612737528937769,9.303222996888078,0.7525154384594948,1.3091030272781643,0.4850814283436541,0.477816496655128,0.1533527085140845,1.0377255602925524,0.1720293295566711,1.4831491888856445,0.2737081154897763,4.531581100083639,0.573497530219401,7.34742061262747,0.8138423557798822,0.0014528802174137623,0.0004288699768352,0.0041486519403252705,0.0071761126825106,3.225199901069862,1.6199549086959948,2.3342679968101407,1.3154462407561949
1627827,Dorian Finney-Smith,30.015147630147624,8.587791219469347,1.7466271102906588,4.481825331337023,0.6450795314022887,1.679838314725359,0.5454865672796623,0.8216344211335056,0.1758087023741415,0.4158245894426613,0.159672271588052,0.9570784318981158,0.2773872637863602,3.086903537051303,0.3409163468544009,7.478868890882615,0.944448848067022,1.7561411248152945,0.2871324856233903,5.007119329233287,0.832184164983927,0.8656706661692457,0.9884722158366688,0.6578430205514466,0.595659346832193
1627832,Fred VanVleet,36.66469899665552,19.65746313129408,2.452829041800994,4.05373060127492,0.7480201281113007,7.491591755682622,0.8639816429623892,1.6527328443707563,0.2458785798084505,0.5491110725156272,0.2037297231537405,2.211892167797654,0.373138242195473,6.471785634516569,0.7425318998756247,16.26872870137543,2.005640450949356,3.1866217153353755,0.6434253590698108,9.05790526532529,1.8234252984136865,4.041001513310474,2.12043835454295,3.5272701469255665,2.0344730084471774
1627884,Derrick Jones Jr.,15.56509148918188,5.529408110404322,0.9803307605813076,2.6778958265202024,0.3645121242372776,0.6834929370135622,0.2873337347672882,0.4779064249215472,0.1005986879135053,0.5092896124529911,0.1045433158729713,0.4897535715970206,0.1523453377171031,2.0072186479330685,0.2420928154823561,4.04867499145997,0.3853298144336657,0.4698501448783389,0.0741808671001644,1.3673490986044683,0.205909150347701,1.3837493819033986,0.7916522583269312,1.0451206696598467,0.6630846377473932
1627936,Alex Caruso,23.86689755595446,5.913879211717501,1.386543818441477,2.897864822952096,0.5059678708739536,3.274247150547032,0.501344814417198,1.31287456714096,0.1844391925566141,0.4470139770721016,0.1376684010494799,1.1948645155504334,0.2405215656250073,2.0506960794926745,0.2188296755739052,4.605743663180162,0.5642244192504526,0.861616963662565,0.1523423800873028,2.3820060911737952,0.4225383004612836,1.2111673136505647,0.9282706307175874,0.9508700890695871,0.7469633712044564
1628368,De'Aaron Fox,33.93300561235518,23.822636847038165,2.312829947758859,4.0267995254985385,0.6912993167206923,5.770589543698173,0.732321094890245,1.2622898340076305,0.2127557944877241,0.3746948636431614,0.1776294772038882,2.677918273491648,0.3455403280535946,8.88918971115839,0.95210554066005,17.76574867833787,1.8196438668458403,1.5200498758174732,0.3006353146314386,4.669132400652893,0.9686975495545354,5.876827260385244,2.652522996870728,4.524207548903911,2.140296548711188
1628369,Jayson Tatum,36.612264402560456,29.474720659329865,2.7225714433009736,8.40995740566802,0.8403084627691294,4.843144435312638,0.7460814802288416,1.1092668391619926,0.2168195276252328,0.5969542337857526,0.1974652532305604,2.713788209043105,0.3774723790722466,9.814861134989576,1.0200602917963355,21.207401169933245,2.237968410355629,3.2117642834568403,0.6565950225845418,9.079620617007144,1.8332047098432027,7.824357907362131,2.9312292984208903,6.633234105893875,3.0927238098383847
1628370,Malik Monk,23.35575301891092,13.022692750646533,1.5424857145500617,2.792599893662362,0.4852009867320568,3.763883731957045,0.5324511843089511,0.7133953554430976,0.148880053186537,0.2683934822455575,0.12581274225971,1.6827578484014698,0.2467330423808678,4.558043653038193,0.4940333586337077,10.047849275449266,1.1613305812329668,1.8912230219214836,0.3604606182082261,5.141722265043948,1.0095369169815538,2.3700974674807935,1.4379648037270782,2.015382422648664,1.112831911547229
1628374,Lauri Markkanen,32.83215423278104,23.74101081886493,2.309079474479008,7.481242410699537,0.7719591859589365,1.825449923271249,0.6102893603928248,0.6965056994793131,0.1856055656730968,0.4517091540076203,0.1768562262664963,1.56736395321555,0.3177706247647587,8.076779594059305,0.8423469315078321,16.54996726336905,1.5678704752592345,2.980068648491551,0.5397749937175987,7.769142707523038,1.3310946127540495,5.366296694518754,2.2146254516151136,4.607382982254769,2.391565840182316
1628378,Donovan Mitchell,35.15862971491046,27.09480208750109,2.619711128498028,4.199112359750661,0.7350398000602915,4.978010659715436,0.7363735289511002,1.3699729920164463,0.2228429175958214,0.2869133085665387,0.1847159816323624,2.826051099717908,0.3763099302659491,9.560809265222245,1.0039979502009098,20.22320069746453,2.316672752324392,3.4864373468081222,0.7665648323045209,9.230679197318889,2.0675381689368795,5.270981830917698,2.249910096463413,4.4867462102484765,2.411895526551388
1628379,Luke Kennard,22.788961707470182,9.77616929003368,1.455016974547758,2.7366018401568915,0.4669508314226574,1.8204356983388927,0.4248542309401824,0.5765811068385136,0.1379876134705023,0.1290332951550737,0.1154660785459565,0.8667828644429848,0.2150353587734472,3.3852732166601296,0.4219289366464747,7.039590616255026,0.9467927045083416,2.326570407305297,0.4342712964691384,4.968810619581394,0.8587741186523867,0.7908535168992853,0.7471959785904972,0.6790524494081229,0.6170235291863573
1628381,John Collins,30.10104329681794,14.547336292737688,1.9070830168290605,6.716425492417362,0.7266263627930526,1.4333998328405402,0.5399093525894009,0.610663912519127,0.1759794229871208,0.9900499856144598,0.1899900553981159,1.2467121206000291,0.2898616734674892,5.614202334329431,0.5599530034394152,10.955770898966922,0.9899392677828212,1.0871940788224286,0.1845676166713814,3.3706751548686653,0.568388943709474,2.793282862528626,1.5249109098903175,2.231737545256396,1.419301633980618
1628384,OG Anunoby,35.4698715723707,18.02471323883244,2.2624768330516805,5.122099490397213,0.7380027240729181,2.333164039094614,0.6618174452792766,1.593954676641261,0.2333212813492148,0.6157613658055779,0.1949712217804644,1.8638362748300088,0.343701597608963,6.743453145389428,0.6602507538784409,14.361305639555507,1.2531190262536236,2.35139340376006,0.3652720195051218,6.18609117222512,0.9070395487303492,2.6990948997247126,1.7036679960239571,2.1864135442935244,1.4487521731292228
1628386,Jarrett Allen,31.744045025417577,14.242346129114583,1.9294009172735669,9.81485371606058,0.8304090233573225,1.7710142220889036,0.5768780711432422,0.8144334882721579,0.1939453755492383,1.2287553851234,0.2051895383557332,1.5085819092859531,0.3045569427083268,5.802557243325074,0.7316083618658725,9.196317291071725,1.0104971514493135,0.029005552052811728,0.0064549679466396,0.08988093411922246,0.0373851368879719,3.5600476087582513,1.9612635107075096,2.608226090411623,1.4368340950020633
1628389,Bam Adebayo,34.114294642857146,20.03305837312417,2.3079825060294983,9.25755541312216,0.8482895308799704,3.464080975136527,0.6782923015937686,1.182743155493611,0.214429753796773,0.8485262373234417,0.1938468039009019,2.609182037120765,0.3574891492664463,7.821737956308787,0.8675820284427077,14.460681139944395,1.4523425063797435,0.012835143470691193,0.0032854765179598,0.0405797292261131,0.0372718820493755,5.513055381924506,2.5470051757716368,4.376747317035905,2.1293045136251925
1628392,Isaiah Hartenstein,17.970959440274285,5.59715697282347,1.0437235450780369,5.675532658541145,0.4943769583955684,1.5243882109302094,0.346435622489126,0.612521855006655,0.1185710658270119,0.8518246083571583,0.1430253182352633,0.926240011733414,0.1808041468961352,2.3605304781584953,0.3075917289199756,4.350931399543782,0.547321671685184,0.11091179191911889,0.0249549624948453,0.3417993313289726,0.0829663702430628,1.0696857869453045,0.7917482058135766,0.76518422458736,0.5431028845275915
1628398,Kyle Kuzma,34.046067290552585,20.61679354725113,2.322572484035602,7.175735543498336,0.8178973199984824,3.86139859490132,0.6809334264436178,0.6750617496269129,0.1909249027030322,0.5499064891702348,0.1849781475619653,2.8622185800878817,0.3674929628098028,7.776302393795524,0.7679569244457329,17.31425969659905,1.6498331467306986,2.470442564736659,0.4537940274807067,7.285292062872897,1.3078568082227118,3.5254088870110856,1.9734142740392115,2.593746194923425,1.4944257144793525
1628401,Derrick White,28.656186068673875,12.093660576751008,1.7776762327296287,3.50664830028446,0.6049854195829842,4.18570765920031,0.610544960166177,0.7484511791428372,0.1758213767968619,0.8812586223574211,0.1812479282209495,1.2661542075557657,0.2793556459229813,4.140441775752854,0.4200346983796966,9.272080465911076,1.1096733179401357,1.655166659241439,0.3095473548993434,4.627951623536959,0.9157426592742574,2.529537924898378,1.4143292458164525,2.1576103660038606,1.399524506799501
1628404,Josh Hart,32.133049962249515,9.845778559972675,1.901327413391612,7.346305663330027,0.7656138710748306,3.822373326273883,0.6473248148990854,1.1248028162485566,0.1972072913352311,0.3138662756890067,0.1707614771743239,1.5302020038049613,0.3156706450552369,3.603676999220536,0.3924841151039518,6.985102595948946,0.7952250098237204,0.8473300156144156,0.1491534977909817,2.3449261565313857,0.4885503479899607,2.3647372273837215,1.5231660627853714,1.791094545917188,1.1989924876415234
1628415,Dillon Brooks,29.737874412185644,15.596964964014466,2.02300208188882,3.2028589683547626,0.6016397181754671,2.9596489049436987,0.5815163128073286,1.0041454310345408,0.1966787672222668,0.2701269756607092,0.155681552459611,1.6889686690188197,0.3074043160046577,5.861769749186012,0.616105333923068,14.436991099984587,1.6355569589469905,1.9654972452255208,0.4158961350713103,5.944880568564373,1.2269391258997735,2.4145386793112755,1.420020026177386,1.9079282204169241,1.269696506035446
1628420,Monte Morris,27.65405719514985,10.710071636661183,1.729061265638944,3.0771198465813576,0.5871851663684496,4.984096376308999,0.6371816606915387,0.7432648615652641,0.1635699887420854,0.2387375250616103,0.1466504039220496,0.9480111628292296,0.266875278953162,4.179529446130295,0.4743730862213343,8.726584903984055,1.037538654031701,1.3260330484296021,0.244781243078387,3.484289229946504,0.6291235138198783,1.261127599512753,1.059293423257016,1.0249796959709911,0.8152664170719311
1628449,Chris Boucher,20.10640350877193,9.135150522262064,1.3058684050761242,5.479429663888925,0.5289420334963358,0.4773386265293937,0.3667165453803396,0.5551253836895167,0.1284681464012461,0.8574836110194284,0.1404390622575218,0.6027745966725815,0.1976283544729714,3.313292368585264,0.3483239833006902,6.80732287420317,0.7139835478765987,0.824464960753597,0.146343657814833,2.4656327124357795,0.4725757596964854,2.184811669619559,1.176241741409881,1.6841008243379385,0.9638213304078216
1628467,Maxi Kleber,24.351848831882727,6.286247806179376,1.453531779468771,4.3925776247680535,0.5837661815802258,1.2958995748447482,0.4554549454609059,0.4564771084042366,0.1404000664015169,0.6818797107745233,0.1537581161307145,0.8247869151080832,0.237021838337493,2.171814494497422,0.2551358018284051,4.940878796779489,0.6786263093700438,1.2101061788274452,0.2266889239640327,3.436668470239941,0.6197392871649249,0.9681999852543687,0.8584634900721356,0.7325126383570865,0.6252907908331001
1628470,Torrey Craig,20.508842622536577,5.993685743704422,1.2119006750227608,4.191003813002716,0.464777798642746,1.2448929702441385,0.3823330561191754,0.5432501355471682,0.1284587165582079,0.4944415470289444,0.1201379672675399,0.8001547824942389,0.1998389515509862,2.3284634755071485,0.2402593504615399,5.091197542203027,0.6042145336331635,0.9701286363552036,0.1506889220980332,2.6139961881220257,0.4617598261885774,0.486080178284439,0.6588149709946013,0.3666301563349201,0.3394215914064167
1628960,Grayson Allen,27.1619191919192,10.252608928026444,1.6984071477197382,3.185428125104883,0.5521014009185957,2.202419609668722,0.5114348839299102,0.7957115675088255,0.1697026074765885,0.2087847992667947,0.1404795702551528,1.0295356871277292,0.2672277951424045,3.392723272608773,0.4110725561569935,7.679998739059505,1.0875807935479465,2.047615443802722,0.3782302513139317,5.183147726053533,0.9893108095017932,1.6546604263669997,1.1844516676069865,1.4195469390061757,1.014987249939851
1628964,Mo Bamba,17.316273632762126,7.441027871312603,1.138150094119985,5.488514339869779,0.5077446393671503,0.9376930898496436,0.327873148222334,0.3971672693357408,0.1102085643560377,1.0814139749406122,0.1648719744384073,0.7292721315883056,0.1853198586099285,2.764131856816208,0.3056879215752718,5.73772898271177,0.6714326947501549,1.0725746519497341,0.2236888942907076,2.832004821366118,0.5486138751867755,1.1602357353630135,0.744845381240508,0.8401895057304528,0.6079434766706532
1628969,Mikal Bridges,35.46287778031729,20.03376530499044,2.4069160532181337,4.286326942659409,0.7269461203175148,3.302320899370377,0.6994098594481024,1.1785591492655745,0.2138775144335521,0.6577745497808386,0.1964648461034179,1.250801071044132,0.3334356732983348,7.20213954888342,0.6557680304425099,15.11195853188195,1.1937625701325263,2.0521246699381805,0.3169927696608791,5.384722115115422,0.8266637829025851,4.078726698748659,1.9483581912452064,3.5773615372854195,2.141402173998864
1628970,Miles Bridges,,,,,,,,,,,,,,,,,,,,,,,,,
1628971,Bruce Brown,27.10883547008548,11.525067982746076,1.6262716188112858,4.233116535484174,0.5826757092655855,3.1536584404700334,0.5207339004435342,1.0695620838273443,0.1689223306348701,0.5749719302012299,0.1523864106425052,1.3233845971553435,0.2619106469799446,4.503346307584688,0.4480954662281209,9.20597234176758,0.7742205539597175,1.0041075573656546,0.1561590888456207,2.784992085171857,0.4008619078396317,1.9851896281867196,1.3066816286274956,1.514267810211046,1.0007069504323376
1628972,Troy Brown Jr.,21.131831352342186,6.248210625375108,1.2189456544202852,3.5820810908212275,0.4477189969813467,1.3739763715811677,0.3861476920280662,0.7300342346242553,0.1361619525822389,0.1730745539597787,0.108959609004456,0.6381447063096071,0.1966408567072005,2.326668809328619,0.2486962493121092,5.381032629786481,0.6364311878770307,1.1818557839876074,0.1909552912571076,3.18726171885075,0.5168774171316575,0.5137582426278048,0.6423168167130404,0.4130172227302634,0.4012808983399195
1628973,Jalen Brunson,33.361932241250926,21.687708182321987,2.33304847378316,3.6612525991114655,0.6690503598522696,5.669051416294547,0.732618428549285,0.8907264076464445,0.1948219559154237,0.1626140159194156,0.1667227061095313,1.7237503431998171,0.3160556967441273,7.960715060494424,0.8152034902690842,16.132654903639015,1.4764556194424718,1.7610257464885397,0.3387220794642302,4.399286496724316,0.833913500861229,4.873094527608313,2.598933463290644,4.005252314844599,1.898834067811579
1628975,Jevon Carter,18.673546066727884,6.741387328422347,1.175389195197714,2.0800610534907604,0.389949065410092,2.2919994312214698,0.4086374178735651,0.6556712591858672,0.1271501362832293,0.2547254645553238,0.1078288897432353,0.7697060860731118,0.1883919162805187,2.4608574156907435,0.3151374796388808,5.858826182222155,0.7796522694582517,1.499335001045264,0.2746568408710398,3.7099435108673173,0.6676988234993662,0.40379788149289325,0.5476359318102832,0.32033749599559574,0.321454846340065
1628976,Wendell Carter Jr.,28.73206715015336,14.328653686499395,1.844590551719172,9.09182146246151,0.7496482307876883,2.2478727691969724,0.5449815588460406,0.6565855907142242,0.1699959458776218,0.6313616225290983,0.1700087264986101,1.961530913065052,0.3245325896472049,5.373149808612447,0.5848708461454489,10.384396957387269,1.0734601432588042,1.1469826613295957,0.2445851159079891,3.2825070903348883,0.659443426872823,3.2953145555484347,1.651518365529612,2.4353714079449063,1.4115314021150076
1628978,Donte DiVincenzo,25.317309863339275,9.17466250163308,1.520337595415351,4.367946404900163,0.5576350838675105,3.409254480021369,0.5245012636490533,1.175630836232446,0.1782120666011733,0.2123293111704786,0.1325861620403685,1.454870586354986,0.2586790684724792,3.127390554497153,0.3722226514595606,7.475322716423913,1.0532873227190125,1.9495200678001563,0.371676341962632,5.135153913000343,1.0019246237455344,1.2069571094400326,0.967459445160673,0.9703613248386164,0.7735190204128415
1628983,Shai Gilgeous-Alexander,35.182142857142864,29.65369856914631,2.56151140264104,4.796722404919162,0.7267048263538491,5.724700620223997,0.7442130546539324,1.44146027350354,0.218779096550971,0.7857307227495888,0.1981468821659072,2.625178625010533,0.351207311069878,9.88632555711856,0.933658000358724,19.856454102315016,1.5057471939867222,1.0660136944754381,0.2493717042856457,3.109027303272216,0.7732449881132828,10.0278680434863,3.8895850819816897,8.815033760433757,3.46297016027323
1628988,Aaron Holiday,14.768390909410863,5.596467812474225,0.9459321739595976,1.4714311536474929,0.3145709388828813,2.0115450300091404,0.3317537798713024,0.5643213341273,0.1011318631158399,0.164720651698418,0.0830138265138785,0.8703488873457919,0.1572549765481643,2.08595383098031,0.2327591161780579,4.8474463205713105,0.4902094982778378,0.7140909210716065,0.1494835197324609,1.8637777254208898,0.3198201363958837,0.8712968111478022,0.5829877754075822,0.7104692294419991,0.5511317232942727
1628989,Kevin Huerter,29.56800626713669,14.53351139641848,1.886059585104255,3.380416024339476,0.599724553780077,3.0175310217488094,0.5781934925634687,1.0471515830577331,0.1872331554940348,0.3330523921254028,0.1580668472563193,1.2588316830132122,0.2820786099331102,5.419607606265829,0.6245062043819394,11.442855060788897,1.3721782001892897,2.6012406484277464,0.5108602308186444,6.623822445239737,1.258237855302702,1.4543307400513847,1.1046002824441006,1.093055535459076,0.8880854641530819
1628991,Jaren Jackson Jr.,27.67292707292708,17.263738715645495,1.8201343485151824,6.252400097854456,0.6393119215003542,1.1053436972280568,0.4931368000562598,0.9067747274576874,0.1724364827214555,2.3554553129438696,0.2466006159485108,1.733502521621192,0.2914041320777548,6.048557059217736,0.6809585607828964,12.615791571714649,1.3908934179857355,1.5414666202812535,0.3365065808361688,4.4561978785120235,1.038257851384482,4.564357651356613,2.1167366162077523,3.6251579769287696,1.737891085917378
1628997,Caleb Martin,26.59982815129772,9.141194708491527,1.5622736674486035,4.390716617376084,0.5842838063997808,1.600773021613246,0.4880533843569759,0.8953818069779571,0.1672720635559586,0.416011670817247,0.1494146757241219,1.049611398562829,0.2628394679579734,3.4057530700158285,0.3607966931963067,7.313493071610861,0.7823610480516305,1.1101934129859035,0.186072053142275,3.097409743562641,0.5323257219603453,1.553678928754236,1.1564209231171492,1.2194951554739673,0.8745357168031686
1629001,De'Anthony Melton,26.1025881652594,10.588662825722816,1.5312727788240563,4.103531401194277,0.5643535728437491,2.6218566537465104,0.5114376660774802,1.4853047067533,0.1897127651615269,0.5536635906524859,0.1521437969835648,1.459618771573558,0.2563071490432695,3.76687484671631,0.4404501741968711,8.870566755396933,1.1338956020149134,2.06192413158108,0.3988680190143464,5.36757009831625,1.0088628229709058,1.2705548418778958,1.0185651227085266,0.9929890007091161,0.7777686501754542
1629003,Shake Milton,21.043162451583505,8.272352587792144,1.258137020899143,2.468689386517096,0.4293593362535403,3.081181618640769,0.4374866013870204,0.4759359011774549,0.1184281828132525,0.2304424400751531,0.1115656175000597,1.166145320395376,0.2195937930302541,3.1248367690057566,0.3231518510915697,6.699016073567288,0.7139050972690422,0.7354606667832456,0.14110217078106,2.0223784093959245,0.4147530896739732,1.5594111827770651,1.0656385338355827,1.2872183829973853,0.8189823954420339
1629006,Josh Okogie,17.257158230523846,6.627352791040167,1.0778937930617718,2.805152017302192,0.4020713855958957,1.424289177785517,0.3384004813887978,0.7326761418752018,0.1265039937137091,0.3637596584072869,0.1070386023834488,0.7941320678673125,0.1811050539517293,2.042907749685403,0.210355432949795,5.074104370834494,0.4590171287000295,0.8000078067378201,0.1216439200881846,2.379580774668692,0.3513377024933783,2.355610294192688,1.0473010357450216,1.74152948493154,0.971554277670056
1629008,Michael Porter Jr.,29.328153828074505,17.480476172807123,2.037730437541854,5.771863543191467,0.6949955808052238,1.2378213415185602,0.5437962134070702,0.6860964690626957,0.1791429687814132,0.5487697750023922,0.1716365140605827,1.1416328121395989,0.2927545509354911,6.492003149344999,0.8458042900439932,13.307632211507817,1.816763047797627,2.9493756696121447,0.6958586371566798,7.285976928448774,1.595470548827362,1.9608030922264459,1.2871723934001582,1.5470942045049791,1.1007881035678038
1629012,Collin Sexton,25.96837121212121,16.88259062604878,1.9686326715479443,2.539893314195823,0.5371256518794106,3.3260952399349466,0.5709145033525328,0.7199587650237146,0.1695225645207514,0.1569860912728014,0.1358415249820176,1.9163092977336185,0.2990929003449454,5.929593323226264,0.7138360673805677,12.05859633385907,1.265587430261491,1.1649123973574296,0.2906911494395041,3.1304657706629873,0.7394526333780718,4.7817400195075725,1.8668780111146783,3.858491582238826,1.92227245022586
1629013,Landry Shamet,20.580217391304345,9.510046415679628,1.406314438905374,1.8040950010382604,0.431521136880991,2.1976215195731523,0.4423515272071856,0.5260403606522933,0.1285430195132542,0.1541059669509892,0.1106167548264286,0.8181402196992626,0.2070651636559339,3.1242648701787257,0.3924643063860111,7.907711016722768,0.9603336846066388,2.0693471284237215,0.3711621254794917,5.5479228154433375,0.8948475812985645,1.444883469242904,0.8689585140120162,1.1921695468984557,0.8750436339100276
1629014,Anfernee Simons,32.15872948500282,19.840926807128955,2.1487930684974605,2.836667140981881,0.636199130372214,4.392973280233304,0.6817439165162494,0.7282640072282882,0.18548201477067,0.2136928401637006,0.1640081600720183,1.909757951909257,0.3253041751112001,7.072935598814631,0.8876522016700257,15.867142520813172,1.9220988725359225,3.3573321852065177,0.6741519595571336,8.776407752682932,1.712418731989653,2.716525708274055,1.5687877078864254,2.3377234242931757,1.530228230735554
1629018,Gary Trent Jr.,32.314030564388254,18.066395524152547,2.067768843363364,2.743564588431447,0.6203177381809863,1.9412748232607324,0.5896115808811829,1.4206836253266069,0.2137926088449141,0.2373004712553691,0.1634123718888549,0.9191475921452542,0.2949421046752987,6.385200752137142,0.7929120865212268,14.941881478789933,1.7826656220884307,2.7824656590185826,0.5607796358972365,7.460005895790812,1.4261804586239388,3.0496081332934124,1.546778779361666,2.5135283608596795,1.6695810463824017
1629020,Jarred Vanderbilt,23.917739590552088,8.08062602816803,1.4535035003757208,7.253701920279861,0.6160904064793122,1.9862950095257488,0.4668155868081137,1.0766749216962108,0.162029037247807,0.4626229706259411,0.1418128014491035,1.1364851362305657,0.2491016471639442,3.2433257238120565,0.4047783803750074,5.939389831267197,0.5696454755195961,0.3256890446207708,0.0601736228470083,0.9809204460593528,0.1855951009462828,1.804827175447033,1.173908059491953,1.2682855359231469,0.827167908871888
1629021,Moritz Wagner,18.70228719948018,10.342478176043782,1.26350260011412,4.231423817542473,0.4792425421258632,1.5977493625713786,0.38002611286875,0.5658752957639189,0.1241103170335503,0.2624707855898696,0.1075899342081417,1.1674108525435671,0.2109434512942179,3.4564002065519985,0.3783580348558365,7.041969548435805,0.7238465658492749,0.9567317311732683,0.1928420048198008,2.907248608341403,0.5794645900982441,3.014952916452589,1.2482269890336208,2.4729460317665155,1.2931231123343756
1629022,Lonnie Walker IV,23.344166666666663,11.827266241146628,1.5320732405422617,2.337315042453731,0.469182299075998,1.760124884815837,0.4416607797708707,0.6273613366372279,0.1407340098028344,0.2764000008025563,0.1263556486652539,0.9612759485208346,0.2241969417521646,4.3075744748496145,0.4790689128893061,9.857925891164085,1.1064006887665878,1.63347283899788,0.3024144899972706,4.626450279300246,0.8502935102556803,1.9307162368087636,1.0472289196837166,1.5786444524495185,1.1036834917982985
1629023,P.J. Washington,31.30271404109589,15.086847462521916,1.971009621833948,5.266355635385018,0.6764687250358284,2.596324248532224,0.5946032263700817,0.9011600448783844,0.1877517776333278,0.9921038399485396,0.1983276990154891,1.5993793877286282,0.313785695695061,5.696163268685103,0.5945997095601565,12.72361162438352,1.2627918630471504,2.044425959516633,0.3982551805209419,5.765247832802913,1.0793006799715017,2.2202412697600056,1.4612409566197888,1.6500949656350767,1.1181093025037672
1629026,Kenrich Williams,22.45875777412165,7.800974802824047,1.3506753159449272,4.551972437607129,0.5584569937314122,2.178506984092943,0.4636818679171957,0.8238625842823568,0.1539598470006739,0.2775883665135253,0.1262486471327396,0.8435995834162423,0.2228270716434028,3.2554109539256046,0.3375736299490269,6.482760983513049,0.6445282438779816,0.8931699550069028,0.1512175897985585,2.4188894494824633,0.419481095720333,0.6146878461154556,0.8392593566000773,0.3969829399659348,0.3230796368941885
1629027,Trae Young,34.72593584417665,27.946553935266344,2.4643380718038124,3.405219181727244,0.6737134760888962,10.731765284671113,0.930117591814308,1.065222767292836,0.2022140162013628,0.1499498552276039,0.1733599084605716,4.153026297824234,0.386291889436986,8.81420901341401,0.9684720561798326,20.128499129313408,2.0208000813384657,2.4317424845503575,0.5172015084014528,6.980476308803598,1.4242871453536206,8.959990952990708,3.24056221234808,7.886393423887969,3.372695907866446
1629028,Deandre Ayton,30.251218420640427,17.94479696444494,2.029245224725737,10.053815043498863,0.8119661734210418,1.7693567507638894,0.5656401652120573,0.6212342612420141,0.174190679897411,0.8801489441062915,0.186076936287927,1.774841236525866,0.3170124438350611,7.812534287500151,0.8938146833103807,13.222593415834636,1.3175428460379013,0.1053764035585139,0.0282419075545121,0.30863835395333544,0.0906922496405567,2.899886571440624,1.7457993111032597,2.2143519858861236,1.279778852237718
1629029,Luka Dončić,35.85727272727272,32.61164378168886,2.815761534646013,8.459503736134996,0.8061102991656502,8.433415270434729,0.8874330035455956,1.196634223103899,0.2178315639092803,0.4486313737546719,0.188959836505552,4.340105121815901,0.4414448894945104,11.082790218024213,1.2069832344866402,22.812473071276052,2.406548822302403,3.010012629803391,0.6957901605636588,8.687382017458265,1.923340952523399,9.986086194089724,3.685733731247972,7.436050715837047,3.0264110786032674
1629048,Goga Bitadze,12.375150877192985,5.232719324068715,0.7829469555746663,3.45326674472602,0.36457716035056,1.0118670069969535,0.2511449319318942,0.3674573555521832,0.0900456062876048,0.7685105714497502,0.1320449931817484,0.6850391396769141,0.1494159806400113,2.099213354184194,0.3756857791483376,4.04947783627849,0.5937208646869407,0.24075862586975005,0.0802817418968062,0.7817854249640613,0.2674604947836629,1.1710857192856379,0.733408563934332,0.7935339898305769,0.4508149770357771
1629060,Rui Hachimura,23.593223260170625,11.660942975862108,1.5296104025767567,4.388209069029986,0.5477636031582224,1.082774464834179,0.4260897371937471,0.5166596829526237,0.1406370355158619,0.2902821547338878,0.1329249356309474,0.8944964353683771,0.2311306724917487,4.668107253957309,0.4870995015266104,9.637661051081876,0.9340619753097972,0.8737952807916286,0.1572437898558448,2.5816430907984436,0.4616344659934245,1.935354031090403,1.181287060083885,1.45093318715586,0.9312667646913176
1629130,Duncan Robinson,19.56953285111513,8.191995149472426,1.2971581649644337,1.9509127843076512,0.4099337127759452,1.3298684706355304,0.3797577917762471,0.4057503810180038,0.1131457603289478,0.1384541532272555,0.1006570009887029,0.6783302297193745,0.1871936807750411,2.718949278433505,0.3702037202655466,6.783052821316479,0.972522107492269,2.0588493069231784,0.3700403262559999,5.768158920152922,0.9511876126911404,0.8474835584777998,0.7158557453771089,0.6952472856822385,0.5749238770409727
1629234,Drew Eubanks,19.681116078875363,7.313378896249678,1.2164175917080908,5.266338516379404,0.5029442805697026,1.3671777948841173,0.3656390679611442,0.511975990312051,0.1202727321398182,0.936568262223973,0.1366941149297954,1.0270159093313525,0.1997943984503782,2.9868849365182264,0.3814883073609084,4.960856641793594,0.55809259680207,0.08569618641085092,0.0193658804113283,0.24469003238874357,0.0603720001550438,1.7378570575780459,1.0000791641653477,1.253912836802374,0.7961383894847452
1629599,Amir Coffey,14.201756258234514,5.216311059256483,0.8873680239794152,1.5428894641554267,0.3079212292605579,1.2589898202923997,0.2944140114667974,0.3306867710959028,0.0888244346910057,0.1235443910100242,0.0785336916920226,0.5197937190962979,0.1479181525559699,1.7307632958414403,0.2030280638966382,4.067515793235948,0.4007027676314769,0.5578331431572899,0.1090732961923325,1.60460423346901,0.2480437976323018,1.511375357024415,0.7072157416521937,1.1969513244163124,0.7717767365401613
1629611,Terance Mann,23.79865487377925,9.704739121577552,1.4799613619423315,3.710636974831675,0.511267435781965,2.459191848852796,0.49236290960743,0.5607883608794325,0.1432578490574818,0.2396535450120318,0.1307557268017144,0.9468029383626212,0.2353772763410175,3.703067145085442,0.3942936914664671,7.332669869117546,0.6718555121758772,0.981953137180876,0.1570356045630474,2.5879835535237503,0.3791422222254624,1.6827074396629589,1.0907587457138563,1.3166516942257906,0.9050477991458036
1629622,Max Strus,25.85139705882353,10.641207739921082,1.6014966430810993,2.9264253131353843,0.5366847563214705,1.939962216453376,0.4878779315274819,0.5845732492665745,0.1520963631204664,0.1801348824842016,0.1368835537436225,0.8786980404672701,0.2512633138668189,3.7270148946484256,0.475954328583122,8.870587951214672,1.3114698924366792,2.345906567667804,0.4179423395281108,6.505657956313032,1.2457967930052034,1.0203078464329276,0.9350786985012584,0.8412713829564277,0.702603278078491
1629628,RJ Barrett,34.14800880626223,20.65899127897427,2.2425720374352887,5.386891026270155,0.7165379913101618,3.169289961032204,0.6504502917362609,0.680708384451146,0.191950226689852,0.2534510741570637,0.1747831372967958,2.132752322050919,0.341428065761316,7.349730243228944,0.7141546326233081,17.076016822127468,1.4297328523622093,1.8295875531261407,0.3256234083037382,5.5672009465349195,0.9552195057090924,5.577121425045165,2.5551952950916355,4.129943239390241,2.006857634901193
1629631,De'Andre Hunter,31.1062321697501,16.083763411225895,2.039628053045816,4.184217005633999,0.6513967740574043,1.618102164343061,0.5732938495094834,0.6879179553757452,0.1829625538203071,0.3226279882876016,0.1663712472471255,1.4137445126021475,0.3037791725656593,5.883771455061322,0.6254055592030531,12.826730216665872,1.2143547758700035,1.5779224339198883,0.2602427266232807,4.447478304150141,0.689721749520555,3.388500858858608,1.67937332594703,2.7382980671833614,1.660741939558232
1629632,Coby White,24.98941393282092,11.411658888467349,1.5624396457452754,3.0154730100731224,0.5255100551046925,3.4324631091573607,0.5285436155677037,0.6464407318263207,0.1496654317074184,0.1509951971567129,0.1298095426217911,1.219357794177362,0.2511583745837512,4.17139378506092,0.4868676074590058,9.5027104753285,1.1305003561738765,2.002187119213711,0.4098235101313701,5.3926126766495175,1.0242096751273686,1.2764611870421019,1.01461618291213,1.0666841991317964,0.8082704675728415
1629636,Darius Garland,35.29520697167756,21.358857459771727,2.342681427707608,2.961280936339266,0.7100293703089168,7.943721319924536,0.8478230648556435,1.271125129032901,0.2202619166287105,0.1496013142015701,0.1820521077475358,3.040477992297693,0.3854797461203291,7.610681943069434,0.8416048017080018,16.49404791053331,1.7331053910596754,2.4409925868530045,0.5097965095328494,6.13321006237274,1.2548335466972065,4.332637259121774,2.18300844554865,3.6965009867798577,2.034109552485434
1629637,Jaxson Hayes,14.666909827760891,6.456787507376011,0.9190646794573168,3.602869729030926,0.3849343392907571,0.6090729324422033,0.2599323476608124,0.3985617595918459,0.094447978813054,0.5800722661475021,0.1117286393681561,0.6877776108159059,0.1524971689506439,2.41091482594695,0.2994666844165494,4.333025151182218,0.4276616113246931,0.12242850766814452,0.0273536688798932,0.4090330025430148,0.1341316572304034,2.027309646205843,0.9060727833756888,1.5125293478139663,0.8335621903947081
1629638,Nickeil Alexander-Walker,16.845547947017362,7.242703198456684,1.077840732784022,2.084676231402483,0.3627569113745745,2.113643787171121,0.3695045483080708,0.6013343450832602,0.1186554478023714,0.298845290031446,0.1028394685507806,1.0487096878892128,0.1882003075163087,2.63713375408241,0.2804999853610894,6.249649263057959,0.6920127894621696,1.1697668202416,0.2117069812828709,3.271829645627697,0.57218768779535,1.1067412360467435,0.7449250400949885,0.7986688700502642,0.565142783969616
1629639,Tyler Herro,33.94595959595959,20.44637446223203,2.243320928011387,5.078714015651267,0.7123367108094628,4.499914743419447,0.6759007960673992,0.8004596542361629,0.1923892098238243,0.2249771068386351,0.1749588969023876,2.309657256795561,0.3392236998215643,7.433713506939455,0.8699769823054321,16.831619978277207,1.943143334901444,2.9566960625331444,0.5907884560158618,7.80913792277982,1.505038950671428,2.979820540018549,1.7213290480073802,2.622251385819973,1.6662645831883458
1629640,Keldon Johnson,32.16734851621808,22.51301509995344,2.2247234236805067,5.476439134703986,0.6882501062829016,3.03030514223894,0.6170807166012474,0.7590552040679539,0.1833479844480714,0.2255408333828159,0.1649574827919831,1.8364887248343853,0.3226021393351832,8.231963336763158,0.8966131244035576,18.023753894317874,1.596989673006547,2.2579720423768705,0.4363515968189388,6.524551042304413,1.1415816724025156,5.024433999529354,2.4085710633491746,3.7911163840502553,1.8418210908779653
1629651,Nic Claxton,26.906194008958565,12.39084805856436,1.673765735659038,8.143449698916,0.686681445459571,1.848645483354137,0.5114758340729832,0.7871241427890593,0.1754010358396173,1.7223399925946608,0.221300065250298,1.2726466393950373,0.2723626457838146,5.340506506300741,0.7888264112626441,7.928700373704367,0.9206016379285564,0.0017788338066027588,0.000530338158207,0.005088068356010875,0.0117892026514327,2.8685703068014154,1.586047519935496,1.7080562121562763,0.9741260679304994
1629652,Luguentz Dort,30.99266540295952,14.600882775077029,1.929820382718794,4.424244632381427,0.6748890298470946,2.1514587265233667,0.5840933506684545,1.0436926288824424,0.2002942377685248,0.3269457823255023,0.1689176581991186,1.2539734703234169,0.3040743332384019,4.889408795338389,0.533520307415091,12.368967373163372,1.3316204303768908,2.011661988304241,0.3885667833447158,6.002939765971408,1.179252413681479,3.595775381588168,1.9116122298344007,2.810403196096009,1.5499336540032072
1629655,Daniel Gafford,19.174339417155377,9.662722507439048,1.239068286736234,5.103511013833896,0.4874996458401526,1.0704547820526895,0.3450164697277365,0.4652117345546129,0.1157831156395627,1.1384295018949595,0.1636784820150844,1.008925933161905,0.1996730611960813,3.976672534774605,0.5250389020423759,5.782010878767024,0.5443429206621955,0.0,0.0001396353847429,0.0,0.0038413912265741,2.42844122117394,1.1229444218669071,1.7093774378898383,0.9782218587385816
1629659,Talen Horton-Tucker,21.18282051282052,10.839719200034097,1.3742980892174006,3.0253287631987296,0.4563543596856458,3.6749424054761897,0.4989599708616022,0.7907340695865841,0.1485118629646818,0.3813690732496489,0.1254598856172478,1.6732107267871437,0.2375975129854732,4.01931757556423,0.4673218563807046,9.451201853994096,0.9501104141322364,0.8794319546861539,0.1954334419688233,2.9346925320281843,0.6659965366215521,2.510481716507714,1.492656694682993,1.9216520942194828,0.9703865701672868
1629661,Cameron Johnson,27.907386215092096,15.475834075787676,1.928170745480116,4.272933166181315,0.6278537877410644,2.043425339252364,0.5480134022331398,0.9387532474669192,0.1814333226496591,0.292638591653763,0.1484940857128945,0.9214586310583192,0.2678927120625368,5.309983519682243,0.5725903238828829,11.413817685864217,1.1765499647913185,2.5950091597508798,0.4502749931076271,6.522172230551272,1.0480293742183344,2.731726838748362,1.3884694839932914,2.2608578766723113,1.4580230654521196
1629673,Jordan Poole,28.93539354124192,21.254328464995453,2.030867413440019,2.9945559372993715,0.5851633117791813,4.817784764741986,0.6307526422984296,0.7827099153410724,0.1777084306586397,0.2718455367444252,0.1549044410248031,2.5792340609796898,0.3201398891088146,7.022185994689416,0.8140554462500238,16.14169528585761,1.7362766492465689,2.8357155508147565,0.5926383179167154,8.246928783439275,1.5896984810487838,5.053267117096852,1.9195110371183928,4.374240924801865,2.295472928293156
1629675,Naz Reid,17.95807104660046,10.87482311120308,1.2574225727836983,4.726368477101336,0.4801076648264201,1.2133976015879544,0.3529774106066051,0.5779432525946965,0.1183398367049149,0.7818927354032204,0.133053989588636,1.1952053543614412,0.2047961930034751,4.247650379064548,0.5029277064597898,8.145661026359512,0.8893814419516881,1.0110718262975988,0.2228617875632993,2.899175044210655,0.6286268894016657,1.8965211217078093,1.100537669850464,1.3684505267763862,0.7584893795632461
1629680,Matisse Thybulle,19.09705224706572,4.973999042679891,1.1201782216680016,2.025225520704721,0.3988299260635121,1.0295502208703626,0.3515848311973987,1.253151029718601,0.1548124817547883,0.6717952707103098,0.137233800228238,0.5390084902293982,0.1823257794011205,1.889870936519071,0.2006731856319088,4.239337114348043,0.4253411109337996,0.8610172718429396,0.1367002111719881,2.4227143603009607,0.352609326018114,0.4489242146512456,0.5523008830843184,0.33323989779880925,0.3387087871914568
1629684,Grant Williams,24.79673224103604,8.639728356352029,1.4689577717265094,4.185678452791247,0.5552430452164281,1.6235976742646716,0.461234793370111,0.5641307625622002,0.1453322724085965,0.4791686349267829,0.1415806055373504,1.0528032848746027,0.242060965521615,2.931032910119832,0.2956836467287403,6.4093276080396615,0.6218849744900168,1.5369987094909285,0.2343236405983478,3.9329764457604113,0.5309282123895476,1.582898292899183,1.0162109483553243,1.2406638266214371,0.9332742529892932
1629723,John Konchar,19.451098191214463,4.956268448922576,1.1396565570721875,4.110627125052812,0.4634551079732478,1.43293095889288,0.3633594748153075,0.8158370228360309,0.1402304626220016,0.3626028763458203,0.1228887516382249,0.5333402532901824,0.1812453236077093,1.8858736794034874,0.2162151912189237,4.173698607639859,0.4949403691608018,0.7867183369029074,0.1323843667228827,2.2179323548090406,0.3762168839611984,0.5250279007775686,0.6055757490741759,0.3978027532126941,0.3786683587146534
1629726,Garrison Mathews,14.83985933048433,5.676679826428899,0.962093459597892,1.5698208989712588,0.3175180701390504,0.6448063353596553,0.2741848183509963,0.4996274739680656,0.1049404523517364,0.156980848747445,0.082760785208503,0.395617755185141,0.1434496616584134,1.6035050670756021,0.233649962552696,4.149710411078926,0.6831586800691533,1.3361979302021654,0.2487228304316766,3.7730861435432064,0.6724899286057304,1.3557034319280639,0.6797340859747135,1.133471762075529,0.7793965868264711
1630162,Anthony Edwards,35.26009142053446,24.807873925767407,2.332288530128197,5.230258089821724,0.717975360824649,4.746653525565468,0.7263446772415107,1.4974696069843156,0.2238070336921164,0.6215192603480585,0.1970848311792813,2.808267647955238,0.3645112308522649,8.989338251202895,1.109059500047584,19.872112993297357,2.1508438138982298,2.875714294282219,0.6688069492256526,7.936143711787101,1.764068691453983,5.172759776609545,2.316707299155413,3.9534831290793995,2.0885099602725656
1630166,Deni Avdija,25.776012694337464,9.975019916302069,1.5276521154907698,5.936432613057251,0.5910445487594144,2.5888948592778287,0.4907560977002782,0.8063483385484324,0.1591354929577745,0.4130555400581335,0.1406927559894373,1.3817068089619002,0.2511452128236098,3.6340741951206432,0.4112082300135131,8.316174479138315,0.8098580195368599,1.0612184053133367,0.2202620996092806,3.3801782009055006,0.6435079205264171,2.1918809027260857,1.262475207257623,1.6456531207474456,1.0745939203930728
1630167,Obi Toppin,15.489921360937249,7.793962821400898,0.9958223518202506,2.881315943009993,0.3609450873927954,1.0401731872739672,0.2958043949946351,0.3748673453672466,0.0983379241941328,0.2526584058051374,0.0892714743610662,0.6679763888333731,0.1576835928775414,2.9682876198587977,0.3323180339774165,6.348763764130581,0.6582229165411762,1.12486000455532,0.1880662444074676,3.29515510316761,0.5337885917721316,0.9354919934137699,0.6434621073787304,0.7325275771279821,0.5451745504923213
1630168,Onyeka Okongwu,21.517833333333336,10.12069367331058,1.321867249299871,6.316837756139392,0.554665067234479,1.06879463572558,0.3933386433181199,0.7344525000570058,0.1455237879333848,1.1217367325503125,0.1629916591942021,1.0760186649256025,0.2222655756074294,4.060080802895837,0.5445743904683782,6.526738609814295,0.5981457771909993,0.04249739330588343,0.0105547701417747,0.12110426276102482,0.0296197483263226,2.5403779764181262,1.2433387355985992,1.9580346742130232,1.131221006910368
1630169,Tyrese Haliburton,33.96465036131733,20.284493896426177,2.2466430787329554,3.78201266476048,0.6631829474178739,10.140771503929548,0.9534401890798232,1.6027081410881048,0.2290997070660157,0.5217645748893571,0.1872952312007845,2.4808581933773497,0.3502754951334623,7.298134727122378,0.8617753552380392,15.140802105087406,1.6174236517307692,2.822126976298369,0.6404438353613637,7.047610278329574,1.4054049745167918,3.392289768174596,1.9982826818569688,2.8660974658830507,1.6336043985759383
1630170,Devin Vassell,28.87535330830484,15.720622681383924,1.9503324922748904,4.079948239690855,0.6349647275297691,3.1252259692925857,0.5900231174259133,1.125785599933343,0.2035356382822641,0.390093404011411,0.1734350340876523,1.317410614889578,0.3059898963307395,5.838578541169612,0.7343494795785394,13.386008811360426,1.610459749877179,2.3494099570757716,0.4729807495589153,6.2660821817502566,1.2652434052758186,2.1447469102345558,1.459933469187961,1.6940556419689274,1.0795879931401482
1630171,Isaac Okoro,24.393558523173603,7.668906698181297,1.4336959496604351,2.722702718126901,0.4995441643133173,1.5187119843229826,0.4598338317754891,0.7806344587883567,0.1574794672729998,0.336809586695883,0.1354918190300201,0.7727760405412185,0.2305010454609755,2.7364619632484493,0.3015715235759168,5.718351441881633,0.5463299208957257,0.887260532924433,0.1483336274567969,2.5098566873385733,0.3799952073329349,1.7139314944952833,1.0585714708013554,1.308722238759966,0.9396963108647628
1630173,Precious Achiuwa,20.46695139129902,8.616701573497862,1.2426542818735726,5.505638266307972,0.5278634469419542,0.9608070177726836,0.3617618648692788,0.5080397668523579,0.1239523506839328,0.5600008818037097,0.1405107315445077,0.9770489399557116,0.2066186192683572,3.3646074579715557,0.3766721568464732,7.10109791299991,0.6821529436471951,0.5229039853889342,0.0944818576396079,1.6512891946563066,0.3129235355639732,1.953228260836177,1.1499616260921997,1.364582672165816,0.8050628204690423
1630175,Cole Anthony,27.150561920349155,14.27979370935002,1.7315542902319665,4.7334290872341125,0.6202941037078177,4.411481088318605,0.6073165854350394,0.6938598353232879,0.1711985754311394,0.3887838971132256,0.1560378775618584,1.9672781487481064,0.308815463655117,5.005054742017432,0.5945029563407923,11.506822706629222,1.2690403447200755,1.4736521639907585,0.3408810346680012,4.149104594336103,0.8982379724661834,3.2660627013538566,1.5684366028362116,2.7960320613243965,1.6143148658715911
1630178,Tyrese Maxey,32.13609289617486,18.81806741501847,2.0690421727571486,2.9752033666460576,0.6246317723391087,4.027895767583249,0.6221786650975684,0.8427481808498121,0.1907541710374438,0.2672839951622531,0.1642995032593412,1.2065909696458874,0.2938310488993624,6.853620133162925,0.75251331174822,14.287297999179902,1.4883487661764807,2.2846236623836673,0.4648399703186359,5.461923574415827,1.0836357013628095,3.380735118586917,1.7206230334800658,2.826203486308952,1.724389704088546
1630180,Saddiq Bey,27.88366017397237,13.99113841953974,1.740439897794182,4.606850324674115,0.6070585419481861,1.9483093129010287,0.5152554965365287,0.886658490399915,0.1703865157765841,0.2027835922690547,0.1462306643952795,0.97825692322268,0.266433166011241,4.663570793936,0.5114584398194705,11.132456545766,1.1960174432902917,2.0705614985112066,0.3754019408639145,5.753740236653919,1.0282453572103771,3.070475380725515,1.5154520574045394,2.593435333156533,1.564961270430166
1630183,Jaden McDaniels,28.970094434398234,11.972517886997064,1.7405735411237515,4.116879670243437,0.6035383138214864,1.8411686080185865,0.5280219537781772,0.850827784352654,0.1767618273173356,0.8558177064229232,0.1782470854259,1.2597245844363172,0.2771033239780179,4.657126085792843,0.4920418075903739,9.327991020101743,0.837284711533922,1.4029649313015196,0.233622484591892,3.7317158530992995,0.5879287587483752,1.6690925445271594,1.2333890481554,1.2553007841098587,0.9157104952192472
1630191,Isaiah Stewart,27.045198840099424,11.218972884373237,1.709023240906244,7.875702857162171,0.7038453713072378,1.388258327728357,0.5064240299383825,0.5115755653844803,0.163672688238883,0.9208566184886758,0.1858133831838087,1.5571638922715303,0.2968427791616044,4.126893244768343,0.4535674050725176,8.853037636153948,0.8573131409123983,1.0266819142863723,0.2032718455575322,3.0582487698088436,0.6016249782357996,2.5981592111913163,1.3287014607769525,1.9385044805501772,1.2629401214694649
1630193,Immanuel Quickley,26.817349240265905,14.315323499762004,1.7188635110840131,3.6961416792828,0.5544304135716066,3.6663207055301794,0.5594160319261704,0.8855376359439452,0.1658206561048807,0.1536016416759896,0.1384422850574769,1.2827744773713818,0.2619332222079065,4.868705194695682,0.605518935730432,11.171173757891069,1.4158135714995033,2.0511468956115357,0.441245585010642,5.602612965429739,1.2111317376718158,3.0647244840705503,1.5624855767171344,2.5267662147591032,1.4499432560102792
1630198,Isaiah Joe,16.674217553292294,7.886268253222591,1.1099920336397644,1.95212861470245,0.3676531442870413,1.138015750830038,0.3262588064082805,0.575683771622241,0.1186770326451397,0.1211938548775428,0.0912641683552206,0.5182384629273118,0.1685624822622997,2.54653016981392,0.4246782074636496,5.880649803975553,1.100986397007453,1.8392748180212315,0.4072964024433047,4.669838565840897,1.0459114629617543,1.1810656091263672,0.6783873147873707,0.953933095573519,0.7220644211127073
1630200,Tre Jones,24.47809267067579,11.028703105851267,1.5025737953647358,3.0555815035367924,0.509457575315377,5.815892404641896,0.6191858574291238,0.990406044504484,0.1665385604861327,0.1374295967729037,0.1280426056737346,1.373968786057161,0.2601580604914475,4.316317864009048,0.5166726779272124,9.326981112341603,0.8959238796127357,0.5247224529411577,0.1163960287870976,1.725364721190551,0.3904585619703422,2.254708763874024,1.390942129000786,1.8713449248920129,1.0938180454465645
1630202,Payton Pritchard,14.118013764404608,6.397914892007888,0.933321327472537,1.850550709846704,0.3123288009963675,1.7301797211850247,0.3132892880702812,0.3867103848540275,0.0938568889809385,0.0883269760837246,0.0730737134411929,0.622645966214036,0.1458139390095966,2.361688592719739,0.3127064962480808,5.536417956011999,0.7380927264214148,1.353900624483897,0.2816004483816686,3.5911480310683292,0.6882491143015583,0.404159626181874,0.506702958935239,0.3206370820845128,0.2696241403831
1630217,Desmond Bane,30.40042970001068,19.98726149380876,2.092149574385416,4.603506570858978,0.6327458567763145,3.8226906782557855,0.597127200185779,1.0518253863546363,0.1880743431377008,0.3840120002513165,0.1626226619709208,1.7391203988960375,0.3034530624772504,7.255429775045055,0.8040635870277845,15.319009649204178,1.5894617540562708,2.863232625160514,0.5752033393892766,6.987136867969535,1.336499311317787,3.038697973403918,1.635551712893668,2.6131693185581355,1.5887890781321796
1630224,Jalen Green,33.68217465305053,21.903644699694567,2.148295750557144,3.701283977869221,0.6720820513711495,3.879244621102646,0.6522724384358721,0.8790250781087128,0.2049580788567314,0.2421851588735618,0.1710064088536865,2.442766220605821,0.3475312023456115,7.423564056806514,0.9448223507194936,17.67145653482959,2.0739957056741685,2.530162333429233,0.6076210123684214,7.423402948818975,1.7520586668416935,5.75413034519002,2.430572041611386,4.526354252652308,2.250184896995856
1630230,Naji Marshall,21.14698051948052,8.11927392058248,1.280336482301209,3.522230877341231,0.4613339475889685,2.207583016774154,0.4222909535029134,0.6739906838225501,0.1345166795777128,0.2164173740071865,0.1138967264708371,1.1174851543018511,0.2151562819700878,2.859854511689658,0.3048294134634586,6.639161309975995,0.7223581222588845,0.7499599071137991,0.1406546545002499,2.4327306775773687,0.5140707824152148,2.104734986830011,1.2303055536012568,1.6496049900893646,0.9482870136583014
1630231,KJ Martin,26.15720181125862,11.587745854270928,1.6100184044557535,5.070496966064265,0.5771149038739696,1.4832372139932588,0.483700241609329,0.5853123925780593,0.1586635876126219,0.4767769215274136,0.1509709431221803,0.9893993535486884,0.2536009119057895,4.57993026793079,0.5456734186192927,8.29451335055331,0.8036341518433125,0.8079722351813815,0.1535390973004082,2.428788970267181,0.4835037278708654,2.316480530455329,1.322694460941522,1.619913083227967,1.032452129819032
1630256,Jae'Sean Tate,23.45810823585017,10.800123437544665,1.566748218203296,4.316128726154783,0.562282538392377,2.776332262364492,0.5097956318734083,0.8370199521481325,0.1603351720096175,0.3339035076469925,0.1284923549850244,1.5475091756781756,0.2565977960681125,4.236011734506462,0.4922636352829381,8.71407135835059,0.8120803387123351,0.6268644662493935,0.1210809630181087,1.941294756614969,0.3480819173959241,2.3050231062414936,1.4225396809025217,1.7012355022823458,0.9501128192323778
1630557,Corey Kispert,27.15397215397215,11.97963672007334,1.654815808832565,3.023676620878758,0.539594437682589,1.3431553042712716,0.4803437410282361,0.5373288926511044,0.1565754953586223,0.2260864738858088,0.1401803794837914,0.868753761364376,0.2511625328936983,4.2845260543852755,0.583509969868533,8.821092595192392,1.202172370244449,2.329591811382021,0.5158940829892904,5.790839704958184,1.119015644850175,1.3132095442203688,0.960286535668128,1.0809927999207694,0.9202857476239908
1630558,Davion Mitchell,20.322,6.884569655745152,1.230439741849546,1.638228285039804,0.4124060150275939,2.809865897808661,0.4356265861123609,0.6239082842173937,0.1354200652311679,0.2246826879727601,0.1146263044878684,0.9894113411008246,0.2080780509370169,2.7846891870353994,0.3696075791269428,6.289291231317764,0.8879165126937473,0.9103660756252855,0.2144610307324755,2.780813593528829,0.6568447416494898,0.5287911434450168,0.6877377949143871,0.40482520604906896,0.3582652745706834
