nba_api_id,name,proj_mean,proj_sd,proj_q05,proj_q25,proj_q75,proj_q95,actual,actual_minutes,actual_games,error,abs_error,z_error,stat,test_season,proj_mean_meta,proj_sd_meta,meta_eligible,meta_alpha_applied,meta_role_baseline
2544,LeBron James,31.777929490568745,2.735591875008937,27.401158537577864,29.92494475207269,33.518393527593155,36.468550624477686,26.15311004784689,2508.0,71,-5.624819442721854,5.624819442721854,-2.056161774023209,PTS,2023-24,31.777929490568745,2.735591875008937,False,0.0,
101108,Chris Paul,16.461186077205756,2.236105286885325,12.794847192381926,14.940966371352747,17.922888906170108,20.22122274342,12.516634050880626,1533.0,58,-3.9445520263251295,3.9445520263251295,-1.764027861058145,PTS,2023-24,16.461186077205756,2.236105286885325,False,0.0,
200768,Kyle Lowry,12.92977595903485,2.160012523930997,9.492616997844376,11.446258015049375,14.41609558742412,16.421637648331544,10.367829686575991,1691.0,60,-2.56194627245886,2.56194627245886,-1.1860793602235165,PTS,2023-24,12.92977595903485,2.160012523930997,False,0.0,
200782,P.J. Tucker,5.982546296490689,2.080003248761798,2.57428743558588,4.553348947841385,7.350148624180688,9.397080286149048,3.8439425051334704,487.0,31,-2.1386037913572187,2.1386037913572187,-1.0281732937822596,PTS,2023-24,5.982546296490689,2.080003248761798,False,0.0,
201143,Al Horford,11.78057050109125,2.160576713993005,8.224790745210429,10.367112457347169,13.275167359976914,15.350733769219383,11.614236509758898,1742.0,65,-0.1663339913323511,0.1663339913323511,-0.0769859224414883,PTS,2023-24,11.78057050109125,2.160576713993005,False,0.0,
201144,Mike Conley,15.251680004098809,2.254132090304908,11.445241362810954,13.76942910289142,16.77174124537937,19.120838861723225,14.284931506849317,2190.0,76,-0.966748497249494,0.966748497249494,-0.4288783702638853,PTS,2023-24,15.251680004098809,2.254132090304908,False,0.0,
201145,Jeff Green,15.377799054207872,2.305129377181264,11.61678022136847,13.752079345955911,16.953182667584645,19.2758867853722,14.03062787136294,1306.0,78,-1.3471711828449315,1.3471711828449315,-0.5844232415675802,PTS,2023-24,15.377799054207872,2.305129377181264,False,0.0,
201566,Russell Westbrook,18.486714548997007,2.3385315118909693,14.671150618454812,16.919640793118493,20.09310740725446,22.479924597397343,17.787680209698557,1526.0,68,-0.6990343392984499,0.6990343392984499,-0.2989202137084742,PTS,2023-24,18.486714548997007,2.3385315118909693,False,0.0,
201567,Kevin Love,16.502225966921937,2.3331782801875214,12.74795925946087,14.88641814783047,18.18968612551793,20.279904520619823,18.855291576673867,926.0,55,2.35306560975193,2.35306560975193,1.0085237076537543,PTS,2023-24,16.502225966921937,2.3331782801875214,False,0.0,
201569,Eric Gordon,15.703172422740495,2.2747807824961144,12.159802104506529,14.09866535737927,17.22472762451047,19.484838664071862,14.251585623678649,1892.0,68,-1.4515867990618485,1.4515867990618485,-0.6381216204354531,PTS,2023-24,15.703172422740495,2.2747807824961144,False,0.0,
201572,Brook Lopez,19.671597874402934,2.422790296618236,15.648835464923248,17.9965777984488,21.317747306496084,23.66303742173195,14.776119402985076,2412.0,79,-4.895478471417862,4.895478471417862,-2.020595211335888,PTS,2023-24,19.671597874402934,2.422790296618236,False,0.0,
201587,Nicolas Batum,10.2146087591329,2.1131730272065994,6.766910818495112,8.778782690080206,11.603471376396651,13.741533715560031,7.539267015706806,1528.0,60,-2.6753417434260944,2.6753417434260944,-1.2660306131971717,PTS,2023-24,10.2146087591329,2.1131730272065994,False,0.0,
201935,James Harden,21.46723098334555,2.472205089909026,17.408787265745495,19.817693352617127,23.131652540110625,25.596814305493076,17.380315917375455,2469.0,72,-4.086915065970096,4.086915065970096,-1.6531456401622768,PTS,2023-24,18.34796526745753,1.556907555785447,True,0.5,15.228699551569507
201939,Stephen Curry,31.78070233858655,2.904390563771263,27.07322787200113,29.800737860353745,33.77609509335838,36.6486402803184,29.097520661157027,2420.0,74,-2.6831816774295234,2.6831816774295234,-0.9238363844377367,PTS,2023-24,31.78070233858655,2.904390563771263,False,0.0,
201942,DeMar DeRozan,24.1002647107167,2.5300398332690524,19.940799877591147,22.43081200352253,25.84639130503734,28.40650455211897,22.80200333889816,2995.0,79,-1.2982613718185405,1.2982613718185405,-0.5131387082317448,PTS,2023-24,24.1002647107167,2.5300398332690524,False,0.0,
201950,Jrue Holiday,20.881456728130715,2.4764620565894675,16.868071646744536,19.159314404383668,22.56317319886108,24.979232987226435,13.668874172185433,2265.0,69,-7.212582555945284,7.212582555945284,-2.912454296141449,PTS,2023-24,18.324449294297914,1.5585979966144654,True,0.5,15.767441860465116
201988,Patty Mills,15.114721131528585,2.3998865032456638,11.076127637945756,13.505692671522056,16.70402610826767,19.29056399613739,10.9377990430622,418.0,32,-4.176922088466384,4.176922088466384,-1.7404665107359931,PTS,2023-24,15.114721131528585,2.3998865032456638,False,0.0,
202331,Paul George,24.948756146784827,2.679392858542329,20.553784125529667,23.188022202635008,26.67422208550179,29.373485372094617,24.07202881152461,2499.0,74,-0.8767273352602167,0.8767273352602167,-0.3272111935601646,PTS,2023-24,24.948756146784827,2.679392858542329,False,0.0,
202685,Jonas Valančiūnas,20.38415379440824,2.409253176876053,16.39573993469396,18.816800482080325,22.04058963494821,24.350802117780795,18.70954356846473,1928.0,82,-1.674610225943507,1.674610225943507,-0.6950744081262901,PTS,2023-24,20.38415379440824,2.409253176876053,False,0.0,
202692,Alec Burks,18.09034209534311,2.4713617317057754,14.323512979950625,16.30816391490454,19.811513987235852,22.20800122627866,20.4822460776218,1211.0,66,2.3919039822786914,2.3919039822786914,0.9678485960158324,PTS,2023-24,18.09034209534311,2.4713617317057754,False,0.0,
202696,Nikola Vučević,18.319769891071,2.29140346553516,14.627396943830492,16.818752746153397,19.83862686157163,22.14821978948121,18.88208269525268,2612.0,76,0.5623128041816798,0.5623128041816798,0.2454010446607887,PTS,2023-24,18.319769891071,2.29140346553516,False,0.0,
202699,Tobias Harris,16.688936761697395,2.336788784195896,12.83172460507925,15.101967812085247,18.339014762297737,20.466793595569516,18.280894137494727,2371.0,70,1.5919573757973318,1.5919573757973318,0.6812585658421563,PTS,2023-24,16.688936761697395,2.336788784195896,False,0.0,
202704,Reggie Jackson,16.397244467197126,2.315822084087917,12.634155802452057,14.842241713571218,17.9515236511853,20.304382933975408,16.485981308411215,1819.0,82,0.0887368412140894,0.0887368412140894,0.0383176418533197,PTS,2023-24,16.397244467197126,2.315822084087917,False,0.0,
202710,Jimmy Butler III,24.450612084656623,2.6156751493239576,20.203053772850232,22.68427149239851,26.15453608518402,28.8346718885472,21.966699314397648,2042.0,60,-2.483912770258975,2.483912770258975,-0.9496258627150096,PTS,2023-24,24.450612084656623,2.6156751493239576,False,0.0,
202711,Bojan Bogdanović,23.3455710670592,2.552206931001032,19.25967754043229,21.643781451058143,24.978957239977845,27.660261512828654,21.113513513513517,1480.0,57,-2.2320575535456832,2.2320575535456832,-0.8745597884064286,PTS,2023-24,18.576895122570697,1.588852318587608,True,0.5,13.80821917808219
203076,Anthony Davis,28.006499181251986,2.883293393193973,23.1118309662604,26.14417442470228,29.948994066061317,32.84747483249162,25.0040725657164,2701.0,76,-3.00242661553558,3.00242661553558,-1.0413184529270665,PTS,2023-24,28.006499181251986,2.883293393193973,False,0.0,
203078,Bradley Beal,24.284995605915537,2.76304659554586,19.82160146518132,22.467161927130068,26.18509864561148,28.78438564578405,19.617863199547767,1769.0,53,-4.66713240636777,4.66713240636777,-1.6891254797842974,PTS,2023-24,19.33297399343396,1.6746994530088624,True,0.5,14.380952380952381
203081,Damian Lillard,32.417633462561625,3.025936373277636,27.608120420623973,30.291058231252915,34.44443648345059,37.57282254752847,24.77704536642109,2579.0,73,-7.640588096140533,7.640588096140533,-2.5250326357207555,PTS,2023-24,26.860192878069803,1.7846804670304273,True,0.5,21.30275229357798
203083,Andre Drummond,15.397909159235066,2.3670516717038903,11.448316853606316,13.874234500377138,17.036469812184965,19.08464958505588,17.69310600444774,1349.0,79,2.295196845212672,2.295196845212672,0.9696437440085562,PTS,2023-24,15.397909159235066,2.3670516717038903,False,0.0,
203084,Harrison Barnes,17.378608005908106,2.284888272572238,13.553912130343637,15.90900367521232,18.93051470083728,21.225272062974256,15.132408575031526,2379.0,82,-2.24619943087658,2.24619943087658,-0.9830675126831896,PTS,2023-24,17.378608005908106,2.284888272572238,False,0.0,
203110,Draymond Green,9.432585855061632,2.1244838241040904,5.893088617899639,8.09374022181516,10.81981838371333,12.73485971177178,11.46112600536193,1492.0,55,2.028540150300296,2.028540150300296,0.9548390659814724,PTS,2023-24,9.432585855061632,2.1244838241040904,False,0.0,
203114,Khris Middleton,22.774344556842458,2.6377733816122184,18.397503156456704,20.997516872941507,24.580282033224087,27.03643973257146,20.032258064516128,1488.0,55,-2.742086492326329,2.742086492326329,-1.039545895580444,PTS,2023-24,22.774344556842458,2.6377733816122184,False,0.0,
203200,Justin Holiday,11.333741728840549,2.1354197241435786,7.851761231625557,9.885811636266164,12.860212008297378,14.765850179327275,9.77262180974478,862.0,58,-1.561119919095768,1.561119919095768,-0.7310599885565183,PTS,2023-24,11.333741728840549,2.1354197241435786,False,0.0,
203468,CJ McCollum,21.34457546812715,2.483933172117863,17.239739443090347,19.63239294162005,23.069980373160124,25.5675539223654,22.043538675312643,2159.0,66,0.6989632071854928,0.6989632071854928,0.2813937246908858,PTS,2023-24,21.34457546812715,2.483933172117863,False,0.0,
203471,Dennis Schröder,14.421420894312542,2.34955389708014,10.672176432801702,12.746987610473804,16.027560743492106,18.26756051908009,16.228204098031338,2489.0,80,1.806783203718796,1.806783203718796,0.7689898946196292,PTS,2023-24,14.421420894312542,2.34955389708014,False,0.0,
203482,Kelly Olynyk,16.636143135052585,2.2941071374316264,12.864579954567605,15.064431546071283,18.155351964227517,20.56868198838915,15.586363636363638,1760.0,78,-1.049779498688947,1.049779498688947,-0.4575982880486699,PTS,2023-24,16.636143135052585,2.2941071374316264,False,0.0,
203484,Kentavious Caldwell-Pope,13.205901391715818,2.200891819188556,9.63438402204185,11.69358208340707,14.69041438576186,16.82347459428062,11.470881863560733,2404.0,76,-1.735019528155085,1.735019528155085,-0.788325674632553,PTS,2023-24,13.205901391715818,2.200891819188556,False,0.0,
203486,Mason Plumlee,13.332654579729727,2.174297227147735,9.782110470461692,11.80228785124762,14.83985357596428,16.790474823683336,13.052005943536404,673.0,46,-0.2806486361933249,0.2806486361933249,-0.129075561836356,PTS,2023-24,13.332654579729727,2.174297227147735,False,0.0,
203497,Rudy Gobert,16.235501167610444,2.3430956816262825,12.415699077641245,14.71145826649078,17.79316893702991,20.00160564573085,14.758887171561051,2588.0,76,-1.4766139960493927,1.4766139960493927,-0.6301979076776382,PTS,2023-24,16.235501167610444,2.3430956816262825,False,0.0,
203501,Tim Hardaway Jr.,17.49659097232286,2.3717039221593885,13.659443112976197,15.873133671843275,19.02926875294336,21.331204362192963,19.323279924599436,2122.0,79,1.826688952276573,1.826688952276573,0.7702010926445699,PTS,2023-24,17.49659097232286,2.3717039221593885,False,0.0,
203507,Giannis Antetokounmpo,34.96769802755342,3.0584873778585906,29.89868014656428,32.91267172703862,36.94506886801855,40.00071218980596,31.089001165954137,2573.0,73,-3.878696861599281,3.878696861599281,-1.2681748794121106,PTS,2023-24,34.96769802755342,3.0584873778585906,False,0.0,
203552,Seth Curry,17.078084247809443,2.392656370956792,13.235422140493446,15.42439881659287,18.69485332855708,21.12432090970145,13.229268292682928,615.0,44,-3.848815955126515,3.848815955126515,-1.6085953678285292,PTS,2023-24,14.593685060624864,1.5255204892064946,True,0.5,12.109285873440285
203897,Zach LaVine,23.89982937327516,2.5296125165800585,19.654233235177617,22.24289425917531,25.6056352068154,28.052689517303232,20.105504587155963,872.0,25,-3.7943247861191978,3.7943247861191978,-1.4999628446055375,PTS,2023-24,23.89982937327516,2.5296125165800585,False,0.0,
203903,Jordan Clarkson,22.834902437670703,2.5447565369024074,18.84393822635651,21.10704016842188,24.460854342591016,27.16202237337558,20.14973262032085,1683.0,55,-2.685169817349852,2.685169817349852,-1.0551774908173974,PTS,2023-24,22.834902437670703,2.5447565369024074,False,0.0,
203914,Gary Harris,12.93234235631524,2.2959272176268035,9.25676898752644,11.36372577412132,14.4742709342246,16.705502284217864,10.317411402157164,1298.0,54,-2.6149309541580745,2.6149309541580745,-1.1389433140920775,PTS,2023-24,12.93234235631524,2.2959272176268035,False,0.0,
203915,Spencer Dinwiddie,16.991680741519044,2.27979091881258,13.211079609524424,15.36648373367854,18.519814194245832,20.72620402450993,13.299256505576208,2152.0,76,-3.692424235942836,3.692424235942836,-1.6196328380262262,PTS,2023-24,16.991680741519044,2.27979091881258,False,0.0,
203924,Jerami Grant,21.538327460412837,2.5847289119139303,17.396810981975367,19.77000756035816,23.19903823967447,25.98731576022857,22.24454148471616,1832.0,54,0.7062140243033248,0.7062140243033248,0.2732255676980802,PTS,2023-24,21.538327460412837,2.5847289119139303,False,0.0,
203926,Doug McDermott,18.256121205101277,2.498204790544896,14.247289437144822,16.519982730641868,19.920105239226597,22.36626172022424,13.97787610619469,904.0,64,-4.278245098906583,4.278245098906583,-1.7125277779863006,PTS,2023-24,18.256121205101277,2.498204790544896,False,0.0,
203932,Aaron Gordon,18.83154956907065,2.416922305292126,14.92175991156378,17.1712396666967,20.397765448083675,22.83994255536388,15.883275261324044,2296.0,73,-2.9482743077466065,2.9482743077466065,-1.2198465384224495,PTS,2023-24,18.83154956907065,2.416922305292126,False,0.0,
203935,Marcus Smart,13.168951155498943,2.195394263216858,9.484836386019468,11.7075097761192,14.671447311994598,16.709138556016438,17.253731343283583,603.0,20,4.08478018778464,4.08478018778464,1.8606134926303897,PTS,2023-24,13.168951155498943,2.195394263216858,False,0.0,
203937,Kyle Anderson,12.339755067717531,2.210707873864602,8.538463948654368,10.87748611412426,13.82050793738892,16.023067652924517,10.23946037099494,1779.0,79,-2.1002946967225924,2.1002946967225924,-0.9500552838991824,PTS,2023-24,12.339755067717531,2.210707873864602,False,0.0,
203939,Dwight Powell,13.321243482163489,2.279421350328308,9.594183341444936,11.852637489655642,14.881394451538796,16.983187217174414,8.956937799043063,836.0,63,-4.364305683120424,4.364305683120424,-1.914655086691992,PTS,2023-24,13.321243482163489,2.279421350328308,False,0.0,
203944,Julius Randle,23.870856744482463,2.543312074673907,19.727040631511148,22.13407105576926,25.56339889449881,27.880617950671933,24.36855036855037,1628.0,46,0.4976936240679066,0.4976936240679066,0.1956872021423949,PTS,2023-24,23.870856744482463,2.543312074673907,False,0.0,
203952,Andrew Wiggins,18.90018236698224,2.5116897799823863,14.82427548074366,17.22138865206671,20.516147956315727,23.11359065109788,17.58792924037461,1922.0,71,-1.3122531266076294,1.3122531266076294,-0.5224582816978424,PTS,2023-24,18.90018236698224,2.5116897799823863,False,0.0,
203954,Joel Embiid,34.23013745068998,3.082634140822841,29.251034122803745,32.02265983227011,36.19772368309778,39.50316999158754,37.181679389312976,1310.0,39,2.951541938622995,2.951541938622995,0.9574739666755088,PTS,2023-24,34.23013745068998,3.082634140822841,False,0.0,
203991,Clint Capela,16.46175278113384,2.348708895855732,12.855683049791333,14.860084421396524,17.92454191722809,20.45849538683464,15.991498405951116,1882.0,73,-0.4702543751827228,0.4702543751827228,-0.2002182458679664,PTS,2023-24,16.46175278113384,2.348708895855732,False,0.0,
203992,Bogdan Bogdanović,19.411708204666123,2.522608706135984,15.275868540607036,17.750330656644383,21.067617769358765,23.606457792908063,19.97835137385512,2402.0,79,0.5666431691889962,0.5666431691889962,0.2246258675833059,PTS,2023-24,19.411708204666123,2.522608706135984,False,0.0,
203999,Nikola Jokić,26.539463411789225,2.7784684365401677,22.07101991425131,24.633476894503065,28.324597000747637,31.346518221951744,27.4241870661308,2737.0,79,0.8847236543415775,0.8847236543415775,0.3184213441860301,PTS,2023-24,26.539463411789225,2.7784684365401677,False,0.0,
204001,Kristaps Porziņģis,25.810655563685263,2.623333880909449,21.553239293303204,24.12656230155942,27.601425310532345,29.96649435432477,24.404973357015987,1689.0,57,-1.405682206669276,1.405682206669276,-0.5358380863750207,PTS,2023-24,18.547381571573684,1.6175542644068077,True,0.5,11.284107579462104
204060,Joe Ingles,10.784955847992396,2.1929734002893206,7.292603268995474,9.257018625429003,12.248494491793933,14.519824769605489,9.13893653516295,1166.0,68,-1.6460193128294467,1.6460193128294467,-0.7505879061790198,PTS,2023-24,10.784955847992396,2.1929734002893206,False,0.0,
204456,T.J. McConnell,15.215718025556162,2.4262535292361984,11.166210996497847,13.577713684857764,16.79670516655638,19.1943618925046,20.21003861003861,1295.0,71,4.99432058448245,4.99432058448245,2.058449590820254,PTS,2023-24,15.215718025556162,2.4262535292361984,False,0.0,
1626145,Tyus Jones,15.796223996053502,2.299421009349673,12.05611916300631,14.26246089045823,17.339940458024405,19.5500090060452,14.7128815312985,1933.0,66,-1.0833424647550025,1.0833424647550025,-0.4711370646567222,PTS,2023-24,15.796223996053502,2.299421009349673,False,0.0,
1626153,Delon Wright,10.977009319395798,2.2301423438915013,7.330672758632476,9.446418020072963,12.50724695062392,14.763204229202566,10.20242914979757,741.0,47,-0.7745801695982273,0.7745801695982273,-0.3473231974272183,PTS,2023-24,10.977009319395798,2.2301423438915013,False,0.0,
1626156,D'Angelo Russell,19.96354131816502,2.399474199649016,16.039559026613073,18.28410394195036,21.54715915867211,23.882329887209263,19.83259557344065,2485.0,76,-0.1309457447243751,0.1309457447243751,-0.0545726829417583,PTS,2023-24,17.504429269354414,1.5281952572607052,True,0.5,15.045317220543806
1626157,Karl-Anthony Towns,23.854117650648224,2.9074102792118035,18.91236132240676,21.93090194172509,25.797488126987265,28.48870749665112,23.98222222222222,2025.0,62,0.1281045715739956,0.1281045715739956,0.0440614014781308,PTS,2023-24,23.854117650648224,2.9074102792118035,False,0.0,
1626162,Kelly Oubre Jr.,20.5698585065915,2.6540288131692678,16.13473283085672,18.782588382520583,22.3242978641621,25.02567007438443,18.340942204953866,2059.0,68,-2.228916301637639,2.228916301637639,-0.8398237014525902,PTS,2023-24,18.298880833106992,1.6300241933486628,True,0.5,16.027903159622486
1626164,Devin Booker,28.196773915124933,2.7998310540375644,23.567899716634745,26.311961706909905,30.038474157192848,32.891482520105704,27.106748466257667,2445.0,68,-1.0900254488672658,1.0900254488672658,-0.3893182937932516,PTS,2023-24,28.196773915124933,2.7998310540375644,False,0.0,
1626166,Cameron Payne,18.616837407633938,2.524112049551458,14.442904464748388,16.95754171931393,20.35389600682264,22.88068626759885,15.957055214723926,1304.0,78,-2.6597821929100114,2.6597821929100114,-1.053749651637954,PTS,2023-24,18.616837407633938,2.524112049551458,False,0.0,
1626167,Myles Turner,21.890382917252328,2.617865948223091,17.69029801669763,20.19792861652666,23.683198569352825,26.14330626187657,22.735930735930737,2079.0,77,0.8455478186784084,0.8455478186784084,0.3229912590644049,PTS,2023-24,21.890382917252328,2.617865948223091,False,0.0,
1626168,Trey Lyles,17.66748772389584,2.400890966552115,13.895229434343188,15.963734689166763,19.222676272502376,21.529797856201053,13.025906735751295,1158.0,58,-4.641580988144543,4.641580988144543,-1.933274377224323,PTS,2023-24,17.66748772389584,2.400890966552115,False,0.0,
1626171,Bobby Portis,20.25721986466328,2.571262852712794,16.066654258488988,18.53540208760009,21.936518194418746,24.397107405389825,20.218687872763415,2012.0,82,-0.0385319918998625,0.0385319918998625,-0.0149856292829842,PTS,2023-24,20.25721986466328,2.571262852712794,False,0.0,
1626172,Kevon Looney,11.016347252186147,2.168627705661652,7.389339854571875,9.591866928759911,12.570892205822574,14.438958187783248,10.07035175879397,1194.0,74,-0.9459954933921768,0.9459954933921768,-0.436218485506968,PTS,2023-24,11.016347252186147,2.168627705661652,False,0.0,
1626179,Terry Rozier,20.2409961397164,2.414097928250436,16.39359599191996,18.61140802381652,21.89753764527136,24.252903846416373,21.254287114159727,2041.0,61,1.0132909744433292,1.0132909744433292,0.419738968575185,PTS,2023-24,20.2409961397164,2.414097928250436,False,0.0,
1626181,Norman Powell,23.839024912902165,2.661381793949976,19.64386757804752,22.00745205724183,25.67618202598298,28.15629587155224,19.1035175879397,1990.0,76,-4.735507324962466,4.735507324962466,-1.779341594553448,PTS,2023-24,23.839024912902165,2.661381793949976,False,0.0,
1626192,Pat Connaughton,12.295952737375597,2.180988104636206,8.756373445034317,10.856205680082176,13.798591057081197,15.80247779049425,9.21531100478469,1672.0,76,-3.080641732590907,3.080641732590907,-1.4124981819214302,PTS,2023-24,12.295952737375597,2.180988104636206,False,0.0,
1626196,Josh Richardson,14.06998187898451,2.238565433820608,10.47474051701526,12.498505584785397,15.55782281505092,17.824121849642403,13.858695652173912,1104.0,43,-0.2112862268105981,0.2112862268105981,-0.0943846552879142,PTS,2023-24,14.06998187898451,2.238565433820608,False,0.0,
1626220,Royce O'Neale,10.17638193154584,2.140449926716286,6.63855381066635,8.814157113245527,11.568182294952775,13.68518144750991,11.213114754098362,1952.0,79,1.036732822552521,1.036732822552521,0.4843527566855986,PTS,2023-24,10.17638193154584,2.140449926716286,False,0.0,
1626224,Cedi Osman,16.775172811385982,2.2618321111368065,13.026565761172204,15.188965503140391,18.29043204017638,20.375420769305325,13.861417322834646,1270.0,72,-2.9137554885513364,2.9137554885513364,-1.2882280140089046,PTS,2023-24,16.775172811385982,2.2618321111368065,False,0.0,
1627734,Domantas Sabonis,19.97732235997881,2.445254351937727,16.145715066992704,18.33685949414643,21.58828224199644,24.194260005187264,19.572696245733788,2930.0,82,-0.4046261142450227,0.4046261142450227,-0.1654740391012408,PTS,2023-24,19.97732235997881,2.445254351937727,False,0.0,
1627736,Malik Beasley,17.293328491869467,2.3192103908127684,13.53724538895974,15.695542872817152,18.88972828192325,20.98255117360788,13.688622754491018,2338.0,79,-3.604705737378449,3.604705737378449,-1.5542814708221353,PTS,2023-24,14.455528511862711,1.4968954021013858,True,0.5,11.617728531855956
1627741,Buddy Hield,19.325062719306032,2.431099846889658,15.337779347391912,17.75293209119741,20.905935566946155,23.4132125633917,16.891153311718387,2159.0,84,-2.4339094075876453,2.4339094075876453,-1.0011556747459722,PTS,2023-24,19.325062719306032,2.431099846889658,False,0.0,
1627742,Brandon Ingram,25.000704484563357,2.720107175107833,20.517847976930444,23.16051776348281,26.851909190836743,29.35739605175988,22.78004750593824,2105.0,64,-2.220656978625112,2.220656978625112,-0.8163858391120482,PTS,2023-24,25.000704484563357,2.720107175107833,False,0.0,
1627747,Caris LeVert,14.75738998685704,2.326479655502008,10.860534547054316,13.269700067664855,16.30969306942001,18.548070547848475,17.512519161982627,1957.0,68,2.755129175125589,2.755129175125589,1.1842481272552057,PTS,2023-24,14.75738998685704,2.326479655502008,False,0.0,
1627749,Dejounte Murray,22.04410620856564,2.5200621852611493,18.061702570756648,20.30567676418518,23.614818478402025,26.360139248206448,22.68439971243709,2782.0,78,0.6402935038714581,0.6402935038714581,0.2540784539430346,PTS,2023-24,22.04410620856564,2.5200621852611493,False,0.0,
1627750,Jamal Murray,21.27632495846191,2.508654446200998,17.294508089940003,19.560738887013883,22.91581666974061,25.590682966616196,24.167561761546725,1862.0,59,2.891236803084816,2.891236803084816,1.1525050042117937,PTS,2023-24,21.27632495846191,2.508654446200998,False,0.0,
1627751,Jakob Poeltl,16.913150334426597,2.3337872487559466,13.20463591369048,15.2546855800136,18.475664329586788,20.827726737218864,15.136363636363637,1320.0,50,-1.77678669806296,1.77678669806296,-0.7613319076150139,PTS,2023-24,16.913150334426597,2.3337872487559466,False,0.0,
1627752,Taurean Prince,15.745985189342727,2.4905756381075586,11.787537015361435,14.044508855597298,17.410673228691923,19.915014533329032,11.903225806451612,2108.0,78,-3.8427593828911153,3.8427593828911153,-1.5429201683715985,PTS,2023-24,15.745985189342727,2.4905756381075586,False,0.0,
1627759,Jaylen Brown,26.420686896236408,2.577801818506704,22.29600420370033,24.701532577550083,28.179373160053984,30.73593819572995,24.74807856532878,2342.0,70,-1.6726083309076287,1.6726083309076287,-0.6488506288185315,PTS,2023-24,26.420686896236408,2.577801818506704,False,0.0,
1627777,Georges Niang,14.287144469049627,2.273428322815633,10.534113125813056,12.75675745726722,15.885335093130973,17.966219967113155,15.0999453850355,1831.0,82,0.8128009159858731,0.8128009159858731,0.3575221210313867,PTS,2023-24,14.287144469049627,2.273428322815633,False,0.0,
1627783,Pascal Siakam,23.71500525714232,2.533625240560613,19.686575664107902,21.951664275221088,25.520480352636262,27.79991245401555,23.50827067669173,2660.0,80,-0.2067345804505898,0.2067345804505898,-0.0815963533757841,PTS,2023-24,23.71500525714232,2.533625240560613,False,0.0,
1627826,Ivica Zubac,15.133498830177468,2.245674346427366,11.360753622050735,13.59055860232747,16.66394126381249,18.810464032242287,15.933110367892976,1794.0,68,0.7996115377155082,0.7996115377155082,0.3560674498453468,PTS,2023-24,15.133498830177468,2.245674346427366,False,0.0,
1627827,Dorian Finney-Smith,10.530895486656709,2.136559889625054,6.934459744298301,9.034330004084202,12.01839536148729,13.97322279041674,10.801862390067251,1933.0,68,0.2709669034105442,0.2709669034105442,0.1268239213542927,PTS,2023-24,10.530895486656709,2.136559889625054,False,0.0,
1627832,Fred VanVleet,19.45946683458773,2.4405637698229654,15.443243728354934,17.784070102234566,21.07655541550322,23.427761658597625,17.021593447505584,2686.0,73,-2.4378733870821456,2.4378733870821456,-0.9988976388266982,PTS,2023-24,19.45946683458773,2.4405637698229654,False,0.0,
1627884,Derrick Jones Jr.,12.831763421625649,2.312263939744652,8.93326338225847,11.23699593500756,14.388856383399329,16.51628586890041,13.287640449438202,1780.0,76,0.4558770278125532,0.4558770278125532,0.1971561377473614,PTS,2023-24,12.831763421625649,2.312263939744652,False,0.0,
1627936,Alex Caruso,8.845990236282967,2.130249602346248,5.190222012495322,7.470577560499096,10.28992828101439,12.303651795685232,12.617647058823527,2040.0,71,3.771656822540562,3.771656822540562,1.77052342522983,PTS,2023-24,8.845990236282967,2.130249602346248,False,0.0,
1628368,De'Aaron Fox,25.79015591990432,2.553247599987408,21.74620046229611,24.022968972665357,27.472245885767123,30.074736554440875,26.617525385483265,2659.0,74,0.8273694655789434,0.8273694655789434,0.3240459192375326,PTS,2023-24,25.79015591990432,2.553247599987408,False,0.0,
1628369,Jayson Tatum,28.962175549910206,2.6018683345693976,24.82517084146009,27.189294533109507,30.70880541072369,33.299770159823765,27.013595166163142,2648.0,74,-1.948580383747064,1.948580383747064,-0.7489158301584654,PTS,2023-24,28.962175549910206,2.6018683345693976,False,0.0,
1628370,Malik Monk,20.08478218031304,2.3251460299778213,16.317588721486445,18.50401760088389,21.60523444784112,24.02565969717025,21.323372465314836,1874.0,72,1.2385902850017914,1.2385902850017914,0.5326935465698925,PTS,2023-24,20.08478218031304,2.3251460299778213,False,0.0,
1628374,Lauri Markkanen,25.856028282098485,2.676045507626742,21.422747247089006,24.007323958998573,27.65326814554975,30.25925613353549,25.237520570488204,1823.0,55,-0.6185077116102811,0.6185077116102811,-0.2311275013251946,PTS,2023-24,25.856028282098485,2.676045507626742,False,0.0,
1628378,Donovan Mitchell,27.494170559909744,2.70448375042337,23.12318862987777,25.56770687169221,29.389010187183825,32.11537780724712,27.09259259259259,1944.0,55,-0.4015779673171522,0.4015779673171522,-0.1484859974678301,PTS,2023-24,27.494170559909744,2.70448375042337,False,0.0,
1628379,Luke Kennard,15.586975702159242,2.233295469721345,11.926555323932591,14.136790157916634,17.09175181864505,19.239566546179727,15.444,1000.0,39,-0.1429757021592426,0.1429757021592426,-0.0640200565029051,PTS,2023-24,15.586975702159242,2.233295469721345,False,0.0,
1628381,John Collins,16.630405611962942,2.291865205606189,12.961941566111394,15.011791999594848,18.15759177177859,20.49536067533923,19.46919431279621,1899.0,68,2.838788700833266,2.838788700833266,1.2386368508449948,PTS,2023-24,16.630405611962942,2.291865205606189,False,0.0,
1628384,OG Anunoby,18.137643409747103,2.3698882521141,14.461614627882849,16.510841462257225,19.678830495566007,22.145739757331334,15.47683284457478,1705.0,50,-2.6608105651723264,2.6608105651723264,-1.1227578189810026,PTS,2023-24,18.137643409747103,2.3698882521141,False,0.0,
1628386,Jarrett Allen,16.159688259163364,2.318854987719517,12.401753185629817,14.63131903346865,17.702800204359917,20.071623796263523,18.744776730848013,2441.0,77,2.5850884716846494,2.5850884716846494,1.1148124765779168,PTS,2023-24,16.159688259163364,2.318854987719517,False,0.0,
1628389,Bam Adebayo,20.726577024624294,2.509701666134753,16.722519642128383,19.02069657289248,22.356894407063688,24.96192253198281,20.377639751552795,2415.0,71,-0.3489372730715026,0.3489372730715026,-0.1390353593735739,PTS,2023-24,20.726577024624294,2.509701666134753,False,0.0,
1628392,Isaiah Hartenstein,10.97706537192246,2.109580879723933,7.558260327633318,9.545636387792497,12.450157811461125,14.3592046913487,11.044807590933052,1897.0,75,0.0677422190105936,0.0677422190105936,0.0321116955797677,PTS,2023-24,10.97706537192246,2.109580879723933,False,0.0,
1628398,Kyle Kuzma,21.694554971015744,2.5330343649607654,17.651035727868237,19.926147187499332,23.367653147799448,25.90844572290657,24.521052631578947,2280.0,70,2.826497660563202,2.826497660563202,1.115854447007071,PTS,2023-24,21.694554971015744,2.5330343649607654,False,0.0,
1628401,Derrick White,16.15155832637701,2.264626074987924,12.546262245953509,14.57522798128971,17.676390203108337,19.95925853926384,16.74453781512605,2380.0,73,0.5929794887490409,0.5929794887490409,0.2618443262215829,PTS,2023-24,16.15155832637701,2.264626074987924,False,0.0,
1628404,Josh Hart,11.194956520392696,2.13533013802872,7.708519698101381,9.792849104807534,12.63380281731135,14.714703604124594,10.124168514412418,2706.0,81,-1.0707880059802797,1.0707880059802797,-0.5014625077922624,PTS,2023-24,11.194956520392696,2.13533013802872,False,0.0,
1628415,Dillon Brooks,17.665311357114128,2.3490897617865056,13.858315528041134,16.0267213933467,19.37840899694145,21.43706145810785,14.79119892231702,2227.0,72,-2.8741124347971088,2.8741124347971088,-1.2235004730561332,PTS,2023-24,17.665311357114128,2.3490897617865056,False,0.0,
1628420,Monte Morris,14.117936067067744,2.2618926803248898,10.367002351004,12.620809203794812,15.581538844192083,18.005005280854075,12.429473684210526,475.0,33,-1.6884623828572174,1.6884623828572174,-0.746482093312532,PTS,2023-24,14.117936067067744,2.2618926803248898,False,0.0,
1628449,Chris Boucher,16.786590925988307,2.4324018049546603,12.815180941228425,15.07686221381642,18.34716757126713,20.9422857943421,16.44255319148936,705.0,50,-0.3440377344989471,0.3440377344989471,-0.1414395162008852,PTS,2023-24,16.786590925988307,2.4324018049546603,False,0.0,
1628467,Maxi Kleber,9.280955138512304,2.1438041817157987,5.745177537023095,7.781268430789269,10.707803090881317,12.90905459860257,7.903448275862069,870.0,43,-1.3775068626502351,1.3775068626502351,-0.6425525588571921,PTS,2023-24,9.280955138512304,2.1438041817157987,False,0.0,
1628470,Torrey Craig,10.633419286209993,2.128206585066473,7.058571345715756,9.198013884436376,12.13824533082639,14.173697329445714,10.368821292775666,1052.0,53,-0.264597993434327,0.264597993434327,-0.1243290925284221,PTS,2023-24,10.633419286209993,2.128206585066473,False,0.0,
1628960,Grayson Allen,13.278537006076563,2.1892707504635887,9.608829162408725,11.911328879883328,14.665098506761009,16.85622078085027,14.52606446478313,2513.0,75,1.247527458706564,1.247527458706564,0.5698369918121795,PTS,2023-24,13.278537006076563,2.1892707504635887,False,0.0,
1628964,Mo Bamba,15.9538135724095,2.441819366862463,11.811484914139845,14.381951333684547,17.614400006048026,19.913060011031188,12.324763193504737,739.0,57,-3.629050378904765,3.629050378904765,-1.486207550056332,PTS,2023-24,15.9538135724095,2.441819366862463,False,0.0,
1628969,Mikal Bridges,20.643990952433043,2.4452704575887285,16.66052392231374,18.985514956623483,22.373491688577268,24.65008595972901,20.2507880910683,2855.0,82,-0.3932028613647418,0.3932028613647418,-0.1608013789004254,PTS,2023-24,15.337776207113532,1.5462368959211388,True,0.5,10.03156146179402
1628970,Miles Bridges,20.47008847815587,2.8434670220738307,15.985349313010255,18.598947917009465,22.270497841056187,25.39068325872305,20.17169373549884,2586.0,69,-0.2983947426570275,0.2983947426570275,-0.1049404618870517,PTS,2023-24,20.47008847815587,2.8434670220738307,False,0.0,
1628971,Bruce Brown,15.345184579879664,2.150604591621587,11.76049507705467,13.89460540032082,16.816208921719483,18.79646552542579,14.006430868167202,1866.0,67,-1.338753711712462,1.338753711712462,-0.6225010943099598,PTS,2023-24,15.345184579879664,2.150604591621587,False,0.0,
1628972,Troy Brown Jr.,10.386608992906275,2.07291191554698,7.036428150362861,8.94817785459167,11.743605947789607,13.73455400101324,10.752116082224909,827.0,59,0.3655070893186316,0.3655070893186316,0.1763254321504467,PTS,2023-24,10.386608992906275,2.07291191554698,False,0.0,
1628973,Jalen Brunson,23.997767526534584,2.591162149021414,19.677061370099985,22.3195824679474,25.607381186390903,28.27573622147968,29.179919384389887,2729.0,77,5.182151857855303,5.182151857855303,1.9999334506381277,PTS,2023-24,23.997767526534584,2.591162149021414,False,0.0,
1628975,Jevon Carter,12.5664821586903,2.1880260608027835,8.888493757115555,11.165835531905078,14.056085162160253,16.16376341722717,12.82634730538922,1002.0,72,0.259865146698921,0.259865146698921,0.1187669339749897,PTS,2023-24,12.5664821586903,2.1880260608027835,False,0.0,
1628976,Wendell Carter Jr.,18.71169041328407,2.412532666713464,14.741490336993351,17.092749408265327,20.34485834309077,22.67932349872348,15.45053380782918,1405.0,55,-3.261156605454889,3.261156605454889,-1.351756455135377,PTS,2023-24,18.71169041328407,2.412532666713464,False,0.0,
1628978,Donte DiVincenzo,13.075346814160376,2.203873478433068,9.470500999085216,11.591867479368313,14.583221678728393,16.671180146871297,19.18070249682607,2363.0,81,6.105355682665692,6.105355682665692,2.770284112228865,PTS,2023-24,13.075346814160376,2.203873478433068,False,0.0,
1628983,Shai Gilgeous-Alexander,31.48060064154643,2.879076134714017,26.83256232463615,29.53273942364503,33.32389828620475,36.26536519840656,31.77133907595928,2554.0,75,0.2907384344128481,0.2907384344128481,0.1009832393479679,PTS,2023-24,31.48060064154643,2.879076134714017,False,0.0,
1628988,Aaron Holiday,12.872121285307566,2.289045175361484,9.130454259652195,11.288430401526137,14.373930182312384,16.545377128102537,14.581560283687942,1269.0,78,1.7094389983803762,1.7094389983803762,0.7467912895648392,PTS,2023-24,12.872121285307566,2.289045175361484,False,0.0,
1628989,Kevin Huerter,17.768426976762207,2.344498462136964,13.888325148299437,16.177805962465186,19.29933819037608,21.692561032212645,15.06709265175719,1565.0,64,-2.7013343250050177,2.7013343250050177,-1.152201363588358,PTS,2023-24,17.768426976762207,2.344498462136964,False,0.0,
1628991,Jaren Jackson Jr.,22.20228758121212,2.4140096258691406,18.369189145673325,20.591077066498976,23.821975478151924,26.208386358667923,25.1864406779661,2124.0,66,2.984153096753978,2.984153096753978,1.236181109128578,PTS,2023-24,22.20228758121212,2.4140096258691406,False,0.0,
1628997,Caleb Martin,12.26094262537218,2.17840009508357,8.599887359610694,10.828224744013417,13.735386526931965,15.8415542732805,13.10580204778157,1758.0,64,0.8448594224093888,0.8448594224093888,0.3878348262636196,PTS,2023-24,12.26094262537218,2.17840009508357,False,0.0,
1629001,De'Anthony Melton,14.42039704236428,2.1806316945984565,10.784746059077143,12.921490510074262,15.91799834480765,17.85229738563445,14.829745596868884,1022.0,38,0.4093485545046054,0.4093485545046054,0.1877201709571515,PTS,2023-24,14.42039704236428,2.1806316945984565,False,0.0,
1629003,Shake Milton,13.847284908184488,2.183113747837952,10.316964630741383,12.357375078414748,15.278073348591928,17.448463824570833,13.360824742268042,582.0,48,-0.486460165916446,0.486460165916446,-0.2228285935161245,PTS,2023-24,13.847284908184488,2.183113747837952,False,0.0,
1629006,Josh Okogie,13.930488630232112,2.2851399831264856,10.249907823177006,12.376672403655515,15.490738269894043,17.86033376820151,10.34439834024896,964.0,60,-3.586090289983151,3.586090289983151,-1.5693088022890962,PTS,2023-24,13.930488630232112,2.2851399831264856,False,0.0,
1629008,Michael Porter Jr.,20.694501097295547,2.42440629058304,16.796123443889773,18.98533735908789,22.331572985093786,24.654730713355093,19.016751071289445,2567.0,81,-1.6777500260061018,1.6777500260061018,-0.6920251083833905,PTS,2023-24,20.694501097295547,2.42440629058304,False,0.0,
1629012,Collin Sexton,22.199013674994767,2.592493291067589,18.14535178731091,20.3793659939163,23.938071575573865,26.381655985719043,25.307618129218906,2074.0,78,3.108604454224136,3.108604454224136,1.1990790737761223,PTS,2023-24,22.199013674994767,2.592493291067589,False,0.0,
1629013,Landry Shamet,15.916867400589576,2.4487208299062417,11.95968036762402,14.257689250023272,17.5597578591373,20.031524915874915,16.192572214580466,727.0,46,0.27570481399089,0.27570481399089,0.1125913622425657,PTS,2023-24,15.916867400589576,2.4487208299062417,False,0.0,
1629014,Anfernee Simons,21.092324265563075,2.3108468885666307,17.26385645724063,19.52885613545559,22.66416273027093,25.01596316364459,23.628553379658875,1583.0,46,2.5362291140958,2.5362291140958,1.0975323058590736,PTS,2023-24,21.092324265563075,2.3108468885666307,False,0.0,
1629018,Gary Trent Jr.,19.637807529669605,2.397342140563332,15.602065760123518,18.08743104898052,21.18590367743189,23.71865453180857,17.584754262788366,1994.0,71,-2.053053266881239,2.053053266881239,-0.8563872599339569,PTS,2023-24,19.637807529669605,2.397342140563332,False,0.0,
1629020,Jarred Vanderbilt,12.120193030092178,2.214632571425123,8.391692479736253,10.620836239642705,13.666958968797273,15.825666883628845,9.262435677530016,583.0,29,-2.857757352562162,2.857757352562162,-1.2903979601109117,PTS,2023-24,12.120193030092178,2.214632571425123,False,0.0,
1629021,Moritz Wagner,20.15934864119957,2.601405595140989,15.86619198313847,18.449941837902045,21.886004027865503,24.56336373550484,22.114649681528665,1413.0,80,1.9553010403290896,1.9553010403290896,0.7516325189663928,PTS,2023-24,20.15934864119957,2.601405595140989,False,0.0,
1629022,Lonnie Walker IV,17.83368914894812,2.393214540441935,14.04974341662026,16.201594240279576,19.35244558491141,21.829945287965245,20.039408866995075,1015.0,58,2.2057197180469537,2.2057197180469537,0.9216556563456452,PTS,2023-24,17.83368914894812,2.393214540441935,False,0.0,
1629023,P.J. Washington,17.034372905691576,2.333908814538451,13.251159951134698,15.473034995166746,18.628228681392383,20.62293324255817,15.227027027027027,2220.0,73,-1.8073458786645489,1.8073458786645489,-0.7743858146497321,PTS,2023-24,17.034372905691576,2.333908814538451,False,0.0,
1629026,Kenrich Williams,13.292990125855637,2.298661510768558,9.59845739809679,11.660587627405889,14.85294038412822,17.136238672478907,11.370262390670554,1029.0,69,-1.9227277351850809,1.9227277351850809,-0.8364553572492787,PTS,2023-24,13.292990125855637,2.298661510768558,False,0.0,
1629027,Trae Young,28.374015980504264,2.65359480777459,24.103560775190783,26.55067753454361,30.17138694067818,32.69197933015841,25.80185758513932,1938.0,54,-2.572158395364948,2.572158395364948,-0.9693109090464576,PTS,2023-24,28.374015980504264,2.65359480777459,False,0.0,
1629028,Deandre Ayton,20.266735680517726,2.472226396526947,16.188979587459862,18.593665355238468,21.94221240558626,24.4381672788906,18.57543466068424,1783.0,55,-1.6913010198334888,1.6913010198334888,-0.6841206057056409,PTS,2023-24,16.027173149993377,1.5569160139647689,True,0.5,11.787610619469026
1629029,Luka Dončić,31.29286591824573,2.8018504475345485,26.64684515652158,29.370859994378517,33.08666414367163,35.92116784639861,32.515243902439025,2624.0,70,1.2223779841932902,1.2223779841932902,0.436275242766403,PTS,2023-24,31.29286591824573,2.8018504475345485,False,0.0,
1629048,Goga Bitadze,15.4214160448365,2.4344791871600946,11.57571653307972,13.750669755747456,17.081761853121545,19.517297064813064,11.686847599164928,958.0,62,-3.7345684456715738,3.7345684456715738,-1.5340317819796516,PTS,2023-24,15.4214160448365,2.4344791871600946,False,0.0,
1629060,Rui Hachimura,17.877594042252653,2.385328382582111,13.93607266056853,16.284865481660425,19.47777325747215,21.770426514252687,18.207123287671237,1825.0,68,0.3295292454185805,0.3295292454185805,0.1381483773156072,PTS,2023-24,17.877594042252653,2.385328382582111,False,0.0,
1629130,Duncan Robinson,14.466552313246511,2.3594516632252405,10.661416177306224,12.746255573224976,16.053407280030818,18.480014721629384,16.544117647058822,1904.0,68,2.077565333812311,2.077565333812311,0.8805288814318805,PTS,2023-24,14.466552313246511,2.3594516632252405,False,0.0,
1629234,Drew Eubanks,13.185931609508648,2.2462443540716115,9.449197858265029,11.752437728896616,14.6396092982938,16.863417438338548,11.711587982832617,1165.0,75,-1.4743436266760312,1.4743436266760312,-0.6563594134376302,PTS,2023-24,13.185931609508648,2.2462443540716115,False,0.0,
1629599,Amir Coffey,12.850248210409465,2.291313581780604,9.214344396938827,11.30145983199662,14.34935121255184,16.7117626940582,11.424263193968471,1459.0,70,-1.4259850164409915,1.4259850164409915,-0.6223438938169448,PTS,2023-24,12.850248210409465,2.291313581780604,False,0.0,
1629611,Terance Mann,14.78119459496974,2.3215726425157683,11.086533927244863,13.220325442416176,16.26881311913091,18.697637337690704,12.626865671641792,1876.0,75,-2.154328923327947,2.154328923327947,-0.9279610225736517,PTS,2023-24,14.78119459496974,2.3215726425157683,False,0.0,
1629622,Max Strus,14.583413026901418,2.252688584439211,10.89561821407112,13.0177621882847,16.04358975886293,18.104591831056773,13.70281124497992,2241.0,70,-0.8806017819214986,0.8806017819214986,-0.3909114593132798,PTS,2023-24,14.583413026901418,2.252688584439211,False,0.0,
1629628,RJ Barrett,21.68554555200332,2.3986834539587223,17.59454654448798,20.07790932893424,23.28494255535237,25.65209391674213,22.916213275299235,1838.0,58,1.2306677232959125,1.2306677232959125,0.5130596624847901,PTS,2023-24,19.315134585046884,1.5278848823431128,True,0.5,16.944723618090453
1629631,De'Andre Hunter,18.657770675432992,2.4030451326482787,14.838467803174508,17.012296741303334,20.228419744232006,22.79086413958557,19.07015457788347,1682.0,57,0.4123839024504789,0.4123839024504789,0.1716088877598444,PTS,2023-24,18.657770675432992,2.4030451326482787,False,0.0,
1629632,Coby White,15.016760472756696,2.281228976670811,11.334243533400045,13.48361162570215,16.56413545624656,18.83900989040777,18.8625,2880.0,79,3.8457395272433015,3.8457395272433015,1.6858191643943223,PTS,2023-24,15.016760472756696,2.281228976670811,False,0.0,
1629636,Darius Garland,21.450797030291287,2.465297558001851,17.383081309919387,19.73453736346504,23.16909986990955,25.46023935609269,19.477894736842103,1900.0,57,-1.9729022934491844,1.9729022934491844,-0.8002694388941195,PTS,2023-24,21.450797030291287,2.465297558001851,False,0.0,
1629637,Jaxson Hayes,15.737927114216207,2.2503475282261256,12.185684068790398,14.162530367562448,17.213446073644032,19.564663024353205,12.381384790011351,881.0,70,-3.3565423242048578,3.3565423242048578,-1.4915662057098835,PTS,2023-24,15.737927114216207,2.2503475282261256,False,0.0,
1629638,Nickeil Alexander-Walker,15.195392275551235,2.3549242504291032,11.262761035164736,13.582019525688928,16.779457259089256,19.08937124338049,12.24935064935065,1925.0,82,-2.9460416262005857,2.9460416262005857,-1.2510133290545429,PTS,2023-24,15.195392275551235,2.3549242504291032,False,0.0,
1629639,Tyler Herro,20.43885688177284,2.3099630814008285,16.682911568679927,18.873575678364087,21.99981222244911,24.27087067144093,22.388059701492537,1407.0,42,1.9492028197197016,1.9492028197197016,0.8438242305317055,PTS,2023-24,20.43885688177284,2.3099630814008285,False,0.0,
1629640,Keldon Johnson,23.82875610806934,2.5124640626680206,19.758773690802,22.15092588169065,25.536706471313767,27.988857338113423,19.138793526238352,2039.0,69,-4.6899625818309865,4.6899625818309865,-1.866678473741292,PTS,2023-24,23.82875610806934,2.5124640626680206,False,0.0,
1629651,Nic Claxton,16.1926376548403,2.2833207663374413,12.452790930582,14.560054359582734,17.733358866448164,20.08610873649585,14.314893617021276,2115.0,71,-1.877744037819024,1.877744037819024,-0.8223741777774911,PTS,2023-24,16.1926376548403,2.2833207663374413,False,0.0,
1629652,Luguentz Dort,16.598038448039947,2.2989953148800435,12.883868393703082,15.017353582826054,18.079091371248648,20.507377359743565,13.784505788067676,2246.0,79,-2.813532659972271,2.813532659972271,-1.2238096536177911,PTS,2023-24,16.598038448039947,2.2989953148800435,False,0.0,
1629655,Daniel Gafford,17.848034610360543,2.3507564646837102,13.95977103849206,16.266371284734582,19.449591373895363,21.61902607860693,16.17218543046358,1812.0,74,-1.6758491798969644,1.6758491798969644,-0.7128978288792865,PTS,2023-24,17.848034610360543,2.3507564646837102,False,0.0,
1629659,Talen Horton-Tucker,17.76559329115123,2.374767644774693,13.78634477943034,16.17554182074523,19.405381036758666,21.699460594665087,18.46520874751491,1006.0,51,0.6996154563636807,0.6996154563636807,0.2946037511935434,PTS,2023-24,17.76559329115123,2.374767644774693,False,0.0,
1629661,Cameron Johnson,20.10001810026648,2.611202429055798,15.98111117313618,18.29740750979932,21.757184584030902,24.49106722546897,17.46,1600.0,58,-2.6400181002664773,2.6400181002664773,-1.0110354030350297,PTS,2023-24,20.10001810026648,2.611202429055798,False,0.0,
1629673,Jordan Poole,24.96338992192308,2.565265946144707,20.71923877383043,23.249630003300723,26.697392825154225,29.173507367796716,20.808184143222505,2346.0,78,-4.1552057787005765,4.1552057787005765,-1.6197953217853929,PTS,2023-24,19.23966426438539,1.594101307706388,True,0.5,13.515938606847698
1629675,Naz Reid,21.397316934853023,2.45552630092343,17.542269317050703,19.710613245211213,22.98229572200519,25.625613394713,19.979633401222,1964.0,81,-1.4176835336310276,1.4176835336310276,-0.5773440639173324,PTS,2023-24,21.397316934853023,2.45552630092343,False,0.0,
1629680,Matisse Thybulle,9.475881017822896,2.146979600826748,5.967566005398169,8.033445428047724,10.895401520589033,13.021795737005975,8.564516129032258,1488.0,65,-0.9113648887906384,0.9113648887906384,-0.4244869808915252,PTS,2023-24,9.475881017822896,2.146979600826748,False,0.0,
1629684,Grant Williams,12.11179806499888,2.128192045327497,8.543666376537061,10.661581900341426,13.560021764705963,15.605729189818256,13.27563499529633,2126.0,76,1.1638369302974514,1.1638369302974514,0.5468664977170113,PTS,2023-24,12.11179806499888,2.128192045327497,False,0.0,
1629723,John Konchar,9.216891844654228,2.171061012803106,5.753343414478775,7.740835381529328,10.670643876557552,12.77471316563353,7.2,1175.0,55,-2.016891844654228,2.016891844654228,-0.9289890209258436,PTS,2023-24,9.216891844654228,2.171061012803106,False,0.0,
1629726,Garrison Mathews,14.167880595297156,2.3341587260252146,10.345075243390086,12.598742397646316,15.72385825084839,17.982670401347196,11.818181818181818,990.0,66,-2.349698777115337,2.349698777115337,-1.0066576668145382,PTS,2023-24,14.167880595297156,2.3341587260252146,False,0.0,
1630162,Anthony Edwards,23.80622006526388,2.4187194260166267,19.91883381367077,22.12189422594684,25.41445245666202,27.961255802486907,26.581621621621625,2775.0,79,2.7754015563577425,2.7754015563577425,1.1474673442915757,PTS,2023-24,23.80622006526388,2.4187194260166267,False,0.0,
1630166,Deni Avdija,13.7321352434842,2.100379171471763,10.220412893650252,12.335292172096644,15.145522216288484,17.2894243677485,17.561752988047807,2259.0,75,3.829617744563608,3.829617744563608,1.823298286604197,PTS,2023-24,13.7321352434842,2.100379171471763,False,0.0,
1630167,Obi Toppin,17.70496742412641,2.4062987356143704,13.779032712891023,16.097187134628037,19.25196184653285,21.73706935707338,17.54219653179191,1730.0,82,-0.1627708923344997,0.1627708923344997,-0.0676436761260822,PTS,2023-24,17.70496742412641,2.4062987356143704,False,0.0,
1630168,Onyeka Okongwu,16.395041041377993,2.2496409608688435,12.793987682297226,14.85833180132533,17.892812378458814,20.18807929115427,14.374377224199288,1405.0,55,-2.020663817178706,2.020663817178706,-0.8982161386314271,PTS,2023-24,16.395041041377993,2.2496409608688435,False,0.0,
1630169,Tyrese Haliburton,20.52843678564219,2.3563518990267096,16.746903003021124,18.862072690934987,22.05401232417824,24.413877018561266,22.46361185983828,2226.0,69,1.9351750741960885,1.9351750741960885,0.8212589448101584,PTS,2023-24,20.52843678564219,2.3563518990267096,False,0.0,
1630170,Devin Vassell,18.982246767575475,2.493434144824855,15.0662039997856,17.271763088311673,20.68437329504747,23.240438344022124,21.205699020480857,2246.0,68,2.223452252905382,2.223452252905382,0.8917228704516529,PTS,2023-24,18.982246767575475,2.493434144824855,False,0.0,
1630171,Isaac Okoro,11.159085971956802,2.156687828891609,7.6680001789134975,9.777504615152896,12.61349852401614,14.7403700965426,12.317292437863564,1891.0,69,1.158206465906762,1.158206465906762,0.5370301860061043,PTS,2023-24,11.159085971956802,2.156687828891609,False,0.0,
1630173,Precious Achiuwa,15.026662531571738,2.2164696126614034,11.33582675368467,13.480007243064517,16.52659268355134,18.718033110455828,12.52463054187192,1624.0,74,-2.5020319896998178,2.5020319896998178,-1.1288365856257006,PTS,2023-24,15.026662531571738,2.2164696126614034,False,0.0,
1630175,Cole Anthony,19.25000120812097,2.414440030109918,15.257337866455751,17.641657662818034,20.83368227329557,23.236927359523904,18.554455445544555,1818.0,81,-0.6955457625764154,0.6955457625764154,-0.2880774647133192,PTS,2023-24,19.25000120812097,2.414440030109918,False,0.0,
1630178,Tyrese Maxey,20.210712903966535,2.369550037528012,16.368932557012773,18.635151927039097,21.75583931168245,24.23489521910779,24.914634146341463,2624.0,70,4.703921242374925,4.703921242374925,1.9851537920179143,PTS,2023-24,20.210712903966535,2.369550037528012,False,0.0,
1630180,Saddiq Bey,18.027053486611184,2.318563900149184,14.202365075194557,16.479406696339787,19.623718790620536,21.8990976945131,15.081553398058253,2060.0,63,-2.945500088552931,2.945500088552931,-1.2703984946731068,PTS,2023-24,18.027053486611184,2.318563900149184,False,0.0,
1630183,Jaden McDaniels,14.484137583280626,2.2013630521560104,10.766693189732916,12.968605116350576,15.998762370769125,18.0726591366084,12.946318289786223,2105.0,72,-1.5378192934944028,1.5378192934944028,-0.6985759536521092,PTS,2023-24,14.484137583280626,2.2013630521560104,False,0.0,
1630191,Isaiah Stewart,14.487588408820052,2.3032331181217813,10.767948201455509,12.937109172552145,16.0859479032382,18.216445409778483,12.71629213483146,1424.0,46,-1.7712962739885914,1.7712962739885914,-0.7690477616234658,PTS,2023-24,14.487588408820052,2.3032331181217813,False,0.0,
1630193,Immanuel Quickley,18.65361081529448,2.3022951589257743,14.985211929371538,17.143296585109702,20.130298030772217,22.579056306823706,20.944136889783596,1987.0,68,2.290526074489112,2.290526074489112,0.9948881078991828,PTS,2023-24,18.65361081529448,2.3022951589257743,False,0.0,
1630198,Isaiah Joe,16.734743345790218,2.38264753854788,12.764008510643466,15.217246585031212,18.332292492833773,20.619110125325832,15.85595567867036,1444.0,78,-0.8787876671198571,0.8787876671198571,-0.3688282269627845,PTS,2023-24,16.734743345790218,2.38264753854788,False,0.0,
1630200,Tre Jones,16.014411826478995,2.303968508036184,12.251921472195544,14.481233304562997,17.517038449774738,19.878025615998425,12.99438202247191,2136.0,77,-3.020029804007084,3.020029804007084,-1.310794741105747,PTS,2023-24,16.014411826478995,2.303968508036184,False,0.0,
1630202,Payton Pritchard,15.611983805368562,2.3444672677020093,11.685798974563625,14.079000675525112,17.193851760124193,19.474818816945675,15.54141524958859,1823.0,82,-0.0705685557799711,0.0705685557799711,-0.0301000388242317,PTS,2023-24,15.611983805368562,2.3444672677020093,False,0.0,
1630217,Desmond Bane,23.505598350829768,2.5680096058455204,19.28119255218489,21.7958308215064,25.26996572424428,27.839653914215795,24.87318087318087,1443.0,42,1.3675825223511031,1.3675825223511031,0.5325457191585641,PTS,2023-24,23.505598350829768,2.5680096058455204,False,0.0,
1630224,Jalen Green,22.16247227438115,2.313384368033632,18.24395903955168,20.580243059621985,23.70376835328452,26.079261397417955,22.29230769230769,2600.0,82,0.129835417926543,0.129835417926543,0.0561235822808393,PTS,2023-24,22.16247227438115,2.313384368033632,False,0.0,
1630230,Naji Marshall,14.061009212484969,2.219234913999007,10.401528527285896,12.567798554349167,15.463338504356416,17.790938159005137,13.335453100158984,1258.0,66,-0.7255561123259859,0.7255561123259859,-0.3269397519609817,PTS,2023-24,14.061009212484969,2.219234913999007,False,0.0,
1630231,KJ Martin,15.979259254154895,2.2365581622342945,12.218503152649516,14.484293082109737,17.48321633242577,19.680535287301083,10.809651474530831,746.0,60,-5.169607779624064,5.169607779624064,-2.3114121809645622,PTS,2023-24,15.979259254154895,2.2365581622342945,False,0.0,
1630256,Jae'Sean Tate,16.680045954207735,2.48506991419876,12.634708035286868,14.984349998546222,18.3413962852261,20.805377665514364,9.235237173281703,1033.0,65,-7.444808780926031,7.444808780926031,-2.9958146200994906,PTS,2023-24,16.680045954207735,2.48506991419876,False,0.0,
1630557,Corey Kispert,14.898871618762628,2.160366222800446,11.453290227083729,13.348298820336796,16.368226131858027,18.57042836083276,18.62669245647969,2068.0,80,3.727820837717063,3.727820837717063,1.725550417505025,PTS,2023-24,14.898871618762628,2.160366222800446,False,0.0,
1630558,Davion Mitchell,12.382027408541148,2.1552625209029244,8.854988686553744,10.956918106539003,13.827150475106569,15.882967818130098,12.414922656960872,1099.0,72,0.0328952484197255,0.0328952484197255,0.0152627571354715,PTS,2023-24,12.382027408541148,2.1552625209029244,False,0.0,
