stan_idx,nba_api_id,name,pct_3PT_mean,pct_3PT_sd,pct_FT_mean,pct_FT_sd
1,1713,Vince Carter,0.36177182062499996,0.010065525514147267,0.80382839875,0.04538207173029344
2,2544,LeBron James,0.3454589525,0.008649541332145523,0.7062403943749999,0.03278216151501214
3,2546,Carmelo Anthony,0.356915151875,0.008994020661948637,0.7827476668750001,0.04068232735150059
4,2594,Kyle Korver,0.361995081875,0.010381304076026358,0.8045990806250001,0.045075454199684714
5,2730,Dwight Howard,0.33309682375,0.01466994783835941,0.6365241606250001,0.049563291923066154
6,2738,Andre Iguodala,0.35827718500000005,0.009886016491528576,0.782561785625,0.047658956719536655
7,2772,Trevor Ariza,0.352094185625,0.009948107306539188,0.7526341424999999,0.04972391401644378
8,101107,Marvin Williams,0.35422388062500004,0.00972814818163635,0.765427895625,0.048660661205816254
9,101108,Chris Paul,0.36404802312499995,0.008309229317607634,0.8195544968749999,0.0303720003026429
10,101133,Ian Mahinmi,0.33846407,0.015302394581979645,0.6834260056250001,0.06311660124969573
11,101139,CJ Miles,0.36252991125,0.00965347331739325,0.80620880625,0.044377580364103456
12,101141,Ersan Ilyasova,0.35455208062500004,0.009713122788095732,0.7663148656250001,0.048728447332064856
13,101150,Lou Williams,0.364337615,0.008988228635374993,0.8178589256250001,0.03548091424725896
14,200746,LaMarcus Aldridge,0.344848036875,0.014093710497523894,0.7365916325,0.04698805648896264
15,200752,Rudy Gay,0.354086953125,0.008779647202531986,0.7669564381250001,0.0437687383399233
16,200755,JJ Redick,0.36463532875,0.009841523759976066,0.8170045881249999,0.04175574898075095
17,200757,Thabo Sefolosha,0.35306492625,0.009908759584494466,0.7556844925,0.05344632678380427
18,200765,Rajon Rondo,0.361185239375,0.009531001273453623,0.7981489625,0.045273664864933824
19,200768,Kyle Lowry,0.36439544437500004,0.008511853199327738,0.8198900462500001,0.03137691424232729
20,200782,P.J. Tucker,0.35256401,0.00928815162686581,0.754779824375,0.04726458773672189
21,200794,Paul Millsap,0.351647998125,0.009512080734879802,0.7474900331250001,0.04755159630859702
22,200826,J.J. Barea,0.362645673125,0.009381871151522907,0.8085276575,0.044557452643232916
23,201142,Kevin Durant,0.36680842375,0.00961527946014498,0.84444113125,0.02486243199506081
24,201143,Al Horford,0.34361997062499994,0.013968390417555708,0.724600414375,0.048439281358781214
25,201144,Mike Conley,0.36264221812499997,0.008059848835232364,0.8058792475,0.031835090675561825
26,201145,Jeff Green,0.3521152637500001,0.008598695886684559,0.754039398125,0.0392683834624577
27,201152,Thaddeus Young,0.345284448125,0.010179033738145727,0.6990528649999999,0.05308984714196091
28,201158,Marco Belinelli,0.36228433875,0.010021695448201287,0.8061104374999999,0.04267253672736827
29,201162,Jared Dudley,0.353633450625,0.010338443227406732,0.7621752624999999,0.054679585489740536
30,201163,Wilson Chandler,0.35404377687499994,0.009735046219694607,0.765033468125,0.05151720621864101
31,201188,Marc Gasol,0.34019654812499994,0.01499880538285246,0.6969885956249999,0.055764154668553494
32,201229,Anthony Tolliver,0.35271241124999997,0.010534932902948334,0.75780915,0.05385041817223892
33,201565,Derrick Rose,0.36484050124999995,0.010086699512662623,0.8216829781249999,0.038737177008626306
34,201566,Russell Westbrook,0.345031243125,0.010288606966094353,0.685250095625,0.03333218804733243
35,201567,Kevin Love,0.35805702187499994,0.009116517072607635,0.79173571375,0.03538216304258137
36,201568,Danilo Gallinari,0.36199433999999997,0.009394334230636037,0.8153124525000002,0.03485634676818547
37,201569,Eric Gordon,0.36067485437499996,0.00858912373372094,0.7955375631250001,0.034326879320363005
38,201571,D.J. Augustin,0.36528928625,0.009174873657266946,0.8224380249999999,0.0369062232048421
39,201572,Brook Lopez,0.34570805312499997,0.01399888199086101,0.745011114375,0.03879744725697224
40,201577,Robin Lopez,0.33819919374999996,0.01452622666907036,0.6806818468749999,0.05391951452667371
41,201580,JaVale McGee,0.337315359375,0.014678871065121958,0.672797715625,0.05032927397951172
42,201584,Courtney Lee,0.362453846875,0.010387356442434126,0.8074349337500002,0.04564715575522598
43,201586,Serge Ibaka,0.35180942125000003,0.009737910294567742,0.7473164506250001,0.04725827093388058
44,201587,Nicolas Batum,0.36032655874999997,0.009177566964495463,0.790059743125,0.04126419859457033
45,201588,George Hill,0.362399246875,0.009226901429836983,0.8047980475,0.04102834819844376
46,201599,DeAndre Jordan,0.33240955125,0.014726808964474395,0.6319380731249999,0.05342374845245818
47,201609,Goran Dragic,0.35896413374999997,0.008925247590241457,0.7841511374999999,0.041190592406213866
48,201933,Blake Griffin,0.34999994749999996,0.008797200606854646,0.738217911875,0.04404670974011973
49,201935,James Harden,0.367173069375,0.007392729021870889,0.8379666631250001,0.020734451124749847
50,201937,Ricky Rubio,0.363399275625,0.008638924233861868,0.8152807762500001,0.035584774027962944
51,201939,Stephen Curry,0.37464937750000005,0.009057414337091119,0.868573528125,0.023372568077084703
52,201942,DeMar DeRozan,0.3684693324999999,0.007643928730008132,0.8436666262499999,0.020606665784651115
53,201949,James Johnson,0.346015678125,0.009613729364339912,0.70446611625,0.05178598081458906
54,201950,Jrue Holiday,0.36158085624999997,0.008009318981073606,0.7985023099999999,0.03198844532403693
55,201952,Jeff Teague,0.36410637375,0.009597930903210906,0.813457604375,0.042850133402815745
56,201959,Taj Gibson,0.35110237437499997,0.009640561868245459,0.745345059375,0.048779616993572215
57,201960,DeMarre Carroll,0.353547876875,0.010446263587006371,0.75940026,0.051438517768702764
58,201961,Wayne Ellington,0.362794806875,0.010068822945090341,0.8061499524999999,0.04582117374288053
59,201976,Patrick Beverley,0.35633310875,0.009281038609682832,0.768849918125,0.042172763561837766
60,201980,Danny Green,0.36213249500000005,0.010011636536237468,0.8010584262499999,0.048310671596949586
61,201988,Patty Mills,0.36342422375,0.009238643334788714,0.811806061875,0.03960188309647404
62,202066,Garrett Temple,0.359667759375,0.00922934383029068,0.79229157125,0.04065092219036886
63,202083,Wesley Matthews,0.36112939250000003,0.008871183981771754,0.8014889393750001,0.038666862729450906
64,202322,John Wall,0.35605028,0.009072544311429401,0.7656766987499999,0.042294991371665376
65,202324,Derrick Favors,0.351169700625,0.00976199341296385,0.7445287118750001,0.05209713909340521
66,202326,DeMarcus Cousins,0.34136464625,0.014923903227829204,0.709155403125,0.05093800760410261
67,202329,Al-Farouq Aminu,0.35303554750000005,0.00942022201385104,0.7560106950000001,0.05152392196107285
68,202330,Gordon Hayward,0.35702741062500004,0.00830871905775867,0.7853867825,0.03614896152753137
69,202331,Paul George,0.3620313025,0.008528771230209177,0.8168209368749999,0.028287969487869578
70,202334,Ed Davis,0.338831959375,0.014689401316390488,0.6873231906249999,0.061301569363918305
71,202335,Patrick Patterson,0.35427094374999996,0.010304263956214239,0.763447538125,0.051536832413222156
72,202339,Eric Bledsoe,0.35716782249999995,0.008945631954604646,0.7731972874999999,0.0394513462170316
73,202340,Avery Bradley,0.36278347062500005,0.009872375137619472,0.808402486875,0.044117028441901865
74,202355,Hassan Whiteside,0.33535039874999995,0.014624025627789649,0.657098076875,0.05027085912157226
75,202357,Nemanja Bjelica,0.35253475562500003,0.009360525274505479,0.75250008625,0.04682905478122061
76,202362,Lance Stephenson,0.35346752062500003,0.010124925229764643,0.7620515212500001,0.04904079683558933
77,202397,Ish Smith,0.3590966925,0.009324004351695883,0.7845711449999999,0.043685943414060256
78,202681,Kyrie Irving,0.372653445625,0.008746343974958527,0.8597966825000001,0.02446348125365529
79,202683,Enes Freedom,0.34195659937500006,0.014799958059193093,0.71756265375,0.0525013303308841
80,202684,Tristan Thompson,0.333591325,0.014923544264328598,0.64203671875,0.05358951370507012
81,202685,Jonas Valančiūnas,0.34778462937499993,0.013420956503618214,0.76195940375,0.032619442761499404
82,202687,Bismack Biyombo,0.32877235937500005,0.015409298343580562,0.59582330375,0.04939614381690372
83,202688,Brandon Knight,0.362427325,0.009974811232017126,0.804886825,0.04694152210707888
84,202689,Kemba Walker,0.365096035625,0.00909707177787753,0.82444199,0.03554204461210202
85,202691,Klay Thompson,0.367242485,0.009103601544362813,0.8295838656250001,0.03655861140781428
86,202692,Alec Burks,0.36487666500000004,0.008142585311974017,0.820182161875,0.02977493116399552
87,202693,Markieff Morris,0.35382636,0.009455354242790166,0.76370016125,0.04786737359558177
88,202694,Marcus Morris Sr.,0.35723666375,0.008223602443998368,0.7843531812500001,0.035984410710051214
89,202695,Kawhi Leonard,0.3637675125,0.008642567835203478,0.8257879199999999,0.02846974421714831
90,202696,Nikola Vučević,0.346486378125,0.013762107595682666,0.7513225275000001,0.03848118999042576
91,202697,Iman Shumpert,0.36225752,0.009963244815111693,0.80448024625,0.04626108639635056
92,202699,Tobias Harris,0.360850666875,0.008226798608793868,0.8096419218750001,0.031037492355730376
93,202704,Reggie Jackson,0.3641653256249999,0.008732514727777066,0.8211680587500001,0.03442413322349669
94,202709,Cory Joseph,0.363956211875,0.008809125529286888,0.8140947175,0.03593414747197565
95,202710,Jimmy Butler III,0.360597845,0.007903802396693315,0.81563726875,0.02378759825729099
96,202711,Bojan Bogdanović,0.36366321562500004,0.008872305191388022,0.825451803125,0.026739227351203796
97,202722,Dāvis Bertāns,0.35856842875,0.009285221280948205,0.79267437625,0.039428225608292795
98,202734,E'Twaun Moore,0.36211864875000005,0.009377898022231499,0.8014995312500001,0.04365713374554637
99,202738,Isaiah Thomas,0.3625154575,0.009833010725329437,0.8047485556249999,0.04437870131770032
100,202954,Brad Wanamaker,0.3649614975,0.009879902636539175,0.82354048125,0.040053144566995595
101,203076,Anthony Davis,0.35258378,0.007118109982404037,0.7611768287500001,0.027955356438425595
102,203077,Michael Kidd-Gilchrist,0.35336805624999995,0.010670593091674237,0.756589229375,0.061860697998501135
103,203078,Bradley Beal,0.36645848875,0.007501704381330515,0.832888381875,0.023871464174638438
104,203079,Dion Waiters,0.3629027875,0.010271606453646564,0.809602201875,0.047407799264202
105,203081,Damian Lillard,0.37352649812500005,0.00880430518354495,0.869663390625,0.019413179318778187
106,203082,Terrence Ross,0.36343097437500005,0.008565194083540568,0.8166513974999999,0.03573935547569715
107,203083,Andre Drummond,0.33029615125,0.01511646783584457,0.6106469681250001,0.043221109260691226
108,203084,Harrison Barnes,0.36063986,0.007816408591571964,0.80842271125,0.025141304102967162
109,203085,Austin Rivers,0.35937637437500003,0.00875639364831312,0.78890689875,0.03976558256956948
110,203086,Meyers Leonard,0.35405340875,0.009848854574793123,0.76061257875,0.052977454718611657
111,203087,Jeremy Lamb,0.36431391375000005,0.009078018996320781,0.8189550568749999,0.03847338427395152
112,203089,John Henson,0.352174466875,0.00978080263782849,0.752276055,0.05190704179123459
113,203090,Maurice Harkless,0.35197002312500003,0.008945634078914709,0.7467697856249998,0.051735120993307515
114,203095,Evan Fournier,0.36077939437499995,0.008194812823523998,0.794874633125,0.03644441678158367
115,203107,Tomas Satoransky,0.362646460625,0.00953813739257826,0.8108584825,0.03780274886505866
116,203109,Jae Crowder,0.35438852125000003,0.009069866307837642,0.7658872400000001,0.04318346726808363
117,203110,Draymond Green,0.349011650625,0.009632071151357434,0.72994608875,0.0440426776390199
118,203114,Khris Middleton,0.3642818575,0.009116504456050781,0.829949880625,0.030873984705089893
119,203115,Will Barton,0.360797409375,0.00889360375146302,0.79508671,0.03760321617019148
120,203118,Mike Scott,0.353503329375,0.009558097231647997,0.76134111875,0.049033670394252035
121,203121,Darius Miller,0.35396178624999997,0.009667233590682028,0.7621937575,0.05414046791950032
122,203124,Kyle O'Quinn,0.339622069375,0.014902276898709545,0.694277989375,0.06401341464761907
123,203145,Kent Bazemore,0.36068867,0.009599770966856448,0.795487295,0.04378818000964101
124,203200,Justin Holiday,0.35397382374999997,0.009152661290585703,0.76251415625,0.04510395458573268
125,203210,JaMychal Green,0.355362935625,0.009280400256870975,0.7743849075,0.0417122512058531
126,203382,Aron Baynes,0.33932074125,0.014914451084243713,0.6933224456250001,0.06212336531375126
127,203457,Nerlens Noel,0.340111058125,0.01463673988537907,0.700006593125,0.054405081294386724
128,203458,Alex Len,0.33787373625,0.015076854932617277,0.677676415,0.052728041557863446
129,203459,Allen Crabbe,0.3617742225,0.010723488695755396,0.8032692581249999,0.04853577552579382
130,203463,Ben McLemore,0.3622717075,0.008377511131487308,0.8045970937499999,0.03771018106344042
131,203468,CJ McCollum,0.35804895375,0.008296476131639322,0.7735272575,0.0324961817189719
132,203469,Cody Zeller,0.350574325,0.008929769261401719,0.739200104375,0.04537359520910516
133,203471,Dennis Schröder,0.36572607375,0.007680252085433846,0.8287011093750002,0.02698474819935165
134,203473,Dewayne Dedmon,0.33976052312500005,0.014435107938398495,0.696504235625,0.05044569689157199
135,203476,Gorgui Dieng,0.34213738562499996,0.014401235851461443,0.7175085612500002,0.0503478688800231
136,203482,Kelly Olynyk,0.3588213125,0.008632876764140894,0.7956056712499999,0.0321928085902065
137,203484,Kentavious Caldwell-Pope,0.366027055,0.008645066132524668,0.82615537125,0.032154573500373526
138,203486,Mason Plumlee,0.33714264562499996,0.010744833413031276,0.6254342981250001,0.041612146894828034
139,203487,Michael Carter-Williams,0.35898959625000004,0.009626020463409891,0.7875662918749999,0.044424862943335953
140,203488,Mike Muscala,0.35574639937499997,0.00918004833224611,0.7697185506249999,0.04833095958214762
141,203490,Otto Porter Jr.,0.355503033125,0.009440068060574442,0.7710571212499999,0.04680850634907664
142,203493,Reggie Bullock Jr.,0.36252066875,0.00874151472559381,0.8041358475,0.04019769780676804
143,203496,Robert Covington,0.35481781749999997,0.008646089947366018,0.7669506237499999,0.0427685209813209
144,203497,Rudy Gobert,0.33509819250000006,0.014330364257990575,0.6554041531249999,0.0319180891112458
145,203500,Steven Adams,0.32484771875000007,0.015468301052463662,0.55675213125,0.04536285000266213
146,203501,Tim Hardaway Jr.,0.36063370375000003,0.007673481260385402,0.793306674375,0.031988556987766634
147,203503,Tony Snell,0.36461226249999995,0.009509966584120774,0.8167408581250001,0.041557619522799266
148,203504,Trey Burke,0.363532083125,0.009235665527925707,0.8138170512499999,0.04005657521215928
149,203506,Victor Oladipo,0.359021311875,0.00922318352256199,0.7855207193749999,0.03989938205839628
150,203507,Giannis Antetokounmpo,0.34298569062499995,0.008606285622143396,0.683309746875,0.0224885683545341
151,203516,James Ennis III,0.35502426875,0.009760075014774399,0.77004603,0.04698706839343246
152,203521,Matthew Dellavedova,0.36192226437499997,0.009705663843832675,0.8036637568749999,0.042988715241854644
153,203524,Solomon Hill,0.35292416125000003,0.009839847563300889,0.7597165899999999,0.04871055336637175
154,203526,Raul Neto,0.363076729375,0.00928103883099231,0.81241456125,0.03685801559696681
155,203552,Seth Curry,0.36839233312499997,0.00848818979588126,0.8341849499999999,0.03155486249888834
156,203584,Troy Daniels,0.36196110437499995,0.00965005305476249,0.8033353956249999,0.04332684658889747
157,203585,Rodney McGruder,0.362036353125,0.008840693684020373,0.8011346025,0.04007879877738657
158,203648,Thanasis Antetokounmpo,0.34733890875,0.009716471675545266,0.7134196787499999,0.05018733445167515
159,203894,Shabazz Napier,0.36233976749999997,0.010148074787536982,0.8074016481249999,0.04305063343146717
160,203895,Jordan McRae,0.361961088125,0.009214305253876115,0.8029251412499999,0.04457923755258774
161,203897,Zach LaVine,0.368411581875,0.007291863300336649,0.8377091150000001,0.020997219381903288
162,203901,Elfrid Payton,0.35518727874999995,0.009775849604883374,0.7593634487500001,0.0453776684428296
163,203903,Jordan Clarkson,0.362083794375,0.00787796269909571,0.8122934075,0.02969166440158658
164,203914,Gary Harris,0.365990531875,0.008854574133123738,0.82608304,0.033118785757457955
165,203915,Spencer Dinwiddie,0.35992672249999996,0.007996763294405039,0.792014249375,0.030072402568712183
166,203918,Rodney Hood,0.36283659812499996,0.009755575536346971,0.807069301875,0.04392233870877377
167,203920,Khem Birch,0.33980107375,0.014661692765189529,0.6971247087500001,0.04756915867970731
168,203922,Glenn Robinson III,0.35580006124999997,0.009792419302450155,0.77447940625,0.04981523358945997
169,203924,Jerami Grant,0.35989956749999996,0.008223395290598876,0.8023583587500001,0.026670513801505556
170,203925,Joe Harris,0.3636931756249999,0.008582578642723344,0.8042162231250001,0.03907503238358658
171,203926,Doug McDermott,0.356599790625,0.009044789015672898,0.773900544375,0.0413559907778097
172,203932,Aaron Gordon,0.344774639375,0.008844192184666987,0.69216685875,0.033969974472724415
173,203933,T.J. Warren,0.35499774500000003,0.009659875503531347,0.7712236162499999,0.04510778331244771
174,203935,Marcus Smart,0.3588746206249999,0.007912861233804724,0.7896396225000001,0.03163371183385683
175,203937,Kyle Anderson,0.350683575,0.008473075207200455,0.73871511875,0.03924064917551567
176,203939,Dwight Powell,0.3488790400000001,0.008877085067303907,0.730249595,0.03693261626561913
177,203943,Noah Vonleh,0.35401168999999993,0.010328037103022046,0.764190765625,0.05063698201303266
178,203944,Julius Randle,0.352956175,0.00720489420398558,0.7610815725000001,0.025017333135668035
179,203952,Andrew Wiggins,0.3470646175,0.00874651957966389,0.7083754387500001,0.04060332616719964
180,203953,Jabari Parker,0.35409121624999995,0.009476437211485967,0.765836105625,0.05027602464755908
181,203954,Joel Embiid,0.3552517625,0.014046495057036248,0.8144481781249999,0.019520816303375904
182,203957,Dante Exum,0.36209592749999997,0.00954069484981276,0.802596044375,0.04438981182940412
183,203960,JaKarr Sampson,0.352831789375,0.009470907438308755,0.7539711849999999,0.051079625157525135
184,203967,Dario Saric,0.35726664250000006,0.009120497623468456,0.7873543418750001,0.038400976277026426
185,203991,Clint Capela,0.33061458937499993,0.015681206849666007,0.61093914875,0.043765760268435
186,203992,Bogdan Bogdanović,0.36481287875000007,0.008384178898768111,0.818895278125,0.033256243703506584
187,203994,Jusuf Nurkić,0.338386599375,0.014560033606764946,0.68291763875,0.03984920178740408
188,203998,Bruno Caboclo,0.35374190687500007,0.01005497155295343,0.7622590087500001,0.051585891694567745
189,203999,Nikola Jokić,0.3525425125,0.013832680794312565,0.7932843825,0.025944383584432944
190,204001,Kristaps Porziņģis,0.36289425999999997,0.008032630255317993,0.8223668599999999,0.02456930438495156
191,204020,Tyler Johnson,0.36313264500000003,0.010255860316130237,0.809429785,0.04267325629765117
192,204025,Tim Frazier,0.3607368425,0.009914300927205797,0.7963971018749999,0.04542308712772335
193,204038,Langston Galloway,0.364133085625,0.00923906472232408,0.8139968831249998,0.04248886273612727
194,204060,Joe Ingles,0.3561220412500001,0.008755900395207704,0.7731864875,0.043997576808016865
195,204456,T.J. McConnell,0.36297512687500005,0.009207931548441146,0.806732015,0.04171635922577047
196,1626143,Jahlil Okafor,0.33986113500000004,0.015372009165054677,0.694744265,0.05874887054738606
197,1626144,Emmanuel Mudiay,0.3621198750000001,0.009546425724289431,0.8021555893749999,0.04437207881667549
198,1626145,Tyus Jones,0.363048349375,0.009102097853644077,0.81158464375,0.03603287236358747
199,1626147,Justin Anderson,0.353026745625,0.010183097409600791,0.7589162193750001,0.052182485659761836
200,1626149,Montrezl Harrell,0.34793882499999995,0.00830308238325533,0.720641243125,0.03402724246859441
201,1626153,Delon Wright,0.36366102187500005,0.008363103270849671,0.810857920625,0.038056211963168045
202,1626156,D'Angelo Russell,0.36405241125000004,0.007450871544045935,0.817116875625,0.02912444445738675
203,1626157,Karl-Anthony Towns,0.3535231118749999,0.013917115894847214,0.7970646831250001,0.027160908388232624
204,1626158,Richaun Holmes,0.35434193750000004,0.009199846047820242,0.7681654556250002,0.04155290860861043
205,1626159,Justise Winslow,0.349207028125,0.009672772283442528,0.7327457600000001,0.050696224172601355
206,1626161,Willie Cauley-Stein,0.338009755625,0.014503977821692774,0.6811623918749998,0.05810016063495056
207,1626162,Kelly Oubre Jr.,0.350790954375,0.008283301577408211,0.746784898125,0.03665422786097119
208,1626163,Frank Kaminsky,0.3527162300000001,0.010050760838531082,0.7545666793749999,0.04771113852778851
209,1626164,Devin Booker,0.3702501,0.00824606511919473,0.85314512125,0.021008519640679076
210,1626166,Cameron Payne,0.363179661875,0.008808132711451757,0.809848638125,0.03705307238863157
211,1626167,Myles Turner,0.34623663125,0.01328956007582732,0.750283928125,0.0345425314701016
212,1626168,Trey Lyles,0.35666903625,0.008744498373902641,0.7819849718749999,0.035912962329583506
213,1626169,Stanley Johnson,0.35198052437500005,0.009740953463889243,0.7489418537500001,0.04470521332891289
214,1626171,Bobby Portis,0.354805525,0.008427268176320545,0.7652240499999999,0.04022147798872513
215,1626172,Kevon Looney,0.34441292375000004,0.009571948850635692,0.687053171875,0.04937835812833224
216,1626174,Christian Wood,0.349409823125,0.007935328768352339,0.729221011875,0.032848176472872644
217,1626178,Rondae Hollis-Jefferson,0.35308258875,0.010036460129865182,0.7569106843750001,0.04973249739854219
218,1626179,Terry Rozier,0.363718725,0.008124249090569849,0.81535776375,0.029413604100958723
219,1626181,Norman Powell,0.36514371437500004,0.0077764762290862405,0.8202427362500001,0.027073566352240813
220,1626184,Chasson Randle,0.36234987062499996,0.009789690521928521,0.80642317875,0.043389004908090466
221,1626187,Michael Frazier II,0.36257329937500005,0.01011401941192272,0.8049860931250001,0.044022977637757
222,1626188,Quinn Cook,0.36255218375,0.009981438447500237,0.806322764375,0.0451466956544591
223,1626192,Pat Connaughton,0.35993282875000004,0.009708741686139015,0.7915642562499999,0.04147526309655053
224,1626195,Willy Hernangomez,0.342492175,0.014214597656392705,0.720195073125,0.042735226596527225
225,1626196,Josh Richardson,0.36680946875000003,0.008425551235988862,0.83017522,0.031339117300593355
226,1626203,Treveon Graham,0.36146680125,0.009867805683281286,0.8015708012499999,0.04359701914772096
227,1626204,Larry Nance Jr.,0.34946056999999997,0.009010161255776724,0.7302113968750001,0.045223767384038396
228,1626208,Keifer Sykes,0.362547190625,0.009859949935878838,0.807110894375,0.044572830789444684
229,1626209,Mario Hezonja,0.35413405374999996,0.00993070651808626,0.7630811618750001,0.05108723780239221
230,1626220,Royce O'Neale,0.354873261875,0.008657049243148411,0.7668188868749999,0.04256002030506832
231,1626224,Cedi Osman,0.350187680625,0.00886375397707566,0.7338838412500001,0.040081314747302116
232,1626245,Cristiano Felicio,0.353347335625,0.009760060970697409,0.7596248012500001,0.04848176033650953
233,1626246,Boban Marjanović,0.34012954375,0.015036221623070268,0.6992209187499999,0.05274361068905312
234,1626259,Malcolm Miller,0.362517659375,0.00981481439742238,0.80461598125,0.044807030543873895
235,1627732,Ben Simmons,0.349200243125,0.010102559345174135,0.71266402625,0.042578331395462306
236,1627733,Dragan Bender,0.35392279312499997,0.010025110807882761,0.7613468606249999,0.050331055680389314
237,1627734,Domantas Sabonis,0.351668748125,0.007498918266385759,0.750202845625,0.027967827471230996
238,1627736,Malik Beasley,0.363275975,0.008562766452387044,0.811251189375,0.03563622799071209
239,1627737,Marquese Chriss,0.353137321875,0.009574107263775118,0.7578661700000001,0.04645386702579076
240,1627739,Kris Dunn,0.361699901875,0.009232653018079174,0.8029942443749999,0.041501261004256315
241,1627741,Buddy Hield,0.367353989375,0.008494485191243913,0.82828284125,0.03042510845206305
242,1627742,Brandon Ingram,0.365189480625,0.00871449594029251,0.83634232125,0.02271630554005863
243,1627745,Damian Jones,0.341286185,0.01438416777917739,0.7075943524999999,0.04899599595975414
244,1627746,Skal Labissiere,0.35380995374999996,0.009839619880506611,0.76313573,0.0510106291770975
245,1627747,Caris LeVert,0.3573987375,0.008478368685504526,0.7724547737499999,0.03300406011616314
246,1627748,Thon Maker,0.35348041124999996,0.009912547395012718,0.75837203125,0.05021642405954225
247,1627749,Dejounte Murray,0.36261210250000003,0.007685696222902891,0.8119939943750001,0.02853334285440182
248,1627750,Jamal Murray,0.36718504562500004,0.008328894114079213,0.832629968125,0.02851824614009615
249,1627751,Jakob Poeltl,0.33008399125000004,0.014795916741576829,0.607852775,0.042184256433539576
250,1627752,Taurean Prince,0.35685454687499996,0.009162370314583052,0.7824461512499999,0.041851561937081554
251,1627756,Denzel Valentine,0.36270786875,0.00997066541950804,0.8094495731250001,0.042975381135405916
252,1627759,Jaylen Brown,0.358310233125,0.007642525810556856,0.7797771937499999,0.02704224213977478
253,1627761,DeAndre' Bembry,0.358912179375,0.009233627067258002,0.7825742643750001,0.04513003871991172
254,1627763,Malcolm Brogdon,0.36798813374999995,0.007717327883543043,0.83737772375,0.02744649440536416
255,1627767,Cheick Diallo,0.35443497749999997,0.009605731503937832,0.7666034143749999,0.04964085730760417
256,1627774,Jake Layman,0.35298298625,0.009746896359729642,0.7553433043750001,0.051815797974150514
257,1627775,Patrick McCaw,0.36280362749999995,0.009323099231076206,0.808266876875,0.04276298487428076
258,1627777,Georges Niang,0.35954144125,0.008938918099820494,0.7957759200000001,0.04139292526215803
259,1627780,Gary Payton II,0.359216101875,0.009445814820014019,0.785960389375,0.044420736159298535
260,1627783,Pascal Siakam,0.35394988125,0.007776620892595218,0.7678408375000001,0.02579418198797151
261,1627788,Furkan Korkmaz,0.36073096499999996,0.009000784372140852,0.797419890625,0.03966733051540854
262,1627789,Timothe Luwawu-Cabarrot,0.36302084874999996,0.009358154666900063,0.812146760625,0.03994811777608645
263,1627812,Yogi Ferrell,0.363258258125,0.01004974737090423,0.8093120387500001,0.042680634378775915
264,1627814,Damion Lee,0.3681380250000001,0.00965397384658903,0.8365513475,0.0343571050347922
265,1627820,Tyrone Wallace,0.36161383999999996,0.010212279714914296,0.800438575625,0.04574735980156976
266,1627823,Juancho Hernangomez,0.3485663975,0.01023044864421858,0.7215924006249999,0.05069156321466497
267,1627826,Ivica Zubac,0.34203861187499995,0.0138746237259334,0.716542548125,0.03440490207145537
268,1627827,Dorian Finney-Smith,0.352773116875,0.008931251305498308,0.75187395875,0.045161429096279695
269,1627832,Fred VanVleet,0.3693133962500001,0.008159874875908696,0.8497303868750001,0.023145391124794214
270,1627846,Abdel Nader,0.35341008125,0.009580207798550011,0.76164022875,0.04886381684717152
271,1627853,Ryan Arcidiacono,0.36133899999999997,0.009981894626272109,0.7984019406249999,0.04595373518296254
272,1627854,Bryn Forbes,0.36630696437500004,0.00952886752108328,0.825059605625,0.037445947174612144
273,1627863,Danuel House Jr.,0.35251072625,0.009479072082886645,0.7544934506250001,0.043556880911961686
274,1627884,Derrick Jones Jr.,0.352765946875,0.008756113956776302,0.756182919375,0.03981252032659292
275,1627885,Shaquille Harrison,0.361965056875,0.009987917457039792,0.8027379275,0.044576358852322084
276,1627936,Alex Caruso,0.35961804125,0.008424198130062495,0.7893290500000001,0.03849389765548885
277,1628021,David Nwaba,0.359358218125,0.009223218496709621,0.7861858531249999,0.04269138351843148
278,1628035,Alfonzo McKinnie,0.35149659125,0.01052650186495606,0.7464286800000001,0.05507079183056206
279,1628221,Gabe York,0.36211703749999996,0.009950109795366266,0.80269280375,0.045642581996738374
280,1628365,Markelle Fultz,0.36114132812499994,0.009005867867491116,0.8005185025,0.03609065288040303
281,1628366,Lonzo Ball,0.361454565,0.008516432703721964,0.7968451468749999,0.04026260302636993
282,1628367,Josh Jackson,0.35852797,0.008619445895204053,0.784365305,0.03903196084503346
283,1628368,De'Aaron Fox,0.356984499375,0.00760924438249289,0.77602771375,0.025172536725403958
284,1628369,Jayson Tatum,0.36514070562499995,0.007899952307306567,0.8376507468750001,0.018888848942241097
285,1628370,Malik Monk,0.3676502831250001,0.00858083623957859,0.8340549187499999,0.029757468775811532
286,1628371,Jonathan Isaac,0.35319710937500004,0.009718034481309073,0.7580174925000001,0.05015019465314859
287,1628372,Dennis Smith Jr.,0.356088270625,0.009523938162264448,0.769727115,0.04236994044045878
288,1628373,Frank Ntilikina,0.36089715312500004,0.009702679732923155,0.7981286618749999,0.042190880010703105
289,1628374,Lauri Markkanen,0.3655054175,0.008637538599013249,0.8348024093750002,0.02554505357712207
290,1628378,Donovan Mitchell,0.369480644375,0.007403999646080209,0.8468113931250001,0.021190606758475033
291,1628379,Luke Kennard,0.37152998874999993,0.009777484301118742,0.8455126774999999,0.033529491006440794
292,1628380,Zach Collins,0.354659440625,0.008705540834662405,0.7690263656249999,0.039968331317596854
293,1628381,John Collins,0.35758163249999997,0.007958153185566596,0.7929034268750002,0.03212477158077786
294,1628382,Justin Jackson,0.35437378499999994,0.009791354078153593,0.7685009037499999,0.05020456214351427
295,1628383,Justin Patton,0.33955470687499995,0.015370715000885701,0.690863480625,0.0664114875122868
296,1628384,OG Anunoby,0.35821245000000007,0.00858718119233547,0.78971959875,0.03417139819944815
297,1628385,Harry Giles III,0.35315870250000003,0.009665174760913213,0.758065665,0.04985018961245559
298,1628386,Jarrett Allen,0.34123486562500005,0.013749672617332325,0.712815129375,0.035603655828125816
299,1628388,T.J. Leaf,0.35273638812499997,0.010429836885229029,0.754578168125,0.054241403278605896
300,1628389,Bam Adebayo,0.347911645625,0.013176935532637829,0.7641547643749999,0.02725318225827226
301,1628390,Terrance Ferguson,0.36257533375,0.009363957700198721,0.80622212125,0.043933368416475854
302,1628391,D.J. Wilson,0.35249455187499995,0.009822490245404115,0.7504349400000001,0.061802686946838326
303,1628392,Isaiah Hartenstein,0.33920288125,0.014402374023607998,0.6938503374999999,0.04769785221453733
304,1628394,Anžejs Pasečņiks,0.33921350437500003,0.01460129001668109,0.6887674618749999,0.05914584183655514
305,1628395,Jordan Bell,0.35286284,0.010280767570111194,0.7567716662499998,0.0499360004419518
306,1628396,Tony Bradley,0.34018984687500003,0.015331974369546399,0.697930345625,0.058295371552153856
307,1628398,Kyle Kuzma,0.3500726675,0.007996865746540563,0.7383202412500001,0.034607618402554066
308,1628400,Semi Ojeleye,0.35461619999999994,0.009808001130263496,0.76742123875,0.04875803888203204
309,1628401,Derrick White,0.367456863125,0.008462182574069778,0.836115520625,0.028213158179709777
310,1628402,Frank Jackson,0.36265289187500005,0.008883422047073639,0.807860595,0.03925650683362537
311,1628404,Josh Hart,0.35813867187500004,0.00825756165291601,0.7802021962500001,0.034387519248998404
312,1628407,Dwayne Bacon,0.361543413125,0.009169448990735633,0.8030276187500001,0.03968966109855813
313,1628408,PJ Dozier,0.36037400500000005,0.009254580066173992,0.79326271125,0.04479983502596995
314,1628410,Edmond Sumner,0.365611211875,0.009043263903770252,0.825577611875,0.035883022905807894
315,1628411,Wes Iwundu,0.354284750625,0.009653391505757813,0.7665588893749999,0.048831533061008715
316,1628412,Frank Mason III,0.3615939075,0.010560002398683144,0.801757694375,0.04603845389877595
317,1628414,Sindarius Thornwell,0.36217190000000005,0.010402914156139134,0.8044470018750001,0.04728376739805239
318,1628415,Dillon Brooks,0.36159002625,0.007926748727051397,0.8047283506250001,0.03181452162382278
319,1628418,Thomas Bryant,0.3430648425,0.014123759983010678,0.7232757175000001,0.04416748930019335
320,1628420,Monte Morris,0.36534935625000003,0.008959901933368798,0.8213324762499999,0.03736858219046698
321,1628422,Damyean Dotson,0.3611728675,0.010249092465857344,0.7990891787500002,0.04795576343886414
322,1628425,Sterling Brown,0.36318258937500003,0.009524226074307146,0.81000683125,0.04189194159453908
323,1628427,Vlatko Čančar,0.356698598125,0.010026127831527058,0.7795805425000001,0.044876105337453176
324,1628432,Davon Reed,0.36121467124999995,0.008793082381447557,0.7974722862499999,0.04230061259396028
325,1628436,Luke Kornet,0.341022198125,0.01468604341207568,0.7065106725000001,0.05388301418791681
326,1628449,Chris Boucher,0.3534852575,0.008044974342171251,0.763234454375,0.03393422744216624
327,1628455,Mike James,0.36228554375,0.010406366599014564,0.8059177406250001,0.047977743349165033
328,1628464,Daniel Theis,0.3492909362499999,0.009321538460586103,0.7309196156249999,0.04697727824776443
329,1628467,Maxi Kleber,0.35261625875,0.008847463174579956,0.757461979375,0.04268485896314933
330,1628470,Torrey Craig,0.35178177687499995,0.008833264008682762,0.746305814375,0.04706467635623789
331,1628476,Derrick Walton Jr.,0.36280185062500003,0.01026705310864866,0.806886961875,0.04706865539137135
332,1628539,Mychal Mulder,0.361928805,0.009845135053706728,0.8023947187499999,0.044646528864455394
333,1628778,Paul Watson,0.36247316375,0.01039798680439805,0.8036777687500001,0.0467289059446642
334,1628960,Grayson Allen,0.36910550000000003,0.008484733061947206,0.8404972381249999,0.03123351027370557
335,1628962,Udoka Azubuike,0.33692710687499994,0.01492628123823723,0.6722669612500001,0.05992586493286725
336,1628963,Marvin Bagley III,0.35002703999999996,0.008702302729789398,0.7351386424999999,0.0410605735075138
337,1628964,Mo Bamba,0.34103722,0.013834919872160446,0.7039064512500001,0.0469804752349726
338,1628966,Keita Bates-Diop,0.35475589125,0.008723899036879864,0.7689642037500001,0.04036945822776776
339,1628969,Mikal Bridges,0.370194364375,0.008080278647909108,0.8501726418749999,0.0248996078063214
340,1628970,Miles Bridges,0.358168580625,0.008835210600262995,0.7936309149999999,0.035956583384309126
341,1628971,Bruce Brown,0.35923429187500006,0.008821655373379986,0.78658231625,0.03576805183195942
342,1628972,Troy Brown Jr.,0.36371970750000004,0.009060393867097819,0.8122225293750001,0.037258684292730826
343,1628973,Jalen Brunson,0.36635938312500005,0.007410479406141025,0.8273645456250001,0.02501121701240602
344,1628975,Jevon Carter,0.36462306,0.009712097446169906,0.8127152781250001,0.04266214557697223
345,1628976,Wendell Carter Jr.,0.34273040187500003,0.013944060625643503,0.721654925,0.03810510688499476
346,1628977,Hamidou Diallo,0.34989289687499997,0.009513490753726532,0.71962925125,0.03904479260873815
347,1628978,Donte DiVincenzo,0.36312044812500005,0.00862385082191007,0.8068534843750002,0.038152653483781516
348,1628980,Jacob Evans,0.36347817374999997,0.010015522031816961,0.80844172875,0.04460364482712061
349,1628981,Bruno Fernando,0.35114207750000004,0.009606942489561586,0.74297272375,0.04931704294651785
350,1628982,Melvin Frazier Jr.,0.362104674375,0.009673782415029985,0.8039362112500001,0.04463387080305856
351,1628983,Shai Gilgeous-Alexander,0.371819033125,0.0077544446978508865,0.8607569731250001,0.018558509832652316
352,1628984,Devonte' Graham,0.3623090487500001,0.007693530844084102,0.8069847075000002,0.02982097344488764
353,1628988,Aaron Holiday,0.36492375250000003,0.009287491141247122,0.8211028949999999,0.03442307550394394
354,1628989,Kevin Huerter,0.36216236687500003,0.008554897136496016,0.7997995212500001,0.03597904527470884
355,1628990,Chandler Hutchison,0.3527386875,0.00909353085308967,0.7556606781249999,0.04717779278570344
356,1628991,Jaren Jackson Jr.,0.35866490375,0.008140051985444315,0.796842949375,0.02762857194785974
357,1628993,Alize Johnson,0.3533750375,0.009430827201714268,0.757183471875,0.051328275014707624
358,1628995,Kevin Knox II,0.3535470525,0.009087368010788037,0.7607443425,0.04489662709468211
359,1628997,Caleb Martin,0.35516252375,0.009210540533171,0.7707826231249999,0.03931767790407504
360,1628998,Cody Martin,0.35066365,0.00968839867618741,0.7407195737500001,0.04687318127583257
361,1629001,De'Anthony Melton,0.36253970249999995,0.00852874814599093,0.8035951106249999,0.03391745397442351
362,1629002,Chimezie Metu,0.35291301,0.008720028925548354,0.75762023125,0.044378783825990815
363,1629003,Shake Milton,0.364786070625,0.00887980332316753,0.8214801475,0.03388077140694252
364,1629004,Svi Mykhailiuk,0.36127950499999995,0.009176419800430068,0.7987638824999999,0.03963127450437588
365,1629006,Josh Okogie,0.3575944456249999,0.00888332427041214,0.7801155812499999,0.036756120613370614
366,1629008,Michael Porter Jr.,0.35835542312499996,0.008640457369062719,0.7878579550000001,0.03613747857609846
367,1629010,Jerome Robinson,0.36191920499999997,0.009202033579349457,0.803210074375,0.04295072135036085
368,1629011,Mitchell Robinson,0.32839219,0.01506728505077806,0.590276600625,0.046215506888109256
369,1629012,Collin Sexton,0.36495804312499996,0.0076495255599622145,0.8217052993749999,0.027526168000599895
370,1629013,Landry Shamet,0.36594026749999997,0.008828772389024069,0.8241723681249999,0.03532939858973839
371,1629014,Anfernee Simons,0.37023908437499997,0.008687488180121793,0.8461826706250001,0.02855159743085117
372,1629016,Omari Spellman,0.354069385625,0.0099780095390147,0.766135711875,0.049420492827635366
373,1629017,Khyri Thomas,0.36264842562499994,0.009794874281452945,0.80686745875,0.044615396890376295
374,1629018,Gary Trent Jr.,0.3672403875,0.008361704148891765,0.8321035062500001,0.028121963534508236
375,1629019,Allonzo Trier,0.36281518125000006,0.009411842093190284,0.8078230249999998,0.043946714001809904
376,1629020,Jarred Vanderbilt,0.348715374375,0.008957787566998245,0.7258830125,0.041136006942730154
377,1629021,Moritz Wagner,0.3583204675,0.008173291726115847,0.7989473456250002,0.03396624182745522
378,1629022,Lonnie Walker IV,0.36382332625,0.008590241330781163,0.8158424725000001,0.03437316469966788
379,1629023,P.J. Washington,0.352700285,0.008481790935146009,0.75326765,0.03952823915319907
380,1629026,Kenrich Williams,0.3524696525,0.009991512051636316,0.737376996875,0.050658148919145926
381,1629027,Trae Young,0.37523516749999997,0.008095361343738386,0.87477052125,0.016472600889683404
382,1629028,Deandre Ayton,0.344817031875,0.014234869367274116,0.7375865875,0.03940523424141892
383,1629029,Luka Dončić,0.35354727874999997,0.006896573338245482,0.7647229225000001,0.022545262278419912
384,1629033,Theo Pinson,0.36327945437500003,0.009527669405167687,0.8128774618750001,0.041270390076570594
385,1629035,Carsen Edwards,0.362194651875,0.009754332702416605,0.804101028125,0.04474035280419214
386,1629048,Goga Bitadze,0.33866223812499996,0.014551562712005245,0.687200828125,0.05051572803439374
387,1629052,Oshae Brissett,0.3516586375,0.008655238653474192,0.749074509375,0.0393943485292613
388,1629056,Terence Davis,0.363563696875,0.008731167839054536,0.8124829025,0.037390551458045436
389,1629057,Robert Williams III,0.33861906124999996,0.01499045181352945,0.685677335,0.04911034749220652
390,1629058,Dzanan Musa,0.36224166312499995,0.01001360431330249,0.803164693125,0.045939397996425164
391,1629059,Elie Okobo,0.353327864375,0.00998478652812522,0.75740661625,0.052686720778095365
392,1629060,Rui Hachimura,0.3538226643750001,0.008250370366412702,0.76473408625,0.03682699004263125
393,1629065,Ky Bowman,0.36274467,0.009925394327234561,0.8078558218749999,0.0440724761192589
394,1629066,Rodions Kurucs,0.353391610625,0.010373270312876846,0.759067604375,0.05265025535380009
395,1629067,Isaac Bonga,0.36202655812500006,0.010022807357989652,0.8024048643749999,0.044152574468508975
396,1629076,Tyler Cook,0.35156349812500004,0.009678144346218777,0.7446474468750001,0.05046640015616507
397,1629103,Kelan Martin,0.35438294,0.009972131794664068,0.766394875,0.051445993372874775
398,1629109,Gary Clark,0.353480980625,0.010171000744838218,0.7621927131249998,0.0523119382750924
399,1629111,Jock Landale,0.34238858125,0.01440378883101243,0.7214106637500001,0.05034806566313582
400,1629117,Wenyen Gabriel,0.34770745062499997,0.009832420521866022,0.7151227143750001,0.050923611871965084
401,1629126,Deonte Burton,0.36241650875000003,0.010339268409136763,0.804856039375,0.048998037095585006
402,1629130,Duncan Robinson,0.35963706,0.009775615022731308,0.7969492112500001,0.04038758039116572
403,1629134,Kendrick Nunn,0.36465933937499995,0.009516255941437768,0.8209597849999999,0.04064563052543317
404,1629139,Yuta Watanabe,0.360179353125,0.009144595581116629,0.790886265625,0.04148031491721487
405,1629151,Ryan Broekhoff,0.362995010625,0.010541343239739995,0.806964010625,0.04777710598399103
406,1629162,Jordan McLaughlin,0.36128161250000007,0.009017259495189976,0.7998015831249999,0.04148806277175509
407,1629164,Brandon Goodwin,0.36028665437499996,0.00972653188410023,0.791640449375,0.04803674518090227
408,1629185,Chris Chiozza,0.36231423749999997,0.009584180485171581,0.805361808125,0.043869688025432875
409,1629216,Gabe Vincent,0.36406724687500003,0.00846745686760067,0.8195005693749999,0.0346634652295495
410,1629234,Drew Eubanks,0.3508900287500001,0.008771149431327313,0.7415145575,0.04039410006565555
411,1629308,Juan Toscano-Anderson,0.349979119375,0.009906000405568568,0.73811197375,0.0478096840359572
412,1629312,Haywood Highsmith,0.350091115,0.01050384602987282,0.733685388125,0.05232295820672302
413,1629346,Alen Smailagic,0.35333530687500003,0.009801965938981463,0.7579820881250001,0.05175215466476115
414,1629598,Chris Clemons,0.362463615625,0.00987000970486508,0.8072754793750001,0.04559901448538471
415,1629599,Amir Coffey,0.36278071625,0.008984723276038385,0.808135333125,0.03743442856800946
416,1629603,Mamadi Diakite,0.353440534375,0.009965253500918496,0.7590491718749999,0.05213532884638865
417,1629604,CJ Elleby,0.353114015,0.009929899299201126,0.7569287212500001,0.04842903995839994
418,1629610,DaQuan Jeffries,0.36276565812500006,0.010344852122070014,0.8072524293750001,0.04583314072764392
419,1629611,Terance Mann,0.36216410187500003,0.008516246087933726,0.8030319743749998,0.03382107339634889
420,1629614,Andrew Nembhard,0.36255722500000004,0.008597061513280279,0.806178230625,0.03846443783845914
421,1629617,Reggie Perry,0.35287716312499995,0.010038226795555837,0.756963675,0.05285344225630555
422,1629620,Justin Robinson,0.3616957875,0.009870535155949942,0.8003746887500001,0.0454149580587236
423,1629622,Max Strus,0.36434709812500005,0.008529105016192876,0.8186193675,0.0360474030458845
424,1629623,Lindell Wigginton,0.36044625625000004,0.010063820928359463,0.7926655300000001,0.04539317978911149
425,1629626,Bol Bol,0.34130087937500003,0.013922688646498009,0.7154556299999999,0.04972623072102489
426,1629627,Zion Williamson,0.35087394312500003,0.007992891772921753,0.7443908931250001,0.03323859430376761
427,1629628,RJ Barrett,0.351748331875,0.007552168903731165,0.751177189375,0.02867258179502261
428,1629629,Cam Reddish,0.35993708062499996,0.009379083066410311,0.80565997875,0.03619191629814659
429,1629630,Ja Morant,0.35720902250000003,0.00794896821917749,0.7764709706249999,0.024689678125808207
430,1629631,De'Andre Hunter,0.35784623125000004,0.007885934792259788,0.791676103125,0.03081707376372293
431,1629632,Coby White,0.36812276062500005,0.008942540118630982,0.8355791943750001,0.03268815149322601
432,1629633,Jarrett Culver,0.3546686875,0.010450436903359292,0.75652625,0.04973199515694097
433,1629634,Brandon Clarke,0.34999874187499996,0.009019471294108457,0.734914866875,0.04098721945502223
434,1629635,Sekou Doumbouya,0.35263277000000004,0.009763781259883385,0.75413479,0.050085448288746004
435,1629636,Darius Garland,0.37228956500000004,0.008571793356090953,0.854674385,0.023856902911301686
436,1629637,Jaxson Hayes,0.34287250874999997,0.013748191754960849,0.724755901875,0.03627721926243447
437,1629638,Nickeil Alexander-Walker,0.358467499375,0.008958111478361364,0.7818552931249999,0.03961706941483308
438,1629639,Tyler Herro,0.37287188625,0.00905202417892324,0.860033105,0.025335455702512538
439,1629640,Keldon Johnson,0.35479402625,0.007562248579907363,0.769735643125,0.030079566161985535
440,1629641,Romeo Langford,0.35779878874999993,0.010385503196481308,0.776000858125,0.04571244730951841
441,1629642,Nassir Little,0.35340393812500004,0.008759843716530933,0.760215266875,0.042818168742274614
442,1629643,Chuma Okeke,0.35469379875,0.009488071714895416,0.7710664606250001,0.044235337755531484
443,1629644,KZ Okpala,0.3537723749999999,0.010165828383025408,0.7601675412500001,0.05001532166927249
444,1629645,Kevin Porter Jr.,0.35869968375,0.00798469243693744,0.78093822625,0.03192679107417172
445,1629646,Charles Bassey,0.339036479375,0.015207184217116745,0.6881347825,0.05903201178613976
446,1629647,Darius Bazley,0.34841364812500003,0.00896153515437277,0.7246935931249999,0.04115955325462216
447,1629648,Jordan Bone,0.36190159,0.010194582904999104,0.80087034,0.052339212721803044
448,1629649,Ignas Brazdeikis,0.35267482687500007,0.009990122909749545,0.753147680625,0.05085683644895861
449,1629650,Moses Brown,0.33358124687499996,0.014653009039517368,0.6411317912499999,0.051928693988104235
450,1629651,Nic Claxton,0.33102717125000003,0.015073489793530674,0.61636020375,0.043928142062048176
451,1629652,Luguentz Dort,0.361261085,0.007808780080158169,0.80230605125,0.02954979978874431
452,1629655,Daniel Gafford,0.349110693125,0.00879766019669166,0.7286995568750001,0.040318207523065995
453,1629656,Quentin Grimes,0.36309326875000003,0.009463273314848485,0.8065816474999999,0.04065064090172188
454,1629657,Kyle Guy,0.362274800625,0.010567990687489964,0.8033155775,0.04715192019495594
455,1629658,Jaylen Hoard,0.35172564562499997,0.009250502703842282,0.746676155625,0.05004584152843177
456,1629659,Talen Horton-Tucker,0.35969609312499995,0.008419898895367019,0.79410719,0.03421367206578607
457,1629660,Ty Jerome,0.36428978,0.009336949104450555,0.816759823125,0.03886204552412727
458,1629661,Cameron Johnson,0.36048099875000006,0.008824280382841337,0.804433626875,0.03493723035634984
459,1629662,Mfiondu Kabengele,0.339905683125,0.014880539670118327,0.697772993125,0.06008426989915354
460,1629663,Louis King,0.353375868125,0.010366492622241333,0.758364473125,0.05324554037303761
461,1629667,Jalen McDaniels,0.35629251312500004,0.00914280833995101,0.7820786393750001,0.03963345891551827
462,1629669,Jaylen Nowell,0.3619066275,0.008748707621914436,0.80303979125,0.03763127012275062
463,1629670,Jordan Nwora,0.35664521625000006,0.009652375240166846,0.78016760875,0.0442429178257738
464,1629671,Miye Oni,0.36239840125,0.009993323118850329,0.806820901875,0.04647464114672911
465,1629672,Eric Paschall,0.35410782500000004,0.009054236393568758,0.763612474375,0.04201002509311728
466,1629673,Jordan Poole,0.371294891875,0.00818804238937391,0.858348838125,0.02336526432381884
467,1629675,Naz Reid,0.34146041,0.012996406638592454,0.70969694625,0.0432376849333959
468,1629676,Isaiah Roby,0.3488959475,0.008766796362326077,0.7268457218750001,0.04374262143541493
469,1629677,Luka Samanic,0.35236737124999995,0.009468943514572966,0.750131275,0.05116984812544029
470,1629678,Admiral Schofield,0.35444675625,0.009999892542201938,0.7674001225000001,0.05436331144666864
471,1629680,Matisse Thybulle,0.35923901874999997,0.009685897972937172,0.78701409375,0.045803069553728724
472,1629681,Killian Tillie,0.353560041875,0.00945839339060136,0.760504190625,0.04884218809462305
473,1629682,Tremont Waters,0.363612980625,0.009762349965121082,0.8111499787500001,0.04289787075325882
474,1629683,Quinndary Weatherspoon,0.362717155,0.009094213400755174,0.8064658325,0.0435371283542357
475,1629684,Grant Williams,0.35709774125000004,0.00899029738450283,0.7809876843750001,0.037098546158050534
476,1629685,Dylan Windler,0.362639913125,0.009664372828103113,0.808163514375,0.043603351836052046
477,1629686,Deividas Sirvydis,0.35368984875,0.009891430092553525,0.761543544375,0.05174735573057604
478,1629690,Adam Mokoka,0.36217663187499993,0.009740428940894183,0.8038806593749999,0.04645913681443188
479,1629712,Didi Louzada,0.362954823125,0.01023162819450503,0.8088863362500001,0.047148258650738475
480,1629713,Justin James,0.36057852250000005,0.009787016890924616,0.7929618681249999,0.043635984553714195
481,1629714,Jarrell Brantley,0.354427626875,0.01017888746217644,0.767099799375,0.05087466632639102
482,1629717,Armoni Brooks,0.361587766875,0.009858277446835107,0.8027698200000001,0.046031417627937554
483,1629718,Charlie Brown Jr.,0.362820876875,0.010404889536978048,0.80939759625,0.0457046434325139
484,1629723,John Konchar,0.35948552687500007,0.0095283503491831,0.7868108343750001,0.044649028498761234
485,1629725,Jeremiah Martin,0.36212570875000005,0.00985838266033904,0.8023356825000001,0.04483418238565798
486,1629726,Garrison Mathews,0.36502376875,0.008272180277534057,0.8219329768749999,0.0338736990714417
487,1629730,Rayjon Tucker,0.362097683125,0.009608410188616806,0.804693648125,0.04190406530552029
488,1629731,Dean Wade,0.3524961125,0.009338947680739717,0.7520371937499999,0.04944258790186564
489,1629735,Chris Silva,0.35386880687499994,0.010135144094046108,0.76140829375,0.05222205400443821
490,1629740,Nicolo Melli,0.35251964,0.009922700925360494,0.75548841875,0.04934292467308154
491,1629741,Marko Guduric,0.362524626875,0.010795561283296146,0.8066005081250001,0.04645334993837833
492,1629743,Donta Hall,0.33921504187499996,0.015486466207470361,0.6898032437500001,0.05992133697689067
493,1629744,Matt Thomas,0.362856255625,0.009459843340816003,0.80747218,0.04163039435789493
494,1629750,Javonte Green,0.36032388937499993,0.009210582006631671,0.79297357,0.04198244838769054
495,1629751,Dakota Mathias,0.36260061312499997,0.009662704917928146,0.8045883643749999,0.042378344730302484
496,1629752,Juwan Morgan,0.35318495624999996,0.009987542588862185,0.7571378799999999,0.05197308402532122
497,1629755,Hassani Gravett,0.36269214250000004,0.009037887319415072,0.8050497824999999,0.04403876374766546
498,1629833,Keljin Blevins,0.361507819375,0.00983175592210006,0.7987597687499999,0.04541458255906382
499,1629962,Devin Cannady,0.36308123625,0.01030598752342229,0.80744854875,0.04853639658846363
500,1630162,Anthony Edwards,0.36124607562500005,0.007388177638796041,0.7970920187499999,0.028485558516393856
501,1630163,LaMelo Ball,0.36752910875,0.008534698864527877,0.83329953125,0.029963268575253492
502,1630164,James Wiseman,0.33951677562499993,0.014138780133653004,0.6953565281249999,0.04786368364751306
503,1630165,Killian Hayes,0.36191610562500004,0.008513633965776209,0.808106551875,0.0355122297941999
504,1630166,Deni Avdija,0.352898253125,0.00844097300495048,0.76060829125,0.039115234592117985
505,1630167,Obi Toppin,0.354255130625,0.009017090699461336,0.767902459375,0.04731962737968358
506,1630168,Onyeka Okongwu,0.35489738000000004,0.008502423310847914,0.7731303068750001,0.036631615825048626
507,1630169,Tyrese Haliburton,0.369464069375,0.008756693970446957,0.8422376850000001,0.02853670122407327
508,1630170,Devin Vassell,0.364091488125,0.009385970547304045,0.8143843049999999,0.03610064900158618
509,1630171,Isaac Okoro,0.355229305,0.008415890485235358,0.7735592968750001,0.03495270839677506
510,1630172,Patrick Williams,0.35885688375,0.009234395005236451,0.792418864375,0.03669150181048032
511,1630173,Precious Achiuwa,0.346693101875,0.009435584434018726,0.7090261174999999,0.04460125448960145
512,1630174,Aaron Nesmith,0.36434292375,0.008727462989347817,0.8181784168749999,0.032905689449327605
513,1630175,Cole Anthony,0.36919194000000005,0.008536237815639275,0.845921738125,0.026136350287617557
514,1630176,Vernon Carey Jr.,0.339287223125,0.014570606086599151,0.6907328924999999,0.05951973101357602
515,1630177,Theo Maledon,0.36343494312499997,0.008208973589913068,0.8143181887500001,0.03446689182743889
516,1630178,Tyrese Maxey,0.37070709937499996,0.008819890084037307,0.8463912737499999,0.02650071644260417
517,1630180,Saddiq Bey,0.36693802125,0.007843135931392395,0.83329122875,0.027273685553160457
518,1630181,R.J. Hampton,0.35720438625,0.008651215224944466,0.774064984375,0.03889273894074421
519,1630182,Josh Green,0.359690033125,0.008680976486880824,0.785615649375,0.039303105261657596
520,1630183,Jaden McDaniels,0.354504881875,0.008576304640136189,0.765493104375,0.03929353912425974
521,1630184,Kira Lewis Jr.,0.364106205,0.010323607210743975,0.8146045974999998,0.04245575604736057
522,1630185,Nico Mannion,0.36268124,0.010114934788279656,0.8071445249999999,0.04404076963356652
523,1630186,Jahmi'us Ramsey,0.361809595625,0.00959785961423722,0.8016474224999999,0.04677579930497173
524,1630188,Jalen Smith,0.35424413125,0.009204297495206978,0.7692357237499999,0.03778972216464665
525,1630190,Elijah Hughes,0.36227453125000003,0.00968705736983752,0.8047248149999998,0.04412913509722942
526,1630191,Isaiah Stewart,0.35362990999999994,0.00902983606755405,0.7624019343749999,0.03955615007358297
527,1630192,Zeke Nnaji,0.351096749375,0.009461636555470311,0.7393985118749999,0.05146191907012271
528,1630193,Immanuel Quickley,0.367233735625,0.008722740999005465,0.835373810625,0.028552806525646686
529,1630194,Paul Reed,0.352395725625,0.009636529380842637,0.749725003125,0.0497420772486872
530,1630195,Leandro Bolmaro,0.353911748125,0.009318884127924544,0.76382954125,0.0497534515737054
531,1630197,Aleksej Pokusevski,0.352133720625,0.009568398586758111,0.751020246875,0.04886713528912789
532,1630198,Isaiah Joe,0.365264555,0.008806143303085353,0.820203295,0.035954518509489525
533,1630199,Cassius Stanley,0.36293732125,0.010359171778938144,0.8079859268749999,0.046212054768212565
534,1630200,Tre Jones,0.364546981875,0.008298066820970803,0.8215725924999999,0.03317061835043467
535,1630201,Malachi Flynn,0.361098795,0.009439683846028689,0.7979208950000001,0.04008029410098528
536,1630202,Payton Pritchard,0.3650483575,0.00927279779393435,0.81927030875,0.03719463714895164
537,1630205,Lamar Stevens,0.351445705625,0.009660386318244129,0.747499180625,0.044987142347500245
538,1630206,Jay Scrubb,0.36204573625,0.010184741903292686,0.804154549375,0.045767329172361725
539,1630208,Nick Richards,0.34213746125,0.014200645581310676,0.715607001875,0.04478543166867292
540,1630209,Omer Yurtseven,0.339551988125,0.01603859946704306,0.69188325875,0.058284998008475974
541,1630210,Markus Howard,0.3633129775,0.009579853704232323,0.8103448856250001,0.04050241942176162
542,1630214,Xavier Tillman,0.3467577275,0.009779466336896596,0.709590034375,0.050469971557173914
543,1630215,Jared Butler,0.362121708125,0.010094558858510558,0.80295371875,0.04657206749785378
544,1630216,Cassius Winston,0.36293904999999993,0.01046761397991443,0.80957491875,0.045644662857155585
545,1630217,Desmond Bane,0.37202450187499997,0.008868947829999141,0.853935723125,0.025875892527678447
546,1630219,Skylar Mays,0.36353508125,0.009465908972908964,0.8148392956249999,0.042451530599107744
547,1630221,Josh Hall,0.35133747687500005,0.009913379771776386,0.746001879375,0.05116411367219289
548,1630222,Mason Jones,0.36135634625,0.009449705166636731,0.7971316225000001,0.04264073286692835
549,1630223,Jalen Harris,0.36259467812500007,0.009987510084514133,0.8049530025,0.04638537431596832
550,1630224,Jalen Green,0.36226376875,0.007538458082908827,0.8088037037500001,0.026804730209768684
551,1630225,Isaiah Todd,0.35337312187500003,0.009531888616023138,0.760081646875,0.048942674591412834
552,1630227,Daishen Nix,0.358767200625,0.009882537645659367,0.784214114375,0.04633533453277092
553,1630228,Jonathan Kuminga,0.3501194975,0.00868527182209882,0.7379294418750001,0.04150693147512077
554,1630230,Naji Marshall,0.35493999875,0.008677797200110662,0.7751155556250001,0.0354754157516428
555,1630231,KJ Martin,0.34961052625,0.008918245036402112,0.7308554425,0.03669259262097997
556,1630233,Nathan Knight,0.35248306562500004,0.009145299897697088,0.754345125,0.04477341711595593
557,1630235,Trent Forrest,0.36281520875,0.009661108784913015,0.810258160625,0.04182315086844635
558,1630237,Anthony Lamb,0.35458808750000004,0.009137455718010007,0.7670129112499998,0.04545645672956839
559,1630240,Saben Lee,0.360109398125,0.009022739700798836,0.791908824375,0.039719556524176865
560,1630241,Sam Merrill,0.362768800625,0.010146236930427686,0.80726991,0.04414620604424179
561,1630243,Trevelin Queen,0.363042881875,0.009677859608878995,0.8105949368750001,0.04368742481075521
562,1630245,Ayo Dosunmu,0.3614139825,0.008863014489985546,0.7996116243749999,0.03953322417789284
563,1630249,Vít Krejčí,0.362179814375,0.009573332750924224,0.8063006456249999,0.04313734663600722
564,1630253,Sean McDermott,0.35391739812500006,0.010811905731339479,0.764072535,0.05301293041980442
565,1630256,Jae'Sean Tate,0.35028446750000003,0.008851842343839714,0.7385600468749999,0.041575467319949364
566,1630264,Anthony Gill,0.35297067249999997,0.009946760465673924,0.7562312106249999,0.04732673922006207
567,1630267,Facundo Campazzo,0.36127040125,0.008824314569429653,0.803094009375,0.04140580962835152
568,1630271,Brodric Thomas,0.36074322375,0.010643290334698473,0.7953693175000001,0.04525695050281441
569,1630273,Freddie Gillespie,0.33927362875,0.014774519109802643,0.69283031125,0.05834274002420416
570,1630284,Kevon Harris,0.36181380750000003,0.009639725111897318,0.802762746875,0.04238326573751193
571,1630288,Jeff Dowtin Jr.,0.36187177687499994,0.009648870930105772,0.8026274112499999,0.04455391986808931
572,1630296,Braxton Key,0.352903451875,0.00973179070110861,0.752017491875,0.054880500474575974
573,1630314,Brandon Williams,0.36020079250000003,0.009501091625147279,0.791642131875,0.042785157791949115
574,1630322,Lindy Waters III,0.353969041875,0.010354828186352078,0.7635900050000001,0.052480085000883664
575,1630346,Matt Ryan,0.354234161875,0.010385485802884788,0.76514819125,0.05022648830609376
576,1630466,Gabriel Deck,0.35337869,0.009986373957681035,0.7588458087500001,0.05625136162185031
577,1630526,Jeremiah Robinson-Earl,0.35552275625,0.009516845595079598,0.774771333125,0.04446620229336718
578,1630527,Brandon Boston,0.36260828500000003,0.009403678796754225,0.807710083125,0.04071600390099961
579,1630528,Josh Christopher,0.35946005750000004,0.008931862340334953,0.789267260625,0.0390433988728274
580,1630529,Herbert Jones,0.356517118125,0.008617487624471619,0.7835068150000001,0.03622039917996177
581,1630530,Trey Murphy III,0.36484257812500004,0.009949178135913865,0.8265342724999999,0.03389891323642609
582,1630532,Franz Wagner,0.36335593437499997,0.009014847644653701,0.8243191781249999,0.02881164472019337
583,1630533,Ziaire Williams,0.35353390875,0.009597235056732404,0.7635965556250001,0.050471000599211974
584,1630534,Ochai Agbaji,0.36345853250000004,0.00891224141308985,0.813741234375,0.040552958983709725
585,1630535,Greg Brown III,0.35166246875,0.009447820498481299,0.74881330125,0.04742188366626476
586,1630537,Chris Duarte,0.363054215,0.009025575816258208,0.8119515006249999,0.03704936495980733
587,1630538,Bones Hyland,0.36649722625,0.008345867548152855,0.829427721875,0.034195955899009776
588,1630539,Kai Jones,0.33949696875,0.015095754051107331,0.6952635087499999,0.05587580295184735
589,1630540,Miles McBride,0.35958233750000007,0.009300874467010818,0.7896132687499999,0.0411515790962543
590,1630541,Moses Moody,0.361402874375,0.009451030217380715,0.79654552,0.04169379902763839
591,1630543,Isaiah Jackson,0.3495523725,0.009099057223621781,0.7340878775,0.04233291293269923
592,1630544,Tre Mann,0.362349071875,0.009036892957438912,0.8059480525000001,0.037436463551759856
593,1630547,James Bouknight,0.3615711375000001,0.009570719583701308,0.802300700625,0.04501843157077165
594,1630548,Johnny Juzang,0.361264120625,0.009607332041848278,0.802199305,0.04321390384211689
595,1630549,Day'Ron Sharpe,0.33843695437500004,0.014865293458246743,0.685690771875,0.05414197662324801
596,1630550,JT Thor,0.352623995625,0.009583689027358193,0.752564925,0.04829617559458642
597,1630551,Justin Champagnie,0.36312228562500004,0.009988435465529293,0.8103156318750001,0.044219462432580056
598,1630552,Jalen Johnson,0.350460030625,0.009645557275939898,0.73790740375,0.048963858012869926
599,1630553,Keon Johnson,0.361891858125,0.009024058813139267,0.802020190625,0.040438801406298346
600,1630556,Kessler Edwards,0.354108670625,0.010025832967745727,0.7659488368750001,0.051432691716118306
601,1630557,Corey Kispert,0.360126138125,0.008931964159357474,0.8014540281250001,0.03814704308488188
602,1630558,Davion Mitchell,0.35967407625,0.009117626801171232,0.7915207700000001,0.03996539199492919
603,1630559,Austin Reaves,0.36763379812499997,0.00837014876845815,0.8350996175000001,0.029245899152251995
604,1630560,Cam Thomas,0.367066765,0.008763841945660874,0.8334808537500001,0.033837971794750954
605,1630561,David Duke Jr.,0.361841463125,0.009652889755463917,0.802276650625,0.043877179158075014
606,1630563,Joshua Primo,0.36170004125000005,0.009450842994717372,0.8026130912500001,0.042831127052010004
607,1630567,Scottie Barnes,0.3546225431249999,0.008394618888647669,0.774230588125,0.03622648343665148
608,1630568,Luka Garza,0.340970118125,0.014563652106972396,0.7067936912499999,0.05380112378518151
609,1630570,Trendon Watford,0.3603222075000001,0.008979836915665214,0.79324829875,0.038275657332853194
610,1630572,Sandro Mamukelashvili,0.352667559375,0.009320945909695788,0.7554693725,0.047187224719143994
611,1630573,Sam Hauser,0.35526249125,0.009443491850273046,0.767434190625,0.04666604684952205
612,1630577,Julian Champagnie,0.35518001999999993,0.010224414466956041,0.770790568125,0.05089784904231326
613,1630578,Alperen Sengun,0.3421579575,0.013624542392065639,0.71886377,0.03741226571088819
614,1630579,Jericho Sims,0.33802614812500004,0.014992544426728708,0.6806940700000002,0.05869308468904237
615,1630580,Joe Wieskamp,0.36156898937500004,0.01019761554748276,0.800973830625,0.044932647477537835
616,1630581,Josh Giddey,0.358279031875,0.009150532471575573,0.7856254799999999,0.0398008198370756
617,1630583,Santi Aldama,0.3531925925,0.008734272310856455,0.7609558887500001,0.04441227496282839
618,1630586,Usman Garuba,0.35172506562500006,0.009512862421220458,0.747748775,0.04716551983430931
619,1630587,Isaiah Livers,0.35592057,0.009036269587824945,0.7770560756249999,0.042680490085121515
620,1630591,Jalen Suggs,0.359390939375,0.008453518599121882,0.79200536,0.03557128789603913
621,1630593,McKinley Wright IV,0.36206979875,0.009462931739859928,0.8033452249999999,0.04402530745593238
622,1630595,Cade Cunningham,0.36453559437500005,0.008885301842570874,0.8215643850000001,0.03495782420824092
623,1630596,Evan Mobley,0.338087123125,0.013982106615080047,0.6854749600000001,0.037854847811058495
624,1630598,Aaron Wiggins,0.36252458750000005,0.009440609554927783,0.8067526525,0.03900008279762677
625,1630606,Javonte Smart,0.362519346875,0.009883923674535975,0.808105436875,0.04360054457381828
626,1630613,Duane Washington Jr.,0.362122141875,0.009143093834720088,0.8025976162500001,0.041078869126598846
627,1630625,Dalano Banton,0.351296909375,0.009820827660954146,0.745050800625,0.049439572712020124
628,1630631,Jose Alvarado,0.36097007625000005,0.008611235735388733,0.8003638262499999,0.039475180943582266
629,1630639,A.J. Lawson,0.36002833562500003,0.009689476843552022,0.79324539125,0.04814306768813578
630,1630643,Jay Huff,0.34162580375000007,0.015042037941473753,0.7097342012500001,0.05617872370190069
631,1630647,Eugene Omoruyi,0.350820926875,0.009259495039770135,0.7413648918749999,0.04997255789836242
632,1630678,Terry Taylor,0.35198023125,0.00991960384089372,0.752865825625,0.04951152000311613
633,1630686,Georgios Kalaitzakis,0.351502556875,0.009867721391892622,0.74364008,0.05121585198122111
634,1630688,Ish Wainright,0.35387541874999995,0.009831882185695598,0.7629017693750001,0.04771419512600456
635,1630691,Jamorko Pickett,0.35353252999999996,0.00967222603361553,0.7583770350000001,0.052058377513698746
636,1630692,Jordan Goodwin,0.36159510625,0.009763684142907377,0.80193719625,0.04309397514705781
637,1630698,Kevin Pangos,0.36263327375000004,0.009921274050811767,0.8062117693749999,0.045794544713207236
638,1630699,MarJon Beauchamp,0.353497640625,0.009745423061505571,0.76353502875,0.049663340924837845
639,1630700,Dyson Daniels,0.3603565025,0.010135949163250266,0.7930235887500001,0.04559510008919131
640,1630702,Jaden Hardy,0.36446983562499996,0.009132164590465716,0.8159855075,0.0381485544142559
641,1630792,Malcolm Hill,0.35359792125,0.010224806232518464,0.7592651293750001,0.05427327413052981
642,1630846,Olivier Sarr,0.341430511875,0.014249605294791818,0.708375451875,0.05563950185222666
643,1631093,Jaden Ivey,0.360124704375,0.008178586438803521,0.7920662418750001,0.031380999550319005
644,1631094,Paolo Banchero,0.35416765749999995,0.008204460160421511,0.7662911518750001,0.0328075123086742
645,1631095,Jabari Smith Jr.,0.3565377599999999,0.008899881266056307,0.7841712375000001,0.03635491489664559
646,1631097,Bennedict Mathurin,0.36554906875,0.008125185254751022,0.82861820875,0.02837157054830898
647,1631098,Johnny Davis,0.35958059750000004,0.00947908684733101,0.787455226875,0.04455808198646911
648,1631099,Keegan Murray,0.3567442475,0.00936229958757429,0.7755019706249999,0.043577762469389277
649,1631100,AJ Griffin,0.35789971750000005,0.010211094321934537,0.7873032168749999,0.04513403324669301
650,1631101,Shaedon Sharpe,0.36062639875,0.009165034542678956,0.7936233412499999,0.04000974678960801
651,1631102,TyTy Washington Jr.,0.360424880625,0.009694285666444155,0.79363935,0.04507625642118864
652,1631103,Malaki Branham,0.35563967874999997,0.009997616075685164,0.77588131625,0.04659468822377971
653,1631104,Blake Wesley,0.35975359124999995,0.009978587998267764,0.7881143937499999,0.04567045640315478
654,1631105,Jalen Duren,0.33734742437500004,0.015005860078125507,0.674184488125,0.04977124731231486
655,1631106,Tari Eason,0.354321735,0.00923616070350798,0.76584451375,0.04528624147496192
656,1631107,Nikola Jović,0.3551614625000001,0.010328228887730159,0.7741537675000001,0.049464568683980185
657,1631108,Max Christie,0.363569915,0.009625962627006455,0.8118611956250001,0.04184256221698614
658,1631109,Mark Williams,0.34001415,0.014584746703748406,0.6996618037500001,0.05097119035623444
659,1631110,Jeremy Sochan,0.352194406875,0.009361127870685656,0.75462581125,0.043370166045112436
660,1631114,Jalen Williams,0.364291664375,0.008506416724478107,0.8157300675000001,0.03444748165137321
661,1631115,Orlando Robinson,0.34014772625000006,0.014878950069563407,0.6996501131249999,0.05567072613411
662,1631116,Patrick Baldwin Jr.,0.35356458,0.009454818344360193,0.7599827356250001,0.05087018682764474
663,1631117,Walker Kessler,0.33273518062499996,0.014640953793315502,0.633332365,0.051261991812482526
664,1631119,Jaylin Williams,0.353682564375,0.009459020715610883,0.7595477425000001,0.04948131191178336
665,1631121,Bryce McGowens,0.361093418125,0.009306668124900903,0.798846898125,0.04099243107407447
666,1631128,Christian Braun,0.35844820749999995,0.009477309506892963,0.777501910625,0.04776659571757639
667,1631132,Christian Koloko,0.33794116312499994,0.014471093912875599,0.6802954575,0.05733944355947914
668,1631133,Jabari Walker,0.354168708125,0.009450614010697082,0.7657133899999999,0.04755227803511783
669,1631172,Ousmane Dieng,0.35244152375,0.009732773468900627,0.7531757618749999,0.051372629187415274
670,1631207,Dalen Terry,0.35320461374999995,0.009797609376631678,0.7580469681249999,0.050445897764346104
671,1631212,Peyton Watson,0.360585931875,0.009477275460858147,0.7950961824999999,0.04527363386190348
672,1631216,Caleb Houstan,0.362785449375,0.010102042097451738,0.8098934925000001,0.043336608235473896
673,1631219,John Butler Jr.,0.35331285749999997,0.009839662359537229,0.757965340625,0.050534032884788145
674,1631222,Jake LaRavia,0.35366081125,0.009868087537391601,0.760886258125,0.052521984825716045
675,1631223,David Roddy,0.35168395875,0.009777073772711775,0.7478073125,0.0489671007248218
676,1631245,Quenton Jackson,0.3621636368750001,0.009382750680438291,0.8041959575,0.04328080974433928
677,1631246,Vince Williams Jr.,0.362271439375,0.010006015029662137,0.8051882943750001,0.0450715301411708
678,1631254,Kenneth Lofton Jr.,0.352152028125,0.010044368524630306,0.7502729537500001,0.051234973133194
679,1631260,AJ Green,0.364012815625,0.009859350025692914,0.81258816375,0.0463681086778476
680,1631288,Jamal Cain,0.35394012875,0.010092712441951542,0.766128011875,0.051821179721620425
681,1631323,Simone Fontecchio,0.353743216875,0.009574965602149193,0.765738434375,0.049717940511996704
