nba_api_id,name,proj_mean,proj_sd,actual,actual_minutes,actual_games,proj_q05,proj_q25,proj_q75,proj_q95,error,abs_error,z_error,stat,test_season
2544,,2.0985915492957745,1.604947080368916,2.1285714285714286,2447.0,70.0,-0.5413859032030555,1.0160547435869407,3.181128355004608,4.7385690017946045,0.029979879275654042,0.029979879275654042,0.01867966840923055,FG3M,2024-25
101108,,1.3448275862068966,1.2642413179859466,1.7073170731707317,2291.0,82.0,-0.7347229577481873,0.49209681722537557,2.1975583551884177,3.4243781301619807,0.3624894869638351,0.3624894869638351,0.2867249169971081,FG3M,2024-25
200768,,1.6333333333333333,1.4138140105746495,0.8285714285714286,661.0,35.0,-0.6922493326609076,0.6797157832007322,2.5869508834659345,3.958915999327574,-0.8047619047619047,0.8047619047619047,-0.569213417566011,FG3M,2024-25
201142,,2.24,1.323794709323327,2.5806451612903225,2268.0,62.0,0.06249008263405953,1.347100468561416,3.1328995314385844,4.4175099173659405,0.3406451612903223,0.3406451612903223,0.2573247640976349,FG3M,2024-25
201143,,1.6615384615384616,1.3143073636535128,1.9,1660.0,60.0,-0.5003657209352015,0.7750381447541673,2.548038778322756,3.8234426440121245,0.23846153846153828,0.23846153846153828,0.18143513842809394,FG3M,2024-25
201144,,2.3552631578947367,1.5293043941035942,1.7887323943661972,1756.0,71.0,-0.16028963996626544,1.3237473440718626,3.386778971717611,4.870815955755739,-0.5665307635285395,0.5665307635285395,-0.3704499677846103,FG3M,2024-25
201145,,0.6794871794871795,0.9735940878443374,0.90625,397.0,32.0,-0.9219777356079712,0.02279796723617389,1.336176391738185,2.2809520945823305,0.22676282051282048,0.22676282051282048,0.2329131034627609,FG3M,2024-25
201566,,0.6176470588235294,0.8814745408181812,1.2533333333333334,2094.0,75.0,-0.8322904133682969,0.02309248104166617,1.2122016366053927,2.0675845310153558,0.635686274509804,0.635686274509804,0.7211623763061409,FG3M,2024-25
201567,,1.5272727272727273,1.3858350264511,1.0434782608695652,251.0,23.0,-0.7522873077366867,0.5925270019314605,2.4620184526139943,3.8068327622821414,-0.48379446640316215,0.48379446640316215,-0.34909960938285833,FG3M,2024-25
201569,,2.2058823529411766,1.706518000914473,1.435897435897436,768.0,39.0,-0.6011691067630398,1.0548359613243647,3.3569287445579885,5.012933812645393,-0.7699849170437407,0.7699849170437407,-0.4512023410424785,FG3M,2024-25
201572,,1.8734177215189873,1.4967236749544324,1.7375,2546.0,80.0,-0.5885430514135586,0.8638776027622228,2.882957840275752,4.3353784944515334,-0.1359177215189873,0.1359177215189873,-0.09081016342119749,FG3M,2024-25
201587,,1.2372881355932204,1.1497973292302799,1.1282051282051282,1364.0,78.0,-0.654013491257667,0.4617498370273966,2.0128264341590443,3.1285897624441077,-0.10908300738809218,0.10908300738809218,-0.09487150875634465,FG3M,2024-25
201599,,0.0,0.0,0.0,689.0,56.0,0.0,0.0,0.0,0.0,0.0,0.0,,FG3M,2024-25
201935,,2.5833333333333335,1.7095423982070774,2.9746835443037973,2790.0,79.0,-0.22869295747748808,1.4302469857426598,3.736419680924007,5.395359624144155,0.39135021097046385,0.39135021097046385,0.22892103254116514,FG3M,2024-25
201939,,4.824324324324325,2.3370635369122086,4.442857142857143,2249.0,70.0,0.9800885124574328,3.24797496867704,6.400673679971609,8.668560136191216,-0.3814671814671815,0.3814671814671815,-0.16322499386182124,FG3M,2024-25
201942,,0.9493670886075949,0.9857801046888649,1.0909090909090908,2767.0,77.0,-0.672142605595119,0.2844584079949555,1.6142757692202343,2.5708767828103087,0.14154200230149594,0.14154200230149594,0.14358374816883718,FG3M,2024-25
201949,,0.0,0.0,0.0,37.0,12.0,0.0,0.0,0.0,0.0,0.0,0.0,,FG3M,2024-25
201950,,2.0,1.317305628032864,1.7419354838709677,1901.0,62.0,-0.16683602755125815,1.1114773538918332,2.888522646108167,4.166836027551258,-0.25806451612903225,0.25806451612903225,-0.19590329733457576,FG3M,2024-25
201959,,0.1111111111111111,0.32338083338177726,0.02702702702702703,408.0,37.0,-0.42081802171857435,-0.10700926100489766,0.32923148322711987,0.6430402439407965,-0.08408408408408408,0.08408408408408408,-0.2600156700839966,FG3M,2024-25
201988,,0.75,0.9837387536759294,0.896551724137931,321.0,29.0,-0.8681518759215363,0.08646821064558563,1.4135317893544144,2.3681518759215363,0.14655172413793105,0.14655172413793105,0.1489742308009238,FG3M,2024-25
202066,,0.4444444444444444,0.7510676161988107,0.2222222222222222,226.0,27.0,-0.7909866774409793,-0.06215066268165337,0.9510395515705422,1.6798755663298681,-0.2222222222222222,0.2222222222222222,-0.2958751215328649,FG3M,2024-25
202331,,3.2837837837837838,1.6595119786867054,2.341463414634146,1335.0,41.0,0.5540525300420218,2.1644429541596013,4.403124613407966,6.013515037525545,-0.9423203691496376,0.9423203691496376,-0.5678298085533346,FG3M,2024-25
202681,,2.9827586206896552,1.5838148406571344,2.88,1801.0,50.0,0.37754158929273496,1.9144755106664182,4.0510417307128925,5.587975652086575,-0.10275862068965536,0.10275862068965536,-0.06488045070156066,FG3M,2024-25
202684,,0.0,0.0,0.0,328.0,40.0,0.0,0.0,0.0,0.0,0.0,0.0,,FG3M,2024-25
202685,,0.45121951219512196,0.7226911131643121,0.09876543209876543,1522.0,81.0,-0.737535099848855,-0.03623564363420656,0.9386746680244504,1.6399741242390988,-0.35245408009635654,0.35245408009635654,-0.4876967125735529,FG3M,2024-25
202687,,0.0,0.0,0.0,526.0,27.0,0.0,0.0,0.0,0.0,0.0,0.0,,FG3M,2024-25
202691,,3.4805194805194803,1.88212079154278,3.0,1972.0,72.0,0.38461899051076154,2.2110290066238756,4.750009954415085,6.5764199705282,-0.48051948051948035,0.48051948051948035,-0.2553074609656679,FG3M,2024-25
202692,,1.878787878787879,1.7673548380399235,1.7959183673469388,865.0,49.0,-1.0283340943039914,0.6867070405299505,3.0708687170458075,4.785909851879749,-0.08286951144094012,0.08286951144094012,-0.046889005907181695,FG3M,2024-25
202693,,0.5769230769230769,0.8086075400626399,0.6,165.0,15.0,-0.7531554657259596,0.03151729115082624,1.1223288626953276,1.9070016195721133,0.023076923076923106,0.023076923076923106,0.028539089649269683,FG3M,2024-25
202695,,2.0588235294117645,1.3916848260150325,2.108108108108108,1178.0,37.0,-0.23035884090036252,1.1201321142646252,2.9975149445589038,4.3480058997238915,0.049284578696343395,0.049284578696343395,0.03541360642514546,FG3M,2024-25
202696,,1.2105263157894737,0.8991223791184263,1.7671232876712328,2274.0,73.0,-0.26844008562242583,0.6040682710740951,1.8169843605048523,2.6894927172013734,0.5565969718817592,0.5565969718817592,0.6190447316276264,FG3M,2024-25
202699,,1.3,1.333514480448269,1.2465753424657535,2307.0,73.0,-0.8934979688893578,0.40054448293764255,2.1994555170623578,3.4934979688893577,-0.05342465753424652,0.05342465753424652,-0.04006305017121936,FG3M,2024-25
202704,,1.2439024390243902,1.0950052213614292,0.8064516129032258,385.0,31.0,-0.5572716495930248,0.5053214172161062,1.9824834608326742,3.0450765276418053,-0.4374508261211645,0.4374508261211645,-0.3994965663974444,FG3M,2024-25
202709,,0.5,0.7615773105863908,0.78,610.0,50.0,-0.7527185181835543,-0.013683895990520556,1.0136838959905206,1.7527185181835543,0.28,0.28,0.3676580120072232,FG3M,2024-25
202710,,1.0,0.9019752336033946,0.5818181818181818,1747.0,55.0,-0.4836590617542238,0.3916177049345103,1.6083822950654896,2.483659061754224,-0.4181818181818182,0.4181818181818182,-0.4636289363635631,FG3M,2024-25
203076,,0.3815789473684211,0.6921869740305315,0.6862745098039216,1704.0,51.0,-0.7569994062144003,-0.08530116661517245,0.8484590613520147,1.5201573009512424,0.3046955624355005,0.3046955624355005,0.4401925691569873,FG3M,2024-25
203078,,1.9056603773584906,1.7895438927214884,1.9245283018867925,1698.0,53.0,-1.0379603717790855,0.6986130217178468,3.1127077329991346,4.8492811264960665,0.018867924528301883,0.018867924528301883,0.010543426515014432,FG3M,2024-25
203081,,3.0136986301369864,1.5229097759527783,3.396551724137931,2094.0,58.0,0.5086643396722614,1.9864959862568374,4.040901274017135,5.518732920601711,0.3828530940009447,0.3828530940009447,0.25139578197363677,FG3M,2024-25
203083,,0.0,0.0,0.075,749.0,40.0,0.0,0.0,0.0,0.0,0.075,0.075,,FG3M,2024-25
203084,,1.8170731707317074,1.7150607287270974,1.9024390243902438,2230.0,82.0,-1.004030221951495,0.6602647092052802,2.9738816322581343,4.63817656341491,0.08536585365853644,0.08536585365853644,0.04977424544138108,FG3M,2024-25
203109,,1.16,1.2348675877128175,0.4444444444444444,104.0,9.0,-0.8712336950288135,0.3270818120877046,1.9929181879122952,3.1912336950288136,-0.7155555555555555,0.7155555555555555,-0.5794593385359517,FG3M,2024-25
203110,,0.9272727272727272,1.1197642849600329,1.1764705882352942,1981.0,68.0,-0.9146275450580308,0.17199171706718508,1.6825537374782695,2.7691729996034855,0.2491978609625669,0.2491978609625669,0.22254492691866967,FG3M,2024-25
203114,,1.709090909090909,1.0305109712918448,1.2972972972972974,847.0,37.0,0.014003412412953553,1.0140112589545596,2.4041705592272584,3.4041784057688647,-0.4117936117936116,0.4117936117936116,-0.39960138539562434,FG3M,2024-25
203458,,0.0,0.0,0.045454545454545456,377.0,44.0,0.0,0.0,0.0,0.0,0.045454545454545456,0.045454545454545456,,FG3M,2024-25
203468,,3.621212121212121,2.043866257216767,3.0535714285714284,1834.0,56.0,0.2592565147162609,2.242624330719412,4.99979991170483,6.983167727707981,-0.5676406926406927,0.5676406926406927,-0.27772888301100335,FG3M,2024-25
203471,,1.725,1.3959706935373646,1.6933333333333334,2108.0,75.0,-0.5712321937996108,0.7834177672090477,2.6665822327909527,4.0212321937996105,-0.03166666666666673,0.03166666666666673,-0.022684334859798504,FG3M,2024-25
203482,,0.7692307692307693,0.8816023917973325,0.75,893.0,44.0,-0.680917005036663,0.1745899559634685,1.36387158249807,2.2193785434982014,-0.019230769230769273,0.019230769230769273,-0.02181342678932993,FG3M,2024-25
203484,,1.644736842105263,1.3135595138748866,1.4675324675324675,2278.0,77.0,-0.5159372022675377,0.7587409499966521,2.530732734213874,3.8054108864780636,-0.1772043745727956,0.1772043745727956,-0.13490395577894912,FG3M,2024-25
203486,,0.0,0.0,0.0,1300.0,74.0,0.0,0.0,0.0,0.0,0.0,0.0,,FG3M,2024-25
203497,,0.0,0.0,0.0,2392.0,72.0,0.0,0.0,0.0,0.0,0.0,0.0,,FG3M,2024-25
203501,,2.670886075949367,1.830801414732972,2.1818181818181817,2152.0,77.0,-0.3405991711448988,1.4360105217119774,3.905761630186757,5.682371323043633,-0.48906789413118545,0.48906789413118545,-0.2671332293035821,FG3M,2024-25
203507,,0.4657534246575342,0.6683768020116164,0.208955223880597,2291.0,67.0,-0.6336595769713737,0.014933271700698969,0.9165735776143695,1.5651664262864422,-0.2567982007769372,0.2567982007769372,-0.3842117201016711,FG3M,2024-25
203552,,0.9047619047619048,1.1220522097657426,1.2388059701492538,1059.0,67.0,-0.9409017750817653,0.14793768927491135,1.6615861202488982,2.750425584605575,0.334044065387349,0.334044065387349,0.2977081302278165,FG3M,2024-25
203897,,2.36,1.7048949136725895,3.22972972972973,2610.0,74.0,-0.4443816435000425,1.2100483807278384,3.5099516192721616,5.164381643500042,0.86972972972973,0.86972972972973,0.5101368552130915,FG3M,2024-25
203903,,1.6545454545454545,1.5180174914595366,2.27027027027027,965.0,37.0,-0.8424415171563371,0.630642656555997,2.678448252534912,4.151532426247246,0.6157248157248156,0.6157248157248156,0.4056111468997708,FG3M,2024-25
203914,,1.4074074074074074,1.1077517349836061,0.75,709.0,48.0,-0.41473342146712633,0.6602288621609651,2.15458595265385,3.229548236281941,-0.6574074074074074,0.6574074074074074,-0.5934609593882844,FG3M,2024-25
203915,,1.631578947368421,1.2945228749173228,1.379746835443038,2133.0,79.0,-0.4977817295830833,0.7584232682366868,2.5047346265001553,3.760939624319925,-0.251832111925383,0.251832111925383,-0.19453662565944752,FG3M,2024-25
203924,,2.0555555555555554,1.351681924550755,2.297872340425532,1525.0,47.0,-0.16782604213798136,1.1438460974460711,2.9672650136650396,4.2789371532490925,0.24231678486997676,0.24231678486997676,0.17927056689058943,FG3M,2024-25
203926,,1.46875,1.3682192110637132,1.0476190476190477,343.0,42.0,-0.7818337802787019,0.5458861421375254,2.391613857862475,3.719333780278702,-0.42113095238095233,0.42113095238095233,-0.3077949417575761,FG3M,2024-25
203932,,0.547945205479452,0.7079135205033277,1.4705882352941178,1447.0,51.0,-0.6165017443964718,0.07045753589995751,1.0254328750589465,1.7123921553553758,0.9226430298146657,0.9226430298146657,1.3033273176625657,FG3M,2024-25
203935,,2.1,2.125038699338017,1.4411764705882353,680.0,34.0,-1.395476156541104,0.6666613972965079,3.533338602703492,5.595476156541104,-0.6588235294117648,0.6588235294117648,-0.31002895599830665,FG3M,2024-25
203937,,0.13924050632911392,0.3484094708297163,0.4166666666666667,1005.0,60.0,-0.43385823223868647,-0.09576168174552971,0.37424269440375757,0.7123392448969142,0.27742616033755274,0.27742616033755274,0.7962646930259357,FG3M,2024-25
203939,,0.015873015873015872,0.12598815766974242,0.03636363636363636,552.0,55.0,-0.19136490467794343,-0.06910599647522539,0.10085202822125713,0.22311093642397517,0.02049062049062049,0.02049062049062049,0.16263925808275836,FG3M,2024-25
203944,,1.6521739130434783,1.0586656445072276,1.565217391304348,2227.0,69.0,-0.08922520560646041,0.9381039358233533,2.366243890263603,3.3935730316934167,-0.08695652173913038,0.08695652173913038,-0.08213785172900898,FG3M,2024-25
203952,,1.2816901408450705,1.1487023559720306,2.1666666666666665,1841.0,60.0,-0.6078103644933228,0.5068904017419359,2.056489879948205,3.171190646183464,0.884976525821596,0.884976525821596,0.7704141296661048,FG3M,2024-25
203954,,1.3846153846153846,1.1148609688015296,1.2105263157894737,574.0,19.0,-0.4492194229662516,0.6326416611587529,2.136589108072016,3.2184501921970208,-0.1740890688259109,0.1740890688259109,-0.15615316501128912,FG3M,2024-25
203957,,0.9636363636363636,1.2614459129292033,1.15,372.0,20.0,-1.1113160185408828,0.11279109536561605,1.8144816319071113,3.03858874581361,0.1863636363636363,0.1863636363636363,0.14773811104661738,FG3M,2024-25
203967,,1.15625,1.1848079343378157,0.4375,211.0,16.0,-0.792640571192273,0.35709704828914335,1.9554029517108567,3.105140571192273,-0.71875,0.71875,-0.6066384087828601,FG3M,2024-25
203991,,0.0,0.0,0.0,1182.0,55.0,0.0,0.0,0.0,0.0,0.0,0.0,,FG3M,2024-25
203992,,3.037974683544304,1.5806768914766536,1.9444444444444444,1346.0,54.0,0.4379192647543566,1.971808120243301,4.104141246845307,5.638030102334252,-1.0935302390998596,1.0935302390998596,-0.6918113657486913,FG3M,2024-25
203994,,0.2894736842105263,0.5845976274027395,0.6274509803921569,1062.0,51.0,-0.6721309531042399,-0.10483741547262143,0.6837847838936741,1.2510783215252925,0.3379772961816305,0.3379772961816305,0.5781366196835283,FG3M,2024-25
203995,,0.7166666666666667,1.0266230088303532,1.0975609756097562,786.0,41.0,-0.9720255205583813,0.024209447210593482,1.4091238861227398,2.4053588538917148,0.3808943089430895,0.3808943089430895,0.37101672733504,FG3M,2024-25
203999,,1.0506329113924051,0.9726877140991163,1.9714285714285715,2575.0,70.0,-0.5493411095292313,0.39455504823255116,1.706710774552259,2.6506069323140418,0.9207956600361664,0.9207956600361664,0.9466508589439611,FG3M,2024-25
204001,,1.9298245614035088,1.293661044185496,2.4523809523809526,1208.0,42.0,-0.19811849017721372,1.0572501871003916,2.802398935706626,4.0577676129842315,0.5225563909774438,0.5225563909774438,0.40393609541396625,FG3M,2024-25
204060,,1.0294117647058822,1.0785643890617114,0.21428571428571427,114.0,14.0,-0.7447187988617268,0.30192008428375794,1.7569034451280066,2.8035423282734913,-0.815126050420168,0.815126050420168,-0.7557509395700339,FG3M,2024-25
204456,,0.2535211267605634,0.5786266958227145,0.19230769230769232,1417.0,78.0,-0.6982619251982197,-0.13676257957185756,0.6438048330929843,1.2053041787193464,-0.06121343445287106,0.06121343445287106,-0.10579089228822282,FG3M,2024-25
1626145,,1.606060606060606,1.5077113361626864,2.049382716049383,2172.0,81.0,-0.873973770793397,0.589109309818874,2.6230119023023377,4.086094982914609,0.44332210998877697,0.44332210998877697,0.29403646398062316,FG3M,2024-25
1626153,,0.5319148936170213,0.7474904050507426,0.5,635.0,40.0,-0.6976320736509452,0.02773261541029537,1.036097171823747,1.7614618608849877,-0.03191489361702127,0.03191489361702127,-0.04269605790438843,FG3M,2024-25
1626156,,2.973684210526316,2.045963076959284,1.9482758620689655,1479.0,58.0,-0.39172045476400985,1.593682115117279,4.353686305935353,6.339088875816642,-1.0254083484573504,1.0254083484573504,-0.5011861455394959,FG3M,2024-25
1626157,,2.193548387096774,1.7446753625162263,1.9722222222222223,2518.0,72.0,-0.6762681167061668,1.0167648550795794,3.3703319191139687,5.063364890899715,-0.2213261648745517,0.2213261648745517,-0.12685807894676066,FG3M,2024-25
1626158,,0.025,0.15811388300841894,0.0,534.0,31.0,-0.2350815261605483,-0.08164781408917857,0.13164781408917858,0.2850815261605483,-0.025,0.025,-0.158113883008419,FG3M,2024-25
1626162,,1.4852941176470589,1.429879935037064,1.1833333333333333,2083.0,60.0,-0.8667153874954074,0.5208401014645593,2.4497481338295586,3.837303622789525,-0.3019607843137255,0.3019607843137255,-0.2111791185501868,FG3M,2024-25
1626164,,2.235294117647059,1.8375652861491487,2.44,2795.0,75.0,-0.7873170215396761,0.995856332139458,3.4747319031546597,5.257905256833794,0.20470588235294107,0.20470588235294107,0.11140060377497021,FG3M,2024-25
1626166,,1.3333333333333333,1.3548054603882569,1.2916666666666667,1089.0,72.0,-0.8951861684593105,0.41951705030145403,2.2471496163652125,3.5618528351259773,-0.04166666666666652,0.04166666666666652,-0.03075472300999273,FG3M,2024-25
1626167,,1.5064935064935066,1.4565945921492132,2.1666666666666665,2174.0,72.0,-0.889458938132734,0.5240204540888623,2.488966558898151,3.902445951119747,0.66017316017316,0.66017316017316,0.45323054453955575,FG3M,2024-25
1626168,,1.4482758620689655,1.4530357066054147,1.173913043478261,1349.0,69.0,-0.9418225717262814,0.4682032779636133,2.4283484461743177,3.838374295864212,-0.27436281859070455,0.27436281859070455,-0.18882042426312537,FG3M,2024-25
1626171,,1.2195121951219512,1.3054906862740185,1.3265306122448979,1243.0,49.0,-0.9278894347301818,0.33895872723012566,2.1000656630137766,3.366913824974084,0.10701841712294669,0.10701841712294669,0.08197562667289979,FG3M,2024-25
1626172,,0.0,0.0,0.02631578947368421,1145.0,76.0,0.0,0.0,0.0,0.0,0.02631578947368421,0.02631578947368421,,FG3M,2024-25
1626179,,2.442622950819672,2.3418268521529253,1.421875,1655.0,64.0,-1.409448038286675,0.8630607390425238,4.02218516259682,6.2946939399260184,-1.020747950819672,1.020747950819672,-0.43587678136035624,FG3M,2024-25
1626181,,2.1973684210526314,1.385830550893389,2.9833333333333334,1959.0,60.0,-0.08218425211190405,1.2626257144750406,3.132111127630222,4.476921094217166,0.785964912280702,0.785964912280702,0.5671435889286912,FG3M,2024-25
1626192,,1.0789473684210527,0.9488682085479428,0.6341463414634146,606.0,41.0,-0.48184594781945855,0.4389357617554652,1.71895897508664,2.6397406846615636,-0.444801026957638,0.444801026957638,-0.46877008097712425,FG3M,2024-25
1626196,,1.5348837209302326,1.3336101595240737,0.75,149.0,8.0,-0.6587716304709161,0.6353636683312449,2.4344037735292203,3.7285390723313814,-0.7848837209302326,0.7848837209302326,-0.5885405981087716,FG3M,2024-25
1626204,,0.4426229508196721,0.6461318277238898,1.4166666666666667,463.0,24.0,-0.6201992926033542,0.006807033019908482,0.8784388686194358,1.5054451942426985,0.9740437158469946,0.9740437158469946,1.5074999776411429,FG3M,2024-25
1626220,,1.9746835443037976,1.5605282105773641,2.3866666666666667,1842.0,75.0,-0.5922293092749087,0.9221072662693655,3.0272598223382294,4.541596397882504,0.41198312236286916,0.41198312236286916,0.26400235482474466,FG3M,2024-25
1627732,,0.0,0.0,0.0,1119.0,51.0,0.0,0.0,0.0,0.0,0.0,0.0,,FG3M,2024-25
1627734,,0.4024390243902439,0.5849924785326536,0.9285714285714286,2428.0,70.0,-0.5598151035481179,0.007861597619969074,0.7970164511605188,1.3646931523286057,0.5261324041811847,0.5261324041811847,0.8993831946367778,FG3M,2024-25
1627736,,2.8354430379746836,1.9508734384874333,3.8902439024390243,2285.0,82.0,-0.3735486809932955,1.51957890371491,4.151307172234457,6.044434756942662,1.0548008644643407,1.0548008644643407,0.5406813397808918,FG3M,2024-25
1627739,,0.6307692307692307,0.7820092464533024,1.0135135135135136,1785.0,74.0,-0.6555577787218063,0.10330399403647827,1.1582344675019831,1.9170962402602678,0.38274428274428285,0.38274428274428285,0.4894370296517183,FG3M,2024-25
1627741,,2.607142857142857,1.6502490293480032,2.475609756097561,1867.0,82.0,-0.10735177123167317,1.494049886847629,3.7202358274380853,5.321637485517387,-0.13153310104529625,0.13153310104529625,-0.0797050013095682,FG3M,2024-25
1627742,,1.34375,1.6155862860333543,2.388888888888889,594.0,18.0,-1.3137278818962645,0.2540370500705025,2.4334629499294973,4.0012278818962645,1.0451388888888888,1.0451388888888888,0.6469099780829111,FG3M,2024-25
1627747,,1.588235294117647,1.2487043328885101,1.65625,1592.0,64.0,-0.4657584630506635,0.7459842215843469,2.430486366650947,3.642229051285957,0.06801470588235303,0.06801470588235303,0.05446822285386087,FG3M,2024-25
1627749,,2.576923076923077,1.7246812675174141,1.6774193548387097,1012.0,31.0,-0.26000514001631725,1.4136255619825813,3.740220591863573,5.413851293862471,-0.8995037220843674,0.8995037220843674,-0.5215478007592409,FG3M,2024-25
1627750,,2.457627118644068,1.5349046235482617,2.328358208955224,2421.0,67.0,-0.06713749663046809,1.4223339500607655,3.4929202872273706,4.982391733918604,-0.12926890968884397,0.12926890968884397,-0.08421950634952882,FG3M,2024-25
1627751,,0.0,0.0,0.017543859649122806,1687.0,57.0,0.0,0.0,0.0,0.0,0.017543859649122806,0.017543859649122806,,FG3M,2024-25
1627752,,1.8076923076923077,1.4687895211168471,1.8375,2169.0,80.0,-0.6083195755927944,0.8169937756989943,2.798390839685621,4.22370419097741,0.029807692307692202,0.029807692307692202,0.02029405294573919,FG3M,2024-25
1627759,,2.0714285714285716,1.618027324355262,1.8412698412698412,2160.0,63.0,-0.590064574403399,0.9800691411509475,3.162788001706196,4.732921717260542,-0.23015873015873045,0.23015873015873045,-0.14224650393369725,FG3M,2024-25
1627763,,2.1025641025641026,1.4652980978352386,0.6666666666666666,565.0,24.0,-0.3077047385650813,1.1142205355742343,3.090907669553971,4.512832943693287,-1.4358974358974361,1.4358974358974361,-0.9799353715252633,FG3M,2024-25
1627777,,1.8170731707317074,1.4326703788146917,2.1012658227848102,1696.0,79.0,-0.539526335380579,0.8507370002211978,2.783409341242217,4.173672676843994,0.28419265205310285,0.28419265205310285,0.1983656926642312,FG3M,2024-25
1627780,,0.45454545454545453,0.697321968762202,0.5,923.0,62.0,-0.6924794518714914,-0.015798213384650706,0.9248891224755598,1.6015703609624006,0.04545454545454547,0.04545454545454547,0.06518444490603192,FG3M,2024-25
1627783,,1.0625,1.266348783118746,1.6153846153846154,2553.0,78.0,-1.0205171133520254,0.2083477457864058,1.9166522542135942,3.1455171133520254,0.5528846153846154,0.5528846153846154,0.4365974230440518,FG3M,2024-25
1627826,,0.0,0.0,0.0,2623.0,80.0,0.0,0.0,0.0,0.0,0.0,0.0,,FG3M,2024-25
1627827,,1.7205882352941178,1.3696670064348642,2.0476190476190474,1819.0,63.0,-0.5323770235905902,0.7967478394538019,2.6444286311344336,3.9735534941788258,0.3270308123249297,0.3270308123249297,0.2387666569965537,FG3M,2024-25
1627832,,3.1095890410958904,1.968936852407188,2.65,2113.0,60.0,-0.1291151874286931,1.7815411341472422,4.437636948044538,6.3482932696204735,-0.4595890410958905,0.4595890410958905,-0.23341989893378495,FG3M,2024-25
1627884,,1.0789473684210527,1.283361813308955,1.0129870129870129,1874.0,77.0,-1.0320544782908474,0.2133198253441625,1.9445749114979427,3.1899492151329527,-0.06596035543403977,0.06596035543403977,-0.051396538957296026,FG3M,2024-25
1627936,,1.9154929577464788,1.3495658441909535,1.1320754716981132,1040.0,53.0,-0.3044078993632209,1.0052107958396808,2.8257751196532768,4.135393814856179,-0.7834174860483656,0.7834174860483656,-0.5804959346151901,FG3M,2024-25
1628365,,0.09302325581395349,0.366057079101847,0.19047619047619047,183.0,21.0,-0.5091040336006747,-0.1538822440402423,0.3399287556681493,0.6951505452285816,0.09745293466223698,0.09745293466223698,0.2662233302558887,FG3M,2024-25
1628368,,2.891891891891892,1.8099236914783048,1.903225806451613,2242.0,62.0,-0.08525158822077161,1.6710983619897755,4.1126854217940085,5.869035372004555,-0.9886660854402791,0.9886660854402791,-0.5462473860612096,FG3M,2024-25
1628369,,3.0945945945945947,1.6974511021982175,3.4722222222222223,2623.0,72.0,0.30245727658874655,1.949663826161897,4.239525363027292,5.8867319126004425,0.3776276276276276,0.3776276276276276,0.2224674555506169,FG3M,2024-25
1628370,,2.0555555555555554,1.6435009770787607,2.1384615384615384,2054.0,65.0,-0.6478392016412982,0.9470141465159312,3.1640969645951795,4.758950312752409,0.08290598290598306,0.08290598290598306,0.050444742085486445,FG3M,2024-25
1628371,,0.7241379310344828,0.8744542849290249,0.5492957746478874,1089.0,71.0,-0.7142519222452702,0.13431851584985544,1.31395734621911,2.1625277843142356,-0.1748421563865954,0.1748421563865954,-0.19994430743830877,FG3M,2024-25
1628374,,3.1818181818181817,1.5880445591624694,2.9361702127659575,1475.0,47.0,0.5696436864518355,2.1106821266630957,4.252954236973268,5.793992677184528,-0.2456479690522242,0.2456479690522242,-0.1546858163613358,FG3M,2024-25
1628378,,3.309090909090909,1.6201591973987695,3.2816901408450705,2230.0,71.0,0.6440910452896733,2.216293530445439,4.401888287736379,5.974090772892145,-0.02740076824583859,0.02740076824583859,-0.016912392491942534,FG3M,2024-25
1628379,,2.7435897435897436,1.6176322644686378,1.7384615384615385,1471.0,65.0,0.08274643176528107,1.6524967812056475,3.8346827059738398,5.404433055414206,-1.005128205128205,1.005128205128205,-0.6213576640413828,FG3M,2024-25
1628380,,0.8405797101449275,0.9175284641489024,0.5,981.0,64.0,-0.6686628605336022,0.2217067610764928,1.4594526592133623,2.3498222808234575,-0.3405797101449275,0.3405797101449275,-0.3711925280278346,FG3M,2024-25
1628381,,1.2647058823529411,1.0311223715153834,1.475,1220.0,40.0,-0.4313873065527132,0.569213842765815,1.9601979219400674,2.960799071258595,0.21029411764705896,0.21029411764705896,0.2039468092792918,FG3M,2024-25
1628384,,2.04,1.524761607328724,2.310810810810811,2706.0,74.0,-0.46808036789501806,1.0115482958567756,3.068451704143224,4.548080367895018,0.27081081081081093,0.27081081081081093,0.17760862387219506,FG3M,2024-25
1628386,,0.0,0.0,0.0,2295.0,82.0,0.0,0.0,0.0,0.0,0.0,0.0,,FG3M,2024-25
1628389,,0.2112676056338028,0.504706221698651,1.0128205128205128,2679.0,78.0,-0.6189236584383082,-0.1291567409019373,0.5516919521695429,1.0414588697059137,0.80155290718671,0.80155290718671,1.5881573729941052,FG3M,2024-25
1628392,,0.013333333333333334,0.11547005383792516,0.0,1589.0,57.0,-0.17660335822466977,-0.06455121798034719,0.09121788464701386,0.20327002489133644,-0.013333333333333334,0.013333333333333334,-0.11547005383792515,FG3M,2024-25
1628398,,2.157142857142857,1.5569918440648531,1.476923076923077,1936.0,65.0,-0.40395302715942005,1.1069518583211135,3.2073338559646007,4.718238741445134,-0.68021978021978,0.68021978021978,-0.4368807600455529,FG3M,2024-25
1628401,,2.684931506849315,1.862470822506483,3.486842105263158,2571.0,76.0,-0.3786467490915988,1.4286949370686923,3.941168076629938,5.7485097627902295,0.8019105984138428,0.8019105984138428,0.43056277109063357,FG3M,2024-25
1628404,,0.9876543209876543,1.0427586868553744,1.0909090909090908,2896.0,77.0,-0.7275794430207512,0.2843135867037042,1.6909950552716042,2.7028880849960597,0.10325476992143656,0.10325476992143656,0.09902077175000078,FG3M,2024-25
1628415,,1.8472222222222223,1.4694995049309048,2.48,2388.0,75.0,-0.5699575134386228,0.856044806146327,2.8383996382981174,4.264401957883067,0.6327777777777777,0.6327777777777777,0.43060768353748485,FG3M,2024-25
1628418,,0.10526315789473684,0.38830704514427383,0.7272727272727273,963.0,66.0,-0.5334631006630792,-0.15664994405507587,0.36717625984454955,0.7439894164525529,0.6220095693779905,0.6220095693779905,1.6018498174476474,FG3M,2024-25
1628420,,0.8181818181818182,0.8083372383535791,0.6888888888888889,572.0,45.0,-0.511452105185984,0.2729583509123291,1.3634052854513072,2.1478157415496204,-0.12929292929292935,0.12929292929292935,-0.15994924291286286,FG3M,2024-25
1628436,,0.015873015873015872,0.1259881576697424,0.0,1364.0,72.0,-0.1913649046779434,-0.06910599647522536,0.1008520282212571,0.22311093642397514,-0.015873015873015872,0.015873015873015872,-0.12598815766974242,FG3M,2024-25
1628449,,0.62,0.8545197959278961,1.4,864.0,50.0,-0.7855996123217962,0.04362639764663412,1.1963736023533658,2.025599612321796,0.7799999999999999,0.7799999999999999,0.9127933650185629,FG3M,2024-25
1628464,,0.43333333333333335,0.6731324866865127,0.23684210526315788,622.0,38.0,-0.6739022940173114,-0.02069452893671947,0.8873611956033862,1.540568960683978,-0.19649122807017547,0.19649122807017547,-0.29190572726240177,FG3M,2024-25
1628467,,0.7441860465116279,0.9282093169060203,0.38235294117647056,637.0,34.0,-0.7826254588670849,0.11810886225851724,1.3702632307647384,2.270997551890341,-0.36183310533515733,0.36183310533515733,-0.3898184372262581,FG3M,2024-25
1628470,,1.1320754716981132,1.2095411693482498,0.9230769230769231,312.0,26.0,-0.857498797762823,0.3162399529727187,1.9479109904235077,3.1216497411590494,-0.20899854862119005,0.20899854862119005,-0.1727915956211784,FG3M,2024-25
1628960,,2.7333333333333334,2.2799557447894023,2.328125,1544.0,64.0,-1.0169658712707546,1.1955031834728815,4.271163483193785,6.483632537937421,-0.4052083333333334,0.4052083333333334,-0.1777264029178611,FG3M,2024-25
1628963,,0.18,0.4375255094603873,0.0967741935483871,268.0,31.0,-0.539685710511391,-0.11511095613103123,0.4751109561310312,0.8996857105113911,-0.0832258064516129,0.0832258064516129,-0.19021932356414523,FG3M,2024-25
1628964,,0.43859649122807015,0.7323529559784174,0.46875,414.0,32.0,-0.7660508860608286,-0.05537557757937239,0.9325685600355127,1.643243868516969,0.03015350877192985,0.03015350877192985,0.041173464960819355,FG3M,2024-25
1628969,,2.682926829268293,1.5860351122519312,2.0246913580246915,3040.0,81.0,0.07405767312509104,1.6131461460543652,3.7527075124822202,5.291795985411495,-0.6582354712436014,0.6582354712436014,-0.4150194823297487,FG3M,2024-25
1628970,,2.2753623188405796,1.5037605602877395,2.203125,2029.0,64.0,-0.198173426776723,1.2610758209264994,3.28964881675466,4.748898064457882,-0.0722373188405796,0.0722373188405796,-0.04803777991541235,FG3M,2024-25
1628971,,0.7910447761194029,1.094577730019952,0.6585365853658537,920.0,41.0,-1.0094261319904159,0.052752097220945315,1.5293374550178607,2.591515684229222,-0.13250819075354925,0.13250819075354925,-0.12105873079578724,FG3M,2024-25
1628973,,2.74025974025974,1.9894630153742585,2.3384615384615386,2301.0,65.0,-0.5322079737293777,1.3983669363898028,4.082152544129677,6.012727454248858,-0.4017982017982016,0.4017982017982016,-0.20196314216105957,FG3M,2024-25
1628975,,1.0694444444444444,1.1906488808349376,0.9722222222222222,321.0,36.0,-0.8890538996409445,0.266351774321279,1.87253711456761,3.0279427885298333,-0.09722222222222221,0.09722222222222221,-0.08165482182626799,FG3M,2024-25
1628976,,1.1636363636363636,1.032143335646685,0.5441176470588235,1760.0,68.0,-0.5341362091688684,0.46745568374267465,1.8598170435300525,2.8614089364415953,-0.6195187165775401,0.6195187165775401,-0.6002254678991686,FG3M,2024-25
1628978,,3.493827160493827,2.1628884436681166,2.806451612903226,1605.0,62.0,-0.06390804049585785,2.034958905239683,4.9526954157479715,7.051562361483512,-0.6873755475906012,0.6873755475906012,-0.31780443859825586,FG3M,2024-25
1628981,,0.0,0.0,0.0,145.0,17.0,0.0,0.0,0.0,0.0,0.0,0.0,,FG3M,2024-25
1628983,,1.2666666666666666,1.0569376126891867,2.1447368421052633,2596.0,76.0,-0.4718900124457768,0.5537622469078102,1.9795710864255232,3.00522334577911,0.8780701754385967,0.8780701754385967,0.8307682164934085,FG3M,2024-25
1628988,,1.0769230769230769,1.2143004053880055,1.1612903225806452,793.0,62.0,-0.9204796598996534,0.25787745348886715,1.8959687003572867,3.074325813745807,0.08436724565756837,0.08436724565756837,0.06947806760437546,FG3M,2024-25
1628989,,1.921875,1.730259981382741,1.9130434782608696,1679.0,69.0,-0.9242296433764707,0.7548146425573412,3.088935357442659,4.767979643376471,-0.008831521739130377,0.008831521739130377,-0.0051041588166840955,FG3M,2024-25
1628991,,1.7727272727272727,1.422840653227031,1.972972972972973,2204.0,74.0,-0.5677033177658706,0.8130212521256402,2.732433293328905,4.113157863220416,0.20024570024570032,0.20024570024570032,0.14073656090127806,FG3M,2024-25
1628995,,1.0,1.1832159566199232,0.2857142857142857,84.0,14.0,-0.9462719270441118,0.20192083725986187,1.7980791627401382,2.946271927044112,-0.7142857142857143,0.7142857142857143,-0.6036816105203691,FG3M,2024-25
1628997,,1.265625,1.1018337889231289,0.8222222222222222,1218.0,45.0,-0.5467813993996546,0.5224381093713496,2.0088118906286505,3.078031399399655,-0.4434027777777778,0.4434027777777778,-0.40242256339872734,FG3M,2024-25
1628998,,0.9642857142857143,0.9615628812527939,0.8113207547169812,1173.0,53.0,-0.6173890690870064,0.3157115508807048,1.612859877690724,2.545960497658435,-0.15296495956873313,0.15296495956873313,-0.15907951788804417,FG3M,2024-25
1629001,,2.026315789473684,1.3849937477712946,2.1666666666666665,121.0,6.0,-0.25186042623531835,1.0921375066019459,2.9604940723454223,4.304492005182686,0.14035087719298245,0.14035087719298245,0.10133683088377286,FG3M,2024-25
1629003,,0.375,0.7614376100788254,0.6666666666666666,835.0,57.0,-0.8774887248186598,-0.13858966799816774,0.8885896679981677,1.6274887248186598,0.29166666666666663,0.29166666666666663,0.3830473604219166,FG3M,2024-25
1629004,,1.024390243902439,1.2142447215872256,1.8918918918918919,759.0,37.0,-0.9729208986363884,0.20538217919185542,1.8433983086130228,3.0217013864412667,0.8675016479894528,0.8675016479894528,0.7144372403410407,FG3M,2024-25
1629006,,0.48333333333333334,0.7700245795475263,0.8,627.0,40.0,-0.7832800975643928,-0.03604824557147318,1.0027149122381398,1.7499467642310595,0.3166666666666667,0.3166666666666667,0.41124228378884087,FG3M,2024-25
1629008,,2.7160493827160495,1.485215202430565,2.5064935064935066,2595.0,77.0,0.2730188962380131,1.7142717286766334,3.7178270367554656,5.159079869194086,-0.2095558762225429,0.2095558762225429,-0.1410946210889865,FG3M,2024-25
1629011,,0.0,0.0,0.0,290.0,17.0,0.0,0.0,0.0,0.0,0.0,0.0,,FG3M,2024-25
1629012,,1.641025641025641,1.338484886557107,1.746031746031746,1762.0,63.0,-0.5606481488721444,0.7382175850428723,2.5438336970084094,3.8426994309234264,0.10500610500610508,0.10500610500610508,0.07845146856772144,FG3M,2024-25
1629013,,1.1521739130434783,1.053404877408868,1.24,761.0,50.0,-0.5805717698063688,0.44165232323119685,1.8626955028557597,2.8849195958933254,0.08782608695652172,0.08782608695652172,0.08337353361468532,FG3M,2024-25
1629014,,3.391304347826087,1.8794592705771662,3.0714285714285716,2290.0,70.0,0.29978179365370616,2.1236090698217884,4.658999625830385,6.482826901998468,-0.3198757763975153,0.3198757763975153,-0.17019564158966005,FG3M,2024-25
1629018,,2.507042253521127,1.8351585329464801,2.4324324324324325,1892.0,74.0,-0.5116100173225382,1.2692278230487262,3.744856683993528,5.525694524364792,-0.07460982108869452,0.07460982108869452,-0.0406557906301986,FG3M,2024-25
1629020,,0.27586206896551724,0.5913997756013109,0.25,580.0,36.0,-0.696931421921079,-0.12303707967756694,0.6747612176086014,1.2486555598521134,-0.025862068965517238,0.025862068965517238,-0.043730265097280015,FG3M,2024-25
1629021,,0.475,0.6359484096582328,0.9,564.0,30.0,-0.5710715390468272,0.04605279768552195,0.903947202314478,1.5210715390468272,0.42500000000000004,0.42500000000000004,0.6682932035766874,FG3M,2024-25
1629022,,1.793103448275862,1.6303978708219917,2.3684210526315788,479.0,19.0,-0.8887380094392321,0.6934000844064288,2.8928068121452952,4.474944905990956,0.5753176043557167,0.5753176043557167,0.35286945269724923,FG3M,2024-25
1629023,,1.8082191780821917,1.612947046097912,1.5964912280701755,1833.0,57.0,-0.844917418044264,0.7202863954891501,2.8961519606752333,4.461355774208648,-0.21172795001201616,0.21172795001201616,-0.13126776264864648,FG3M,2024-25
1629026,,0.8115942028985508,0.9119365676927926,0.9565217391304348,1131.0,69.0,-0.6884502572993239,0.1964929879897621,1.4266954178073394,2.311638663096425,0.14492753623188404,0.14492753623188404,0.1589228257383646,FG3M,2024-25
1629027,,3.240740740740741,2.0088031279814653,2.8684210526315788,2738.0,76.0,-0.06353952447597155,1.8858030309172427,4.59567845056424,6.545021005957453,-0.37231968810916216,0.37231968810916216,-0.18534404040045752,FG3M,2024-25
1629028,,0.01818181818181818,0.1348399724926484,0.15,1210.0,40.0,-0.20361645257133917,-0.07276774326447316,0.10913137962810951,0.23998008893497555,0.1318181818181818,0.1318181818181818,0.9775898005717011,FG3M,2024-25
1629029,,4.057142857142857,1.9773039343665109,3.54,1766.0,50.0,0.804675615503383,2.7234513534126457,5.390834360873068,7.309610098782331,-0.5171428571428569,0.5171428571428569,-0.2615393861078516,FG3M,2024-25
1629048,,0.03278688524590164,0.1795562228341584,0.04285714285714286,1435.0,70.0,-0.2625651456940055,-0.0883237870557382,0.15389755754754147,0.32813891618580876,0.010070257611241216,0.010070257611241216,0.05608414708379281,FG3M,2024-25
1629052,,0.2777777777777778,0.5635690400413084,1.0,143.0,6.0,-0.6492369361861704,-0.1023495397300847,0.6579050952856402,1.2047924917417259,0.7222222222222222,0.7222222222222222,1.2815150778497075,FG3M,2024-25
1629057,,0.0,0.0,0.05,351.0,20.0,0.0,0.0,0.0,0.0,0.05,0.05,,FG3M,2024-25
1629060,,1.4411764705882353,1.3087803704004606,1.728813559322034,1866.0,59.0,-0.7116363606834823,0.5584041107531247,2.3239488304233458,3.5939893018599527,0.2876370887337987,0.2876370887337987,0.21977491047316633,FG3M,2024-25
1629111,,0.17857142857142858,0.4309458036856674,0.2619047619047619,499.0,42.0,-0.5302913239111257,-0.11210151601455406,0.4692443731574112,0.8874341810539829,0.08333333333333334,0.08333333333333334,0.19337311703844046,FG3M,2024-25
1629130,,2.75,1.790313905603432,2.5675675675675675,1787.0,74.0,-0.19488734332708546,1.542433270670485,3.957566729329515,5.6948873433270855,-0.18243243243243246,0.18243243243243246,-0.1018996902506563,FG3M,2024-25
1629162,,0.75,1.0995866992151684,0.4222222222222222,315.0,45.0,-1.0587101615390304,0.008328771379368938,1.491671228620631,2.5587101615390306,-0.3277777777777778,0.3277777777777778,-0.29809179941129665,FG3M,2024-25
1629216,,0.2727272727272727,0.4670993664969138,1.5138888888888888,1526.0,72.0,-0.4956044752235008,-0.042331249974895624,0.587785795429441,1.0410590206780461,1.2411616161616161,1.2411616161616161,2.6571682712179756,FG3M,2024-25
1629234,,0.04,0.19727878476642877,0.05,746.0,60.0,-0.2845038730622987,-0.0930645403249562,0.17306454032495622,0.36450387306229864,0.010000000000000002,0.010000000000000002,0.05068968775248517,FG3M,2024-25
1629312,,1.1515151515151516,1.3949626324460256,1.2027027027027026,1818.0,74.0,-1.143058882595316,0.21061285593030732,2.092417447099996,3.4460891856256195,0.05118755118755103,0.05118755118755103,0.036694568009893694,FG3M,2024-25
1629599,,1.0,1.1420804814403216,1.4027777777777777,1748.0,72.0,-0.878608183921185,0.22966671526850313,1.770333284731497,2.878608183921185,0.4027777777777777,0.4027777777777777,0.35267022274106213,FG3M,2024-25
1629610,,0.13333333333333333,0.3518657752744984,1.1702127659574468,1070.0,47.0,-0.44545068041568914,-0.10400013208931586,0.3706667987559825,0.7121173470823557,1.0368794326241135,1.0368794326241135,2.9468038822906846,FG3M,2024-25
1629611,,0.9466666666666667,0.9137586962403997,0.8955223880597015,1415.0,67.0,-0.5563750127791668,0.330336426052517,1.5629969072808163,2.4497083461125,-0.05114427860696513,0.05114427860696513,-0.055971318048621495,FG3M,2024-25
1629614,,0.9104477611940298,0.8299569774096562,0.7846153846153846,1883.0,65.0,-0.4547484709471137,0.3506417799312167,1.470253742456843,2.2756439933351733,-0.1258323765786452,0.1258323765786452,-0.151613131769041,FG3M,2024-25
1629618,,0.34615384615384615,0.5615911461059686,0.8333333333333334,663.0,48.0,-0.5776074300758617,-0.03263938189462967,0.724947074202322,1.269915122383554,0.4871794871794872,0.4871794871794872,0.8674985183750735,FG3M,2024-25
1629622,,2.4,1.7888543819998317,2.26,1273.0,50.0,-0.5424865729515234,1.1934177193411135,3.6065822806588863,5.342486572951524,-0.14000000000000012,0.14000000000000012,-0.07826237921249271,FG3M,2024-25
1629626,,0.5238095238095238,0.833391403319351,0.8888888888888888,450.0,36.0,-0.8470359955104766,-0.03831297772937847,1.0859320253484261,1.8946550431295242,0.365079365079365,0.365079365079365,0.4380647120011971,FG3M,2024-25
1629627,,0.08571428571428572,0.28196295074009653,0.1,856.0,30.0,-0.378086571958099,-0.10446972455990938,0.2758982959884808,0.5495151433866705,0.01428571428571429,0.01428571428571429,0.05066521771111112,FG3M,2024-25
1629628,,1.5517241379310345,1.3268140682431129,1.8448275862068966,1868.0,58.0,-0.630752322922062,0.6567880489010549,2.446660226961014,3.734200598784131,0.2931034482758621,0.2931034482758621,0.22090770311470392,FG3M,2024-25
1629629,,0.7708333333333334,1.1529718000155968,0.3939393939393939,589.0,33.0,-1.125689980512322,-0.006846145777186674,1.5485128124438534,2.6673566471789885,-0.37689393939393945,0.37689393939393945,-0.3268891219966013,FG3M,2024-25
1629630,,1.5555555555555556,1.2360330811826103,1.76,1515.0,50.0,-0.47759525968172034,0.7218512422978849,2.3892598688132263,3.5887063707928313,0.20444444444444443,0.20444444444444443,0.16540369959098206,FG3M,2024-25
1629631,,2.0526315789473686,1.3013873453189835,2.453125,1742.0,64.0,-0.0880204653678276,1.1748458145297143,2.930417343365023,4.193283623262564,0.4004934210526314,0.4004934210526314,0.30774344202222614,FG3M,2024-25
1629632,,2.6455696202531644,1.9548622791253836,2.918918918918919,2449.0,74.0,-0.569983342680179,1.3270150129830933,3.964124227523236,5.861122583186508,0.2733492986657544,0.2733492986657544,0.13983046354961254,FG3M,2024-25
1629634,,0.16666666666666666,0.408248290463863,0.015625,1209.0,64.0,-0.5048609463173417,-0.10869680525120892,0.4420301385845422,0.838194279650675,-0.15104166666666666,0.15104166666666666,-0.36997501323287585,FG3M,2024-25
1629636,,2.3157894736842106,1.8142087485894904,2.8266666666666667,2300.0,75.0,-0.6684024968706423,1.0921056727605993,3.539473274607822,5.299981444239064,0.510877192982456,0.510877192982456,0.28159780035216586,FG3M,2024-25
1629637,,0.0,0.0,0.0,1093.0,56.0,0.0,0.0,0.0,0.0,0.0,0.0,,FG3M,2024-25
1629638,,1.5975609756097562,1.265494156129943,1.7195121951219512,2074.0,82.0,-0.4840503618083871,0.7439851673001096,2.4511367839194027,3.6791723130278995,0.12195121951219501,0.12195121951219501,0.09636648175850829,FG3M,2024-25
1629639,,3.142857142857143,1.507241521284602,3.25974025974026,2726.0,77.0,0.6635955644961009,2.1262227367506785,4.159491548963607,5.622118721218184,0.11688311688311703,0.11688311688311703,0.07754770236391782,FG3M,2024-25
1629640,,1.8405797101449275,1.549413441252918,1.12987012987013,1831.0,77.0,-0.7080504593719972,0.7955003440198343,2.885659076270021,4.389209879661852,-0.7107095802747976,0.7107095802747976,-0.4586958918467167,FG3M,2024-25
1629643,,0.5,0.983192080250175,1.2222222222222223,196.0,9.0,-1.117252652803513,-0.163163058128743,1.163163058128743,2.117252652803513,0.7222222222222223,0.7222222222222223,0.7345687955892114,FG3M,2024-25
1629646,,0.0,0.0,0.0,377.0,34.0,0.0,0.0,0.0,0.0,0.0,0.0,,FG3M,2024-25
1629650,,0.0,0.0,0.0,120.0,12.0,0.0,0.0,0.0,0.0,0.0,0.0,,FG3M,2024-25
1629651,,0.014084507042253521,0.11867816581938534,0.07142857142857142,1885.0,70.0,-0.18112920791405343,-0.0659639158029219,0.09413292988742893,0.2092982219985605,0.0573440643863179,0.0573440643863179,0.48318967512178307,FG3M,2024-25
1629652,,1.9746835443037976,1.3865164200929165,2.3943661971830985,2077.0,71.0,-0.30599731510704076,1.0394782189511254,2.90988886965647,4.255364403714636,0.41968265287930095,0.41968265287930095,0.30268855586374965,FG3M,2024-25
1629655,,0.0,0.0,0.0,1231.0,57.0,0.0,0.0,0.0,0.0,0.0,0.0,,FG3M,2024-25
1629656,,1.588235294117647,1.359065422829016,2.16,2015.0,75.0,-0.6472914198938013,0.6715456664194757,2.5049249218158183,3.823762008129095,0.5717647058823532,0.5717647058823532,0.42070432834070187,FG3M,2024-25
1629659,,1.1764705882352942,1.1782339725698148,0.7068965517241379,722.0,58.0,-0.7616064732447942,0.3817517737369541,1.9711894027336343,3.114547649715383,-0.46957403651115626,0.46957403651115626,-0.3985405678695385,FG3M,2024-25
1629660,,0.0,0.0,1.5857142857142856,1390.0,70.0,0.0,0.0,0.0,0.0,1.5857142857142856,1.5857142857142856,,FG3M,2024-25
1629661,,2.3793103448275863,1.3089112417725182,2.789473684210526,1800.0,57.0,0.22628224323597124,1.4964497122520228,3.2621709774031498,4.532338446419201,0.4101633393829398,0.4101633393829398,0.3133622252548611,FG3M,2024-25
1629669,,0.46153846153846156,0.8770580193070292,1.0,168.0,8.0,-0.9811342744196708,-0.1300371724841296,1.0531140955610527,1.9042111974965938,0.5384615384615384,0.5384615384615384,0.6139406135149205,FG3M,2024-25
1629673,,2.358974358974359,1.7430705775426985,3.4558823529411766,2004.0,68.0,-0.5082024340256255,1.183273254421809,3.5346754635269093,5.226151151974344,1.0969079939668176,1.0969079939668176,0.6292963739386781,FG3M,2024-25
1629674,,0.0,0.0,0.0,863.0,60.0,0.0,0.0,0.0,0.0,0.0,0.0,,FG3M,2024-25
1629675,,2.0864197530864197,1.6139821162593277,2.1875,2205.0,80.0,-0.5684194299485488,0.9977888156695032,3.175050690503336,4.741258936121389,0.10108024691358031,0.10108024691358031,0.06262786055390168,FG3M,2024-25
1629680,,1.2307692307692308,1.1148042256550976,1.4,311.0,15.0,-0.6029722400108393,0.4788337805648675,1.9827046809735942,3.0645107015493007,0.16923076923076907,0.16923076923076907,0.1518031285998429,FG3M,2024-25
1629684,,1.6578947368421053,1.5962675763914385,1.6875,479.0,16.0,-0.967805799564172,0.58121225656608,2.7345772171181304,4.283595273248382,0.02960526315789469,0.02960526315789469,0.018546554221705782,FG3M,2024-25
1629723,,0.7037037037037037,0.7679826459721116,0.5111111111111111,558.0,45.0,-0.5595509506558227,0.1856994089955144,1.221707998411893,1.9669583580632302,-0.19259259259259265,0.19259259259259265,-0.25077727159942415,FG3M,2024-25
1629726,,1.2878787878787878,1.1736222890646195,1.8085106382978724,832.0,47.0,-0.6426125154036049,0.496270553904702,2.0794870218528736,3.2183700911611806,0.5206318504190846,0.5206318504190846,0.4436110793652613,FG3M,2024-25
1629731,,1.462962962962963,1.5260376978325765,1.3559322033898304,1255.0,59.0,-1.047216446201842,0.4336505357748901,2.492275390151036,3.973142372127768,-0.10703075957313257,0.10703075957313257,-0.0701363798057858,FG3M,2024-25
1629750,,1.1111111111111112,0.927960727138337,0.6764705882352942,1257.0,68.0,-0.41529148895873935,0.4852016006563029,1.7370206215659194,2.6375137111809615,-0.434640522875817,0.434640522875817,-0.4683824543051189,FG3M,2024-25
1630162,,2.4050632911392404,1.68339543430846,4.050632911392405,2868.0,79.0,-0.3639538587547455,1.269613070698184,3.540513511580297,5.174080441033226,1.6455696202531649,1.6455696202531649,0.9775300483270979,FG3M,2024-25
1630163,,3.1818181818181817,1.8679340162804168,3.8085106382978724,1505.0,47.0,0.10925351843852393,1.9218966878370405,4.441739675799322,6.254382845197839,0.6266924564796907,0.6266924564796907,0.33550031800781277,FG3M,2024-25
1630165,,0.5238095238095238,0.8035923987456072,1.3333333333333333,163.0,6.0,-0.7980196128871254,-0.01821354914438822,1.065832596763436,1.845638660506173,0.8095238095238094,0.8095238095238094,1.0073811185713815,FG3M,2024-25
1630166,,1.1733333333333333,1.1073871528540984,1.7361111111111112,2161.0,72.0,-0.6482077943963731,0.42640069873324404,1.9202659679334226,2.9948744610630396,0.5627777777777778,0.5627777777777778,0.5082032750039728,FG3M,2024-25
1630167,,1.2439024390243902,1.128321988123455,1.3924050632911393,1546.0,79.0,-0.6120743992398809,0.4828492580351199,2.0049556200136607,3.0998792772886614,0.1485026242667491,0.1485026242667491,0.13161369345795354,FG3M,2024-25
1630168,,0.41818181818181815,0.7120889741252191,0.6486486486486487,2060.0,74.0,-0.7531333353567546,-0.06212219486564213,0.8984858312292785,1.589496971720391,0.23046683046683053,0.23046683046683053,0.32364892427937453,FG3M,2024-25
1630169,,2.8260869565217392,1.9923125916671813,2.9863013698630136,2453.0,73.0,-0.4510680255116073,1.4822721134422254,4.169901799601253,6.103241938555086,0.1602144133412744,0.1602144133412744,0.08041630315010248,FG3M,2024-25
1630170,,2.4411764705882355,1.5586288744897958,2.46875,1984.0,64.0,-0.12261216506002981,1.3898812947448682,3.4924716464316026,5.004965106236501,0.027573529411764497,0.027573529411764497,0.017690888359033166,FG3M,2024-25
1630171,,1.2173913043478262,1.082882390243624,1.018181818181818,1056.0,55.0,-0.5638419393639109,0.48698713212850175,1.9477954765671506,2.9986245480595635,-0.1992094861660081,0.1992094861660081,-0.18396225477559985,FG3M,2024-25
1630172,,1.372093023255814,1.1343816401133953,1.5238095238095237,1574.0,63.0,-0.4938513365667099,0.6069526069993288,2.137233439512299,3.2380373830783378,0.15171650055370978,0.15171650055370978,0.1337437906157789,FG3M,2024-25
1630173,,0.35135135135135137,0.6066398004284769,0.17543859649122806,1168.0,57.0,-0.6465104563734503,-0.05782719403765629,0.7605298967403591,1.349213159076153,-0.1759127548601233,0.1759127548601233,-0.2899789211586085,FG3M,2024-25
1630174,,1.9444444444444444,1.3828821595828926,1.8666666666666667,1123.0,45.0,-0.3302584198534555,1.0116904278057834,2.8771984610831054,4.219147308742344,-0.07777777777777772,0.07777777777777772,-0.056243243315277996,FG3M,2024-25
1630175,,1.1481481481481481,1.119275559358721,1.1492537313432836,1234.0,67.0,-0.6929482194410119,0.39319678336069086,1.9030995129356054,2.989244515737308,0.001105583195135429,0.001105583195135429,0.000987766762073196,FG3M,2024-25
1630178,,3.0285714285714285,1.7192130705007271,3.0961538461538463,1963.0,52.0,0.20063784890478242,1.868962212518688,4.188180644624169,5.8565050082380745,0.06758241758241779,0.06758241758241779,0.03931008828517931,FG3M,2024-25
1630182,,1.263157894736842,1.246800416343967,1.4264705882352942,1890.0,68.0,-0.7877041101073492,0.4221910139128363,2.1041247755608476,3.3140198995810333,0.16331269349845212,0.16331269349845212,0.13098543388150222,FG3M,2024-25
1630183,,1.1944444444444444,1.1338441268147765,1.2195121951219512,2619.0,82.0,-0.6706157597531814,0.4296665809078777,1.9592223079810112,3.0595046486420703,0.025067750677506773,0.025067750677506773,0.022108639172412285,FG3M,2024-25
1630188,,1.0,0.875595035770913,1.125,967.0,64.0,-0.4402662743395749,0.40941114837251913,1.5905888516274809,2.440266274339575,0.125,0.125,0.1427600601800402,FG3M,2024-25
1630191,,1.4565217391304348,1.0045788888690386,0.2361111111111111,1433.0,72.0,-0.19591007517024672,0.7789332785882683,2.1341101996726013,3.1089535534311166,-1.2204106280193237,1.2204106280193237,-1.2148479741529008,FG3M,2024-25
1630192,,0.10344827586206896,0.30720329701800014,0.2982456140350877,609.0,57.0,-0.4018704274028395,-0.10376034797657212,0.31065689970071003,0.6087669791269774,0.19479733817301875,0.19479733817301875,0.6340991130756155,FG3M,2024-25
1630193,,2.514705882352941,1.4811517005239137,2.5757575757575757,915.0,33.0,0.07835945016115531,1.5156690603495613,3.513742704356321,4.951052314544727,0.061051693404634566,0.061051693404634566,0.0412190685012476,FG3M,2024-25
1630194,,0.25609756097560976,0.5166601101078869,0.17777777777777778,439.0,45.0,-0.5937566541408534,-0.09238968329215996,0.6045848052433795,1.105951776092073,-0.07831978319783198,0.07831978319783198,-0.15158860083368456,FG3M,2024-25
1630198,,1.8846153846153846,1.395547364854539,2.5945945945945947,1606.0,74.0,-0.4109204758338465,0.9433186870209981,2.825912082209771,4.180151245064616,0.7099792099792102,0.7099792099792102,0.5087460503737277,FG3M,2024-25
1630200,,0.8311688311688312,1.093071450000042,0.41304347826086957,904.0,46.0,-0.966824396936238,0.09389213814380293,1.5684455241938595,2.6291620592739005,-0.41812535290796166,0.41812535290796166,-0.3825233500590886,FG3M,2024-25
1630202,,1.7926829268292683,1.5374968021891766,3.1875,2275.0,80.0,-0.7363455630917082,0.7556413337526686,2.8297245199058683,4.321711416750245,1.3948170731707317,1.3948170731707317,0.9071999832355493,FG3M,2024-25
1630205,,0.3783783783783784,0.5452497568062706,0.5,154.0,16.0,-0.5185029465922562,0.010607417412548836,0.746149339344208,1.275259703349013,0.1216216216216216,0.1216216216216216,0.22305671869347432,FG3M,2024-25
1630208,,0.0,0.0,0.0,1256.0,57.0,0.0,0.0,0.0,0.0,0.0,0.0,,FG3M,2024-25
1630214,,0.37735849056603776,0.6571036417005611,0.15625,231.0,32.0,-0.7035112896672152,-0.0658579157609907,0.8205748968930662,1.4582282707992906,-0.22110849056603776,0.22110849056603776,-0.33648952240443647,FG3M,2024-25
1630215,,0.6,0.8412444993533733,1.0,1045.0,60.0,-0.7837630769863638,0.0325805851861497,1.1674194148138501,1.9837630769863637,0.4,0.4,0.4754860213736458,FG3M,2024-25
1630217,,3.261904761904762,1.4152397678360282,2.3768115942028984,2203.0,69.0,0.9339768677912792,2.3073255384993607,4.2164839853101626,5.5898326560182445,-0.8850931677018634,0.8850931677018634,-0.6254015664463801,FG3M,2024-25
1630222,,0.4,0.8944271909999159,0.1,46.0,10.0,-1.0712432864757617,-0.20329114032944318,1.003291140329443,1.8712432864757615,-0.30000000000000004,0.30000000000000004,-0.3354101966249685,FG3M,2024-25
1630224,,2.451219512195122,1.8866158809052014,2.8536585365853657,2698.0,82.0,-0.6520749503058441,1.1786971005245637,3.7237419238656804,5.554513974696087,0.4024390243902438,0.4024390243902438,0.21331264538977215,FG3M,2024-25
1630228,,0.7162162162162162,0.8993189244937583,0.9787234042553191,1143.0,47.0,-0.7630734826835668,0.10962560164517632,1.3228068307872562,2.1955059151159992,0.2625071880391029,0.2625071880391029,0.2918955454950229,FG3M,2024-25
1630230,,0.8787878787878788,0.9689828372720224,0.8695652173913043,1917.0,69.0,-0.7150919902408709,0.22520895504789973,1.5323668025278578,2.4726677478166286,-0.00922266139657446,0.00922266139657446,-0.00951787899828961,FG3M,2024-25
1630231,,0.13333333333333333,0.38911750073535767,0.3488372093023256,908.0,43.0,-0.5067260436262565,-0.12912642091266543,0.39579308757933207,0.7733927102929231,0.21550387596899226,0.21550387596899226,0.5538272515672802,FG3M,2024-25
1630241,,2.3442622950819674,2.0967057169254772,1.9295774647887325,1406.0,71.0,-1.10460893868875,0.9300342890157329,3.7584903011482016,5.793133528852685,-0.4146848302932349,0.4146848302932349,-0.19777922430683864,FG3M,2024-25
1630243,,0.21428571428571427,0.8017837257372733,0.7333333333333333,430.0,30.0,-1.1045683361795267,-0.32651740872407653,0.7550888372955051,1.533139764750955,0.519047619047619,0.519047619047619,0.6473661192989834,FG3M,2024-25
1630245,,1.5657894736842106,1.4079349067887994,1.3478260869565217,1393.0,46.0,-0.7501226544926856,0.6161373790551654,2.515441568313256,3.881701601861107,-0.2179633867276889,0.2179633867276889,-0.15481069875937453,FG3M,2024-25
1630249,,1.2727272727272727,1.5486343655842065,1.5789473684210527,1153.0,57.0,-1.2746213952221888,0.2281733931407255,2.3172811523138197,3.820075940676734,0.30622009569377995,0.30622009569377995,0.1977355678648275,FG3M,2024-25
1630256,,0.35384615384615387,0.6478514787059906,0.3076923076923077,590.0,52.0,-0.71180474347733,-0.08312966854103676,0.7908219762333445,1.4194970511696379,-0.046153846153846156,0.046153846153846156,-0.07124139972024637,FG3M,2024-25
1630264,,0.22727272727272727,0.4756213250268495,0.2127659574468085,397.0,47.0,-0.5550767902639375,-0.09353385645788273,0.5480793110033373,1.009622244809392,-0.014506769825918753,0.014506769825918753,-0.03050067156913081,FG3M,2024-25
1630288,,0.75,0.9653072991634227,0.6829268292682927,623.0,41.0,-0.837833976393914,0.09890022671427134,1.4010997732857287,2.337833976393914,-0.06707317073170727,0.06707317073170727,-0.06948374967208452,FG3M,2024-25
1630311,,0.0,0.0,0.1282051282051282,249.0,39.0,0.0,0.0,0.0,0.0,0.1282051282051282,0.1282051282051282,,FG3M,2024-25
1630314,,0.1875,0.40311288741492746,0.7272727272727273,487.0,33.0,-0.47558038850881423,-0.08439964256136856,0.45939964256136856,0.8505803885088142,0.5397727272727273,0.5397727272727273,1.3390113393153187,FG3M,2024-25
1630322,,1.0277777777777777,1.2302406526741274,1.2307692307692308,779.0,52.0,-0.9958450718058947,0.19798045754907878,1.8575750980064765,3.05140062736145,0.20299145299145316,0.20299145299145316,0.16500141866570442,FG3M,2024-25
1630346,,1.5185185185185186,1.7180125004105622,0.3157894736842105,68.0,19.0,-1.3074402434068153,0.3597190869915945,2.6773179500454427,4.3444772804438525,-1.202729044834308,1.202729044834308,-0.7000700195993252,FG3M,2024-25
1630526,,0.3611111111111111,0.6825489109748956,0.8484848484848485,1241.0,66.0,-0.7616135925514946,-0.09926812934145596,0.8214903515636782,1.483835814773717,0.4873737373737374,0.4873737373737374,0.7140495421457983,FG3M,2024-25
1630527,,0.4375,0.6690146823211658,1.1666666666666667,994.0,42.0,-0.6629622509500857,-0.013750403225626318,0.8887504032256264,1.5379622509500857,0.7291666666666667,0.7291666666666667,1.0899113067844817,FG3M,2024-25
1630529,,1.5,1.2909944487358058,1.1,649.0,20.0,-0.623556768725527,0.629224244327699,2.370775755672301,3.623556768725527,-0.3999999999999999,0.3999999999999999,-0.30983866769659324,FG3M,2024-25
1630530,,2.9649122807017543,1.9453691559398707,2.981132075471698,1856.0,53.0,-0.23502544390373892,1.6527607850203114,4.277063776383197,6.1648500053072475,0.01621979476994362,0.01621979476994362,0.008337643639727244,FG3M,2024-25
1630531,,0.2127659574468085,0.46326676570547937,0.3076923076923077,366.0,39.0,-0.5492615454621346,-0.09970747602153732,0.5252393909151544,0.9747934603557515,0.0949263502454992,0.0949263502454992,0.204906454062039,FG3M,2024-25
1630532,,1.3055555555555556,1.2292089393542576,1.7333333333333334,2024.0,60.0,-0.7163702287882627,0.4764541259611088,2.134656985150002,3.327481339899374,0.4277777777777778,0.4277777777777778,0.3480106303184738,FG3M,2024-25
1630533,,1.183673469387755,1.201968340330336,1.6349206349206349,1544.0,63.0,-0.7934442536216146,0.37294582383494346,1.9944011149405667,3.1607911923971246,0.4512471655328798,0.4512471655328798,0.37542350359150384,FG3M,2024-25
1630534,,0.7948717948717948,1.0238579238766716,1.578125,1743.0,64.0,-0.8892721041129424,0.10427962521697987,1.48546396452661,2.479015693856532,0.7832532051282052,0.7832532051282052,0.7650018492434421,FG3M,2024-25
1630537,,0.7586206896551724,0.9789063863560392,0.35294117647058826,73.0,17.0,-0.8515824252618767,0.09834833205802396,1.418893047252321,2.368823804572221,-0.4056795131845841,0.4056795131845841,-0.4144211528690895,FG3M,2024-25
1630538,,1.1891891891891893,1.5245734893157248,1.3333333333333333,239.0,24.0,-1.3185817433862466,0.1608643706457329,2.2175140077326456,3.696960121764625,0.144144144144144,0.144144144144144,0.09454719313585881,FG3M,2024-25
1630540,,1.6029411764705883,1.8296048499432627,1.796875,1597.0,64.0,-1.4065758412010845,0.3688727051838576,2.837009647757319,4.6124581941422615,0.1939338235294117,0.1939338235294117,0.1059976549228243,FG3M,2024-25
1630541,,1.0909090909090908,1.1990672365477415,1.7027027027027026,1652.0,74.0,-0.8814366064882893,0.2821382398576392,1.8996799419605424,3.063254788306471,0.6117936117936118,0.6117936117936118,0.5102246088843517,FG3M,2024-25
1630543,,0.0,0.0,0.0,84.0,5.0,0.0,0.0,0.0,0.0,0.0,0.0,,FG3M,2024-25
1630544,,1.146341463414634,1.0853795559562585,1.8461538461538463,319.0,13.0,-0.6389993681778154,0.4142529529221377,1.8784299739071304,2.9316822950070835,0.6998123827392122,0.6998123827392122,0.6447628195121589,FG3M,2024-25
1630548,,1.6,1.8180382718454353,1.84375,1266.0,64.0,-1.3904911533585564,0.37373318564025393,2.8262668143597462,4.590491153358556,0.2437499999999999,0.2437499999999999,0.13407308513509822,FG3M,2024-25
1630549,,0.06557377049180328,0.309238444085703,0.22,906.0,50.0,-0.4430925461847696,-0.1430075600440034,0.2741551010276099,0.5742400871683762,0.15442622950819673,0.15442622950819673,0.49937591027782663,FG3M,2024-25
1630550,,0.45161290322580644,0.7169475220258273,0.3,248.0,20.0,-0.727694075754477,-0.0319682003806141,0.935194006832227,1.63091988220609,-0.15161290322580645,0.15161290322580645,-0.21147001498436693,FG3M,2024-25
1630551,,0.8666666666666667,1.1872336794093272,1.2131147540983607,1339.0,61.0,-1.0862140125937356,0.06587754990507555,1.6674557834282577,2.8195473459270692,0.346448087431694,0.346448087431694,0.29181120232712643,FG3M,2024-25
1630552,,1.2678571428571428,0.9627814144176505,1.2222222222222223,1285.0,36.0,-0.31582200571845065,0.6184610788324375,1.9172532068818482,2.851536291432736,-0.04563492063492047,0.04563492063492047,-0.0473990460882788,FG3M,2024-25
1630553,,0.8,0.8366600265340756,1.5949367088607596,1926.0,79.0,-0.5762220776459008,0.23567281210276614,1.364327187897234,2.176222077645901,0.7949367088607595,0.7949367088607595,0.9501310970405054,FG3M,2024-25
1630556,,0.4166666666666667,0.7096098218674685,0.5641025641025641,611.0,39.0,-0.7505705293231322,-0.061965158182940794,0.8952984915162742,1.5839038626564657,0.1474358974358974,0.1474358974358974,0.20777037308741414,FG3M,2024-25
1630557,,2.3,1.6335098501018435,1.9672131147540983,1601.0,61.0,-0.38696035243252247,1.1981976061063064,3.401802393893693,4.986960352432522,-0.3327868852459015,0.3327868852459015,-0.2037250557290202,FG3M,2024-25
1630558,,0.7916666666666666,1.112508901689343,1.1506849315068493,2026.0,73.0,-1.0382992257221337,0.04127941247720479,1.5420539208561284,2.621632559055467,0.3590182648401826,0.3590182648401826,0.32271046487359695,FG3M,2024-25
1630559,,1.8780487804878048,1.4435060533250805,2.73972602739726,2551.0,73.0,-0.4963743266266203,0.9044039475200379,2.8516936134555717,4.25247188760223,0.8616772469094554,0.8616772469094554,0.5969335874446824,FG3M,2024-25
1630560,,2.1818181818181817,1.7178617380478998,2.72,782.0,25.0,-0.6438925910968085,1.0231204395048732,3.3405159241314903,5.007528954733171,0.5381818181818185,0.5381818181818185,0.31328587526105794,FG3M,2024-25
1630561,,0.75,0.9574271077563382,0.5,33.0,6.0,-0.8248718495484006,0.10421541581834992,1.39578458418165,2.3248718495484004,-0.25,0.25,-0.26111648393354675,FG3M,2024-25
1630567,,1.6833333333333333,1.4319793894296848,1.1692307692307693,2136.0,65.0,-0.6721295643395553,0.7174632351630109,2.649203431503656,4.038796231006222,-0.514102564102564,0.514102564102564,-0.3590153377188731,FG3M,2024-25
1630568,,0.375,0.6468989572333266,0.2631578947368421,221.0,38.0,-0.689084094753099,-0.061333346653878795,0.8113333466538788,1.439084094753099,-0.11184210526315791,0.11184210526315791,-0.1728896051115726,FG3M,2024-25
1630570,,0.43548387096774194,0.6682732272753164,0.6744186046511628,911.0,43.0,-0.663758760577426,-0.015266420829458949,0.8862341627649428,1.53472650251291,0.23893473368342083,0.23893473368342083,0.35754048483672696,FG3M,2024-25
1630572,,0.4222222222222222,0.7534432743589711,1.0,681.0,60.0,-0.8171166197708493,-0.08597526633290381,0.9304197107773482,1.6615610642152938,0.5777777777777777,0.5777777777777777,0.7668497383155363,FG3M,2024-25
1630573,,2.4936708860759493,1.810747244262172,2.3380281690140845,1541.0,71.0,-0.4848272560108975,1.2723218698211143,3.715019902330784,5.472169028162796,-0.15564271706186483,0.15564271706186483,-0.08595496558399282,FG3M,2024-25
1630577,,1.364864864864865,1.438933436105761,2.1707317073170733,1933.0,82.0,-1.0020367441855016,0.39430426221152903,2.335425467518201,3.7317664739152314,0.8058668424522084,0.8058668424522084,0.5600445595545793,FG3M,2024-25
1630578,,0.5238095238095238,0.6922879984594994,0.27631578947368424,2399.0,76.0,-0.6149350048565067,0.056861268848591495,0.9907577787704562,1.6625540524755542,-0.2474937343358396,0.2474937343358396,-0.3575011193124398,FG3M,2024-25
1630579,,0.0,0.0,0.0,631.0,51.0,0.0,0.0,0.0,0.0,0.0,0.0,,FG3M,2024-25
1630581,,1.025,1.1470931892440677,1.5,2116.0,70.0,-0.861853586987567,0.2512856438548763,1.7987143561451235,2.911853586987567,0.4750000000000001,0.4750000000000001,0.41409015802196875,FG3M,2024-25
1630583,,1.7377049180327868,1.365059697647717,1.8461538461538463,1658.0,65.0,-0.5076817786279431,0.8169721519694018,2.658437684096172,3.9830916146935165,0.10844892812105944,0.10844892812105944,0.07944628964428413,FG3M,2024-25
1630590,,1.4285714285714286,1.0757057484009542,1.1012658227848102,1681.0,79.0,-0.3408569569733011,0.703007901274985,2.154134955867872,3.1979998141161583,-0.3273056057866184,0.3273056057866184,-0.30427057424687093,FG3M,2024-25
1630591,,2.04,1.47446737978636,2.1714285714285713,1004.0,35.0,-0.38535139301058363,1.0454717523341002,3.0345282476659,4.465351393010584,0.13142857142857123,0.13142857142857123,0.08913630320367907,FG3M,2024-25
1630592,,0.5714285714285714,0.769632701211116,1.5443037974683544,2032.0,79.0,-0.6945402587935934,0.052311314461673586,1.0905458283954692,1.8373974016507362,0.972875226039783,0.972875226039783,1.2640772988320776,FG3M,2024-25
1630595,,1.9193548387096775,1.3342694580853907,2.1285714285714286,2452.0,70.0,-0.27538499289498164,1.0193900892310817,2.8193195881882733,4.114094670314337,0.20921658986175107,0.20921658986175107,0.15680235247381463,FG3M,2024-25
1630596,,0.44,0.7329003050503236,1.1971830985915493,2170.0,71.0,-0.7655477117772773,-0.05434125575644322,0.9343412557564432,1.6455477117772772,0.7571830985915493,0.7571830985915493,1.033132464775763,FG3M,2024-25
1630598,,0.7948717948717948,0.944690897828963,1.7105263157894737,1747.0,76.0,-0.7590502629670665,0.1576777842861593,1.4320658054574302,2.348793852710656,0.9156545209176788,0.9156545209176788,0.9692636215951547,FG3M,2024-25
1630604,,0.0,0.0,0.25,53.0,12.0,0.0,0.0,0.0,0.0,0.25,0.25,,FG3M,2024-25
1630611,,0.43478260869565216,0.5897678246195885,0.6071428571428571,764.0,56.0,-0.5353264860211091,0.036984210989739696,0.8325810064015646,1.4048917034124133,0.17236024844720493,0.17236024844720493,0.2922510202355996,FG3M,2024-25
1630625,,1.1132075471698113,1.3958782368994929,1.0746268656716418,1121.0,67.0,-1.1828725647061646,0.17168767638110338,2.054727417958519,3.4092876590457872,-0.03858068149816951,0.03858068149816951,-0.027639002083637634,FG3M,2024-25
1630631,,1.3928571428571428,1.2011898862615948,1.9821428571428572,1366.0,56.0,-0.5829801010545546,0.5826545645736971,2.2030597211405887,3.36869438676884,0.5892857142857144,0.5892857142857144,0.49058497829990877,FG3M,2024-25
1630639,,0.325,0.7298577311314225,1.2692307692307692,485.0,26.0,-0.8755429819380769,-0.16728903964814446,0.8172890396481445,1.5255429819380768,0.9442307692307692,0.9442307692307692,1.2937189385759147,FG3M,2024-25
1630643,,0.15789473684210525,0.37463432463267754,1.265625,750.0,64.0,-0.45834126374618606,-0.09479611512263575,0.41058558880684626,0.7741307374303965,1.1077302631578947,1.1077302631578947,2.95683067547002,FG3M,2024-25
1630649,,1.0,1.2510864843424485,0.13636363636363635,87.0,22.0,-1.0579121580948936,0.15614216631101852,1.8438578336889815,3.0579121580948936,-0.8636363636363636,0.8636363636363636,-0.6903090829010733,FG3M,2024-25
1630658,,0.0,0.0,0.08,430.0,25.0,0.0,0.0,0.0,0.0,0.08,0.08,,FG3M,2024-25
1630692,,0.75,0.9770084209183942,0.896551724137931,542.0,29.0,-0.8570811515686667,0.09100782009054309,1.408992179909457,2.357081151568667,0.14655172413793105,0.14655172413793105,0.15000047184871906,FG3M,2024-25
1630695,,0.5625,0.8920949127381758,0.8157894736842105,704.0,38.0,-0.9049069219630252,-0.039218018641899555,1.1642180186418996,2.0299069219630255,0.2532894736842105,0.2532894736842105,0.2839265980194524,FG3M,2024-25
1630696,,0.7777777777777778,1.092906420717,1.1428571428571428,268.0,14.0,-1.0199439936596155,0.040612397004161305,1.5149431585513944,2.5754995492151713,0.365079365079365,0.365079365079365,0.33404448739522924,FG3M,2024-25
1630699,,0.6382978723404256,0.7919577260043514,0.2857142857142857,160.0,35.0,-0.6643933911641322,0.10412238615049052,1.1724733585303606,1.9409891358449833,-0.35258358662613987,0.35258358662613987,-0.4452050596248651,FG3M,2024-25
1630700,,0.6885245901639344,0.8274656811928291,1.0526315789473684,2573.0,76.0,-0.6725737088301503,0.13039898819937112,1.2466501921284978,2.049622889158019,0.36410698878343395,0.36410698878343395,0.44002669483350326,FG3M,2024-25
1630702,,1.1095890410958904,1.2534579263826797,1.3333333333333333,906.0,57.0,-0.9522239020109793,0.26413166975077296,1.9550464124410079,3.17140198420276,0.22374429223744285,0.22374429223744285,0.17850163737297545,FG3M,2024-25
1630703,,1.403225806451613,1.2734318858296663,1.5909090909090908,1760.0,66.0,-0.6914423025496053,0.5442959994595031,2.262155613443723,3.4978939154528312,0.18768328445747784,0.18768328445747784,0.1473838424700654,FG3M,2024-25
1631093,,1.6103896103896105,1.5402993912312886,2.1,899.0,30.0,-0.923248858246736,0.5714576710041064,2.649321549775115,4.144028079025957,0.4896103896103896,0.4896103896103896,0.3178670279282546,FG3M,2024-25
1631094,,1.4875,1.3311625260974245,1.891304347826087,1581.0,46.0,-0.7021292391776537,0.5896308761472873,2.385369123852713,3.6771292391776536,0.4038043478260869,0.4038043478260869,0.3033471419976958,FG3M,2024-25
1631095,,1.8157894736842106,1.2512449940310328,1.719298245614035,1715.0,57.0,-0.24238341699743549,0.971824725210279,2.659754222158142,3.8739623643658567,-0.09649122807017552,0.09649122807017552,-0.07711617511397004,FG3M,2024-25
1631096,,1.5731707317073171,1.2864967053824705,1.375,878.0,32.0,-0.5429876989763085,0.7054287039268408,2.4409127594877935,3.6893291623909428,-0.19817073170731714,0.19817073170731714,-0.15403905107429072,FG3M,2024-25
1631097,,1.3559322033898304,1.4234817909328785,1.3611111111111112,2150.0,72.0,-0.9855529945156616,0.3957937354056039,2.316070671374057,3.6974174012953225,0.005178907721280712,0.005178907721280712,0.003638197379319279,FG3M,2024-25
1631098,,0.28,0.7295511619887829,0.20588235294117646,240.0,34.0,-0.920038706355349,-0.21208225876143405,0.7720822587614341,1.480038706355349,-0.07411764705882357,0.07411764705882357,-0.10159348777784984,FG3M,2024-25
1631099,,2.3766233766233764,1.9936673496411805,2.026315789473684,2606.0,76.0,-0.9027600468014016,1.0318947492904003,3.7213520039563526,5.6560068000481545,-0.35030758714969235,0.35030758714969235,-0.17571014904404217,FG3M,2024-25
1631101,,1.875,1.408499544814245,2.0416666666666665,2248.0,72.0,-0.44184090126495157,0.9249670570227918,2.825032942977208,4.191840901264952,0.16666666666666652,0.16666666666666652,0.11832923005214514,FG3M,2024-25
1631102,,0.2,0.4216370213557839,0.25,119.0,16.0,-0.4935507364281289,-0.0843941709044762,0.48439417090447623,0.893550736428129,0.04999999999999999,0.04999999999999999,0.11858541225631421,FG3M,2024-25
1631103,,1.24,1.3339638148988373,0.7391304347826086,429.0,46.0,-0.9542370791270975,0.34024140685073423,2.1397585931492658,3.4342370791270973,-0.5008695652173913,0.5008695652173913,-0.3754746265402824,FG3M,2024-25
1631104,,0.19672131147540983,0.47678339355684857,0.2982456140350877,682.0,57.0,-0.5875396925862504,-0.12486908747868453,0.5183117104295042,0.98098231553707,0.10152430255967787,0.10152430255967787,0.21293590324591027,FG3M,2024-25
1631105,,0.0,0.0,0.0,2037.0,78.0,0.0,0.0,0.0,0.0,0.0,0.0,,FG3M,2024-25
1631106,,0.8181818181818182,0.906923823984585,1.105263157894737,1419.0,57.0,-0.6736171798904257,0.20646169890421562,1.4299019374594208,2.309980816254062,0.2870813397129187,0.2870813397129187,0.31654404936858094,FG3M,2024-25
1631107,,1.4130434782608696,1.2396430840550074,1.6956521739130435,1160.0,46.0,-0.626045430701212,0.5769042180657671,2.249182738455972,3.4521323872229512,0.28260869565217384,0.28260869565217384,0.2279758579604462,FG3M,2024-25
1631108,,0.6363636363636364,0.7773003307575547,1.4743589743589745,2125.0,78.0,-0.6422176776994654,0.11207456326766574,1.1606527094596069,1.914944950426738,0.8379953379953381,0.8379953379953381,1.078084370784495,FG3M,2024-25
1631109,,0.0,0.0,0.0,1169.0,44.0,0.0,0.0,0.0,0.0,0.0,0.0,,FG3M,2024-25
1631110,,0.9459459459459459,1.0454322287854625,0.5185185185185185,1364.0,54.0,-0.7736855271832613,0.24080190763015152,1.6510899842617404,2.665577419075153,-0.42742742742742745,0.42742742742742745,-0.4088523537522791,FG3M,2024-25
1631111,,0.0,0.0,0.3888888888888889,502.0,36.0,0.0,0.0,0.0,0.0,0.3888888888888889,0.3888888888888889,,FG3M,2024-25
1631114,,1.4507042253521127,1.1685000445548763,1.7971014492753623,2238.0,69.0,-0.4713614979362033,0.6625509452998487,2.238857505404377,3.372769948640429,0.34639722392324956,0.34639722392324956,0.2964460511040928,FG3M,2024-25
1631115,,0.22857142857142856,0.5469549011258116,0.38636363636363635,771.0,44.0,-0.671114688290419,-0.14034965223793136,0.5974925093807885,1.1282575454332762,0.1577922077922078,0.1577922077922078,0.2884921726954452,FG3M,2024-25
1631116,,0.8157894736842105,1.1591064395751498,0.5416666666666666,107.0,24.0,-1.0908247087729532,0.03397218019077197,1.597606767177649,2.7224036561413745,-0.2741228070175439,0.2741228070175439,-0.23649493925512036,FG3M,2024-25
1631117,,0.0625,0.2439750182371333,0.10344827586206896,1743.0,58.0,-0.3388145074982606,-0.10206114980094641,0.2270611498009464,0.4638145074982606,0.040948275862068964,0.040948275862068964,0.167837986683821,FG3M,2024-25
1631119,,0.7681159420289855,0.8427009716003844,1.297872340425532,784.0,47.0,-0.6180428861564867,0.1997141366845262,1.3365177473734446,2.1542747702144576,0.5297563983965464,0.5297563983965464,0.6286410200648982,FG3M,2024-25
1631120,,0.42857142857142855,0.5345224838248488,0.26666666666666666,94.0,15.0,-0.45066460507206524,0.06803601323156805,0.789106843911289,1.3078074622149223,-0.16190476190476188,0.16190476190476188,-0.30289607416741426,FG3M,2024-25
1631121,,0.576271186440678,0.9685287425729541,0.0,31.0,13.0,-1.0168617422175743,-0.07700145042477957,1.2295438233061355,2.1694041150989305,-0.576271186440678,0.576271186440678,-0.5949964736304876,FG3M,2024-25
1631123,,0.1111111111111111,0.33333333333333337,0.2,62.0,5.0,-0.437188888888889,-0.11372222222222225,0.3359444444444445,0.6594111111111112,0.0888888888888889,0.0888888888888889,0.26666666666666666,FG3M,2024-25
1631124,,0.82,1.3200185527453152,1.4461538461538461,1385.0,65.0,-1.3512985174107692,-0.07035251382671515,1.710352513826715,2.991298517410769,0.6261538461538462,0.6261538461538462,0.4743523072850753,FG3M,2024-25
1631128,,0.7682926829268293,0.8359038944080475,1.1265822784810127,2676.0,79.0,-0.6066856329849679,0.20447550614860133,1.3321098597050574,2.1432709988386263,0.3582895955541834,0.3582895955541834,0.428625345510454,FG3M,2024-25
1631131,,0.0,0.0,0.0,254.0,14.0,0.0,0.0,0.0,0.0,0.0,0.0,,FG3M,2024-25
1631133,,0.5694444444444444,0.7659365782755987,0.4666666666666667,750.0,60.0,-0.6904446331610878,0.05282022239755313,1.0860686664913357,1.8293335220499767,-0.10277777777777775,0.10277777777777775,-0.13418575466021984,FG3M,2024-25
1631157,,0.23076923076923078,0.43852900965351466,0.8909090909090909,817.0,55.0,-0.4905671372098355,-0.06501858624206486,0.5265570477805264,0.9521055987482971,0.66013986013986,0.66013986013986,1.5053504913197007,FG3M,2024-25
1631159,,0.11764705882352941,0.3321055820775357,0.0,32.0,13.0,-0.42863341313580905,-0.10635815628776843,0.3416522739348272,0.6639275307828679,-0.11764705882352941,0.11764705882352941,-0.35424595421603816,FG3M,2024-25
1631165,,1.2280701754385965,1.614858948502592,1.7375,1948.0,80.0,-1.428211308953317,0.1388478146735983,2.3172925362035945,3.88435165983051,0.5094298245614035,0.5094298245614035,0.31546397599231923,FG3M,2024-25
1631169,,0.13333333333333333,0.34574590364176044,0.3111111111111111,278.0,45.0,-0.4353841035669984,-0.09987227867303408,0.3665389453397008,0.702050770233665,0.17777777777777778,0.17777777777777778,0.5141862156723616,FG3M,2024-25
1631170,,0.8666666666666667,0.9054390204866476,0.5606060606060606,1373.0,66.0,-0.62268997813182,0.2559480473484229,1.4773852859849104,2.3560233114651536,-0.30606060606060614,0.30606060606060614,-0.33802453741844185,FG3M,2024-25
1631172,,0.6363636363636364,0.8950622121597825,0.6216216216216216,406.0,37.0,-0.8359241964179899,0.03264417426186306,1.2400830984654097,2.1086514691452627,-0.014742014742014753,0.014742014742014753,-0.01647037998223868,FG3M,2024-25
1631197,,0.7058823529411765,1.046703508780838,0.8571428571428571,228.0,14.0,-1.0158402486524238,-0.00011916373149878368,1.4118838696138518,2.427604954534777,0.15126050420168058,0.15126050420168058,0.1445113185660983,FG3M,2024-25
1631200,,0.7903225806451613,0.9940329640309299,0.391304347826087,1041.0,69.0,-0.8447622418893153,0.11984734640629902,1.4607978148840235,2.425407403179638,-0.3990182328190743,0.3990182328190743,-0.4014134815016644,FG3M,2024-25
1631204,,1.267605633802817,1.3088462365094495,1.0175438596491229,809.0,57.0,-0.8853155406315767,0.3847888472771933,2.1504224203284408,3.4205268082372107,-0.2500617741536941,0.2500617741536941,-0.19105511952311652,FG3M,2024-25
1631207,,0.288135593220339,0.5268922371541916,0.5068493150684932,986.0,73.0,-0.5785494476745908,-0.06725322074016327,0.6435244071808413,1.1548206341152687,0.21871372184815419,0.21871372184815419,0.4151014314225871,FG3M,2024-25
1631209,,0.0,0.9447481249559816,0.65,265.0,20.0,-1.5540161907400942,-0.6372326102828095,0.6372326102828095,1.5540161907400942,0.65,0.65,0.6880140672735237,FG3M,2024-25
1631210,,0.14285714285714285,0.37796447300922725,0.29411764705882354,76.0,17.0,-0.4788566187957351,-0.11207989418758091,0.3977941799018666,0.7645709045100209,0.1512605042016807,0.1512605042016807,0.40019767730388767,FG3M,2024-25
1631212,,0.5625,0.8088709117645004,0.7058823529411765,1657.0,68.0,-0.7680117627614267,0.01691657001484448,1.1080834299851556,1.8930117627614267,0.14338235294117652,0.14338235294117652,0.1772623429224288,FG3M,2024-25
1631216,,1.2203389830508475,1.3904575854381163,1.103448275862069,787.0,58.0,-1.06682469923631,0.28247534167283816,2.158202624428857,3.507502665338005,-0.11689070718877859,0.11689070718877859,-0.08406635945816912,FG3M,2024-25
1631217,,0.0,0.0,0.0,1242.0,70.0,0.0,0.0,0.0,0.0,0.0,0.0,,FG3M,2024-25
1631218,,0.0,0.0,0.0,967.0,62.0,0.0,0.0,0.0,0.0,0.0,0.0,,FG3M,2024-25
1631221,,0.625,1.0134958870382647,1.21875,460.0,32.0,-1.0420993845892415,-0.05860297580730944,1.3086029758073094,2.2920993845892417,0.59375,0.59375,0.5858435220049224,FG3M,2024-25
1631222,,1.5142857142857142,1.8209795129420379,0.9090909090909091,1350.0,66.0,-1.481043486552644,0.2860350328063097,2.7425363957651188,4.5096149151240725,-0.6051948051948052,0.6051948051948052,-0.3323457517745663,FG3M,2024-25
1631223,,0.75,1.0540925533894598,0.5757575757575758,409.0,33.0,-0.9838768410703225,0.03901457273880937,1.4609854272611906,2.4838768410703223,-0.1742424242424242,0.1742424242424242,-0.16530087769061977,FG3M,2024-25
1631230,,0.09375,0.29614458108029906,0.2,376.0,35.0,-0.39337822141898393,-0.10599951993866172,0.29349951993866175,0.5808782214189839,0.10625000000000001,0.10625000000000001,0.35877745799843125,FG3M,2024-25
1631243,,0.5,0.8366600265340756,0.6363636363636364,532.0,33.0,-0.8762220776459009,-0.0643271878972339,1.0643271878972338,1.8762220776459009,0.13636363636363635,0.13636363636363635,0.16298571945469004,FG3M,2024-25
1631245,,0.0,0.0,0.5357142857142857,381.0,28.0,0.0,0.0,0.0,0.0,0.5357142857142857,0.5357142857142857,,FG3M,2024-25
1631246,,1.5192307692307692,1.1629978944796515,0.9629629629629629,499.0,27.0,-0.39378446739880957,0.7347886894042442,2.303672849057294,3.432246005860348,-0.5562678062678063,0.5562678062678063,-0.4783050845648277,FG3M,2024-25
1631250,,0.125,0.3535533905932738,0.6923076923076923,138.0,13.0,-0.45655997218687605,-0.11347176195516318,0.3634717619551632,0.706559972186876,0.5673076923076923,0.5673076923076923,1.6045884650002422,FG3M,2024-25
1631260,,1.2777777777777777,1.4590856101031435,2.1232876712328768,1661.0,73.0,-1.1222721422808832,0.2936245337632074,2.261931021792348,3.6778276978364386,0.8455098934550991,0.8455098934550991,0.579479290043392,FG3M,2024-25
1631288,,0.44,0.6506407098647712,0.7222222222222222,502.0,36.0,-0.6302389036565621,0.0011428411962118301,0.8788571588037881,1.510238903656562,0.2822222222222222,0.2822222222222222,0.43376047324318073,FG3M,2024-25
1631303,,0.35294117647058826,0.6911717297975238,0.10526315789473684,98.0,19.0,-0.7839672018733588,-0.11325415527784155,0.8191365082190181,1.4898495548145354,-0.24767801857585142,0.24767801857585142,-0.3583451230686298,FG3M,2024-25
1631306,,0.5555555555555556,1.1490262999202832,1.5,170.0,10.0,-1.3344778051833182,-0.21946268374067535,1.3305737948517864,2.4455889162944295,0.9444444444444444,0.9444444444444444,0.821951981873668,FG3M,2024-25
1631311,,0.8888888888888888,1.1656458118700377,1.0,186.0,13.0,-1.0284819070561362,0.10266078878254847,1.6751169889952293,2.806259684833914,0.11111111111111116,0.11111111111111116,0.09532150330712925,FG3M,2024-25
1631321,,0.09090909090909091,0.30151134457776363,0.15,114.0,20.0,-0.40504691978687246,-0.11246031100861065,0.29427849282679247,0.5868651016050543,0.05909090909090908,0.05909090909090908,0.19598237397554633,FG3M,2024-25
1631323,,2.0303030303030303,1.3583892833872937,1.0133333333333334,1238.0,75.0,-0.20411150194072913,1.1140694586583006,2.94653660194776,4.26471756254679,-1.0169696969696969,1.0169696969696969,-0.7486585100507939,FG3M,2024-25
1631466,,0.09090909090909091,0.29424494316824984,0.3,147.0,20.0,-0.39309441610836326,-0.1075591232578936,0.2893773050760754,0.574912597926545,0.20909090909090908,0.20909090909090908,0.7106015377513233,FG3M,2024-25
1641705,,1.8028169014084507,1.2830735232230361,3.0869565217391304,1526.0,46.0,-0.3077107369411214,0.9373838099945129,2.6682499928223886,3.9133445397580227,1.2841396203306796,1.2841396203306796,1.0008308932328098,FG3M,2024-25
1641706,,2.4864864864864864,1.6572236499164137,3.8518518518518516,925.0,27.0,-0.23948069526102245,1.3686891346178653,3.6042838383551077,5.212453668233995,1.3653653653653652,1.3653653653653652,0.82388720764046,FG3M,2024-25
1641708,,0.12903225806451613,0.33797230305290277,0.36231884057971014,2224.0,69.0,-0.42689838322720364,-0.09893006034466678,0.35699457647369903,0.6849628993562359,0.23328658251519402,0.23328658251519402,0.6902535515718804,FG3M,2024-25
1641709,,0.3333333333333333,0.6221710168382552,0.1864406779661017,1329.0,59.0,-0.6900757722639126,-0.08632101752406979,0.7529876841907364,1.356742438930579,-0.14689265536723162,0.14689265536723162,-0.23609691128607985,FG3M,2024-25
1641710,,0.5522388059701493,0.9420091695100302,0.7948717948717948,1882.0,78.0,-0.9972720769568995,-0.08314637886436604,1.1876239908046646,2.101749688897198,0.24263298890164553,0.24263298890164553,0.2575696678492492,FG3M,2024-25
1641711,,1.4666666666666666,1.4667693852063217,2.111111111111111,1591.0,54.0,-0.9460222950592121,0.47733071634500257,2.4560026169883304,3.8793556283925454,0.6444444444444446,0.6444444444444446,0.4393631684327761,FG3M,2024-25
1641712,,0.717948717948718,1.050030524586834,0.3076923076923077,460.0,52.0,-1.0092464919441655,0.009703129114898457,1.4261943067825373,2.445143927841601,-0.41025641025641024,0.41025641025641024,-0.39070903240440363,FG3M,2024-25
1641713,,2.125,1.8407329714927219,1.103448275862069,459.0,29.0,-0.9028216648083784,0.8834256107281591,3.366574389271841,5.152821664808378,-1.021551724137931,1.021551724137931,-0.5549700798315766,FG3M,2024-25
1641715,,1.6808510638297873,1.1814946867113305,1.2745098039215685,829.0,51.0,-0.2625895463416803,0.8839328976429949,2.47776923001658,3.624291674001255,-0.4063412599082188,0.4063412599082188,-0.3439213603569073,FG3M,2024-25
1641716,,0.6875,0.9310937030562324,1.0,1190.0,75.0,-0.8440560321571966,0.05947729728857121,1.3155227027114287,2.2190560321571966,0.3125,0.3125,0.33562679993887456,FG3M,2024-25
1641717,,1.1951219512195121,1.093629413277765,1.088235294117647,1877.0,68.0,-0.6037890706810836,0.4574689119636596,1.9327749904753646,2.994032973120108,-0.10688665710186518,0.10688665710186518,-0.09773571906914102,FG3M,2024-25
1641718,,1.96,1.7276761458285126,2.5970149253731343,2106.0,67.0,-0.8818544922733205,0.7946824396386682,3.1253175603613315,4.80185449227332,0.6370149253731343,0.6370149253731343,0.36871199901162716,FG3M,2024-25
1641720,,0.09523809523809523,0.30079260375911915,0.9333333333333333,314.0,15.0,-0.39953565868527985,-0.10764651599743064,0.2981227064736211,0.5900118491614703,0.8380952380952381,0.8380952380952381,2.786289382189736,FG3M,2024-25
1641721,,0.029411764705882353,0.17149858514250885,0.7037037037037037,327.0,27.0,-0.25268625799503047,-0.08626403097273985,0.14508756038450457,0.3115097874067952,0.6742919389978214,0.6742919389978214,3.931763859378258,FG3M,2024-25
1641722,,1.6515151515151516,1.6407542753485642,1.9642857142857142,1323.0,56.0,-1.0473615560057017,0.544826392792545,2.758203910237758,4.350391859036005,0.3127705627705626,0.3127705627705626,0.1906260842770726,FG3M,2024-25
1641723,,0.5294117647058824,0.6242642728467979,0.4,123.0,10.0,-0.49744053769981555,0.10834551267071718,0.9504780167410476,1.5562640671115804,-0.12941176470588234,0.12941176470588234,-0.20730285286987996,FG3M,2024-25
1641724,,0.3888888888888889,0.5016313257045503,0.9166666666666666,699.0,60.0,-0.43624447876252587,0.05053855970116977,0.7272392180766081,1.2140222565403036,0.5277777777777777,0.5277777777777777,1.0521228454712317,FG3M,2024-25
1641726,,0.0,0.0,0.0,830.0,36.0,0.0,0.0,0.0,0.0,0.0,0.0,,FG3M,2024-25
1641727,,0.0,0.0,1.8333333333333333,246.0,18.0,0.0,0.0,0.0,0.0,1.8333333333333333,1.8333333333333333,,FG3M,2024-25
1641729,,1.0625,1.50134348437142,2.211267605633803,1435.0,71.0,-1.4070598974425486,0.04984381979147723,2.0751561802085225,3.5320598974425486,1.148767605633803,1.148767605633803,0.7651597503117463,FG3M,2024-25
1641730,,0.5217391304347826,0.8458220969937152,1.891304347826087,1045.0,46.0,-0.8695536369101796,-0.04876787398747828,1.0922461348570436,1.913031897779745,1.3695652173913042,1.3695652173913042,1.6192119149631066,FG3M,2024-25
1641731,,1.0158730158730158,1.0548209371364425,1.0677966101694916,1948.0,59.0,-0.7192019436227186,0.3043962937744853,1.7273497379715463,2.7509479753687502,0.05192359429647575,0.05192359429647575,0.04922503191625534,FG3M,2024-25
1641732,,0.06896551724137931,0.25788071477756375,0.43243243243243246,516.0,37.0,-0.35522247049623534,-0.10497502487608742,0.24290605935884604,0.4931535049789939,0.3634669151910531,0.3634669151910531,1.4094381408263246,FG3M,2024-25
1641733,,1.2352941176470589,1.320427738183618,1.7333333333333334,1368.0,60.0,-0.9366774688911743,0.3446656082422085,2.125922627051909,3.407265704185292,0.4980392156862745,0.4980392156862745,0.37718021311138,FG3M,2024-25
1641734,,0.6666666666666666,0.8997354108424374,1.1,75.0,10.0,-0.8133081106280585,0.05979513205344267,1.2735382012798906,2.146641443961392,0.43333333333333346,0.43333333333333346,0.4816230728627166,FG3M,2024-25
1641738,,0.32558139534883723,0.5657245767937635,0.15789473684210525,271.0,38.0,-0.6049789610192244,-0.05599983169855627,0.7071626223962307,1.256141751716899,-0.16768665850673198,0.16768665850673198,-0.2964104184002291,FG3M,2024-25
1641739,,0.8285714285714286,0.9320606525550834,1.7307692307692308,2550.0,78.0,-0.7045751388164282,0.19989651842302492,1.4572463387198322,2.3617179959592853,0.9021978021978022,0.9021978021978022,0.9679604001355305,FG3M,2024-25
1641741,,0.3870967741935484,0.5584155773160767,0.7534246575342466,1255.0,73.0,-0.5314410089336662,0.010445467293854649,0.7637480810932421,1.3056345573207628,0.3663278833406982,0.3663278833406982,0.6560130093458116,FG3M,2024-25
1641745,,0.5,0.7071067811865476,0.4117647058823529,202.0,34.0,-0.6631199443737521,0.02305647608967365,0.9769435239103264,1.663119944373752,-0.08823529411764708,0.08823529411764708,-0.12478354962115547,FG3M,2024-25
1641748,,0.30357142857142855,0.6005949431307973,0.46875,977.0,64.0,-0.6843471933844201,-0.10152986057029423,0.7086727177131513,1.291490050527277,0.16517857142857145,0.16517857142857145,0.27502491207722163,FG3M,2024-25
1641753,,0.05555555555555555,0.23570226039551584,0.0,106.0,21.0,-0.3321510925690284,-0.10342561908121989,0.214536730192331,0.4432622036801396,-0.05555555555555555,0.05555555555555555,-0.23570226039551584,FG3M,2024-25
1641757,,0.125,0.3535533905932738,0.21621621621621623,418.0,37.0,-0.45655997218687605,-0.11347176195516318,0.3634717619551632,0.706559972186876,0.09121621621621623,0.09121621621621623,0.2579984201626592,FG3M,2024-25
1641763,,0.3076923076923077,0.6136108038679581,0.6329113924050633,1125.0,79.0,-0.7016361035900966,-0.10618817951663001,0.7215727949012454,1.317020718974712,0.3252190847127556,0.3252190847127556,0.530008732999328,FG3M,2024-25
1641764,,1.2328767123287672,1.1846301338533833,1.796875,1720.0,64.0,-0.7157213948466632,0.43384368704466014,2.031909737612874,3.1814748195041975,0.5639982876712328,0.5639982876712328,0.47609652291779075,FG3M,2024-25
1641765,,0.34210526315789475,0.7453029780973236,0.23076923076923078,582.0,52.0,-0.883843605514393,-0.16060159556875003,0.8448121218845395,1.5680541318301824,-0.11133603238866396,0.11133603238866396,-0.14938358715926855,FG3M,2024-25
1641767,,0.875,1.0964819776324313,1.0793650793650793,1231.0,63.0,-0.9286032050075863,0.1354229060869251,1.6145770939130748,2.6786032050075863,0.2043650793650793,0.2043650793650793,0.1863825247783395,FG3M,2024-25
1641774,,1.0,1.0540925533894598,1.0857142857142856,512.0,35.0,-0.7338768410703225,0.28901457273880937,1.7109854272611906,2.7338768410703223,0.08571428571428563,0.08571428571428563,0.08131571126147252,FG3M,2024-25
1641775,,0.2222222222222222,0.6666666666666667,0.3,401.0,50.0,-0.874377777777778,-0.2274444444444445,0.671888888888889,1.3188222222222223,0.07777777777777778,0.07777777777777778,0.11666666666666665,FG3M,2024-25
1641787,,0.7058823529411765,0.7717436331412898,0.8571428571428571,665.0,28.0,-0.5635587492129311,0.18534127238737652,1.2264234334949764,1.975323455095284,0.15126050420168058,0.15126050420168058,0.19599838302000996,FG3M,2024-25
1641809,,1.0,1.0,0.5416666666666666,185.0,24.0,-0.6449,0.3255,1.6745,2.6449,-0.45833333333333337,0.45833333333333337,-0.45833333333333337,FG3M,2024-25
1641816,,0.2222222222222222,0.42779263194649864,0.46,400.0,50.0,-0.48145387806657336,-0.0663239080256911,0.5107683524701355,0.9258983225110178,0.2377777777777778,0.2377777777777778,0.5558248553647721,FG3M,2024-25
1641854,,0.23529411764705882,0.5861138215097013,0.4117647058823529,513.0,51.0,-0.7288045073542488,-0.16003965496123468,0.6306278902553524,1.1993927426483664,0.1764705882352941,0.1764705882352941,0.3010858672138875,FG3M,2024-25
1641871,,1.2941176470588236,1.1070846956154814,0.7391304347826086,472.0,46.0,-0.5269259687590817,0.5473890198661814,2.0408462742514657,3.115161262876729,-0.554987212276215,0.554987212276215,-0.50130510743595,FG3M,2024-25
1641998,,0.0,0.0,0.0,394.0,38.0,0.0,0.0,0.0,0.0,0.0,0.0,,FG3M,2024-25
