coc_number,coc_name,total_population,overall_homeless,unsheltered_homeless,family_homeless,homeless_per_10k,unsheltered_per_10k,rent_coc,income_coc,saiz_elasticity,wrluri_coc
AK-500,Anchorage CoC,299321.0,1709.0,346.0,388.0,57.09589370608811,11.559496326686066,1489.0,103284.0,,
AK-501,Alaska Balance of State CoC,437534.0,977.0,133.0,279.0,22.32969323526857,3.039763766930113,1337.8139954533187,87454.52212962159,,-0.9886584748217124
AL-500,"Birmingham/Jefferson, St. Clair, Shelby Counties CoC",951623.0,911.0,395.0,126.0,9.573118766570374,4.15080341689934,1230.918133877347,74765.2525762701,2.144763946533203,0.7155625820159912
AL-501,Mobile City & County/Baldwin County CoC,613801.0,675.0,351.0,234.0,10.997049532340286,5.718465756816949,1136.2545396381631,66329.97362711669,2.0380117893218994,-0.03559191784475595
AL-502,Florence/Northwest Alabama CoC,266276.0,210.0,54.0,74.0,7.886553801318931,2.027970977482011,793.644153551993,59724.58219591116,3.851161241531372,-1.3660840643700445
AL-503,Huntsville/North Alabama CoC,559785.0,621.0,245.0,113.0,11.093544843109408,4.376680332627705,1100.6046191119108,82575.45240730752,3.0429438124470614,-0.14598770439624786
AL-504,Montgomery City & County CoC,384515.0,340.0,141.0,94.0,8.842307842346854,3.6669570757967827,1090.039792265238,64362.745009871694,3.5814337730407715,0.02409054620253004
AL-505,Gadsden/Northeast Alabama CoC,,335.0,284.0,3.0,,,,,,
AL-506,Tuscaloosa City & County CoC,202471.0,86.0,17.0,18.0,4.247521867329149,0.8396264156348316,1037.0,66231.0,,-0.4441903829574585
AL-507,Alabama Balance of State CoC,1523472.0,1291.0,1138.0,473.0,8.47406450528792,7.469779556171692,826.5360623868704,56046.59370506077,3.858027645181957,-0.9558736684647409
AL-508,"Dothan/Coffee, Dale, Geneva, Henry, Houston Counties",,132.0,73.0,36.0,,,,,,
AR-500,Little Rock/Central Arkansas CoC,586996.0,1016.0,464.0,481.0,17.308465475062864,7.904653524044456,1057.3995296683934,67328.23923371322,2.7923145294189453,-0.39522526395583885
AR-501,Fayetteville/Northwest Arkansas CoC,514338.0,412.0,193.0,81.0,8.010296730943464,3.752396284155555,1151.4297062292653,80764.39414673451,2.076729062307008,-0.393149627190309
AR-503,Arkansas Balance of State CoC,858639.0,820.0,482.0,115.0,9.549997146647195,5.613534908151156,873.4561090466689,56169.60072910018,2.8209357092019953,-1.3698557028394467
AR-504,Delta Hills CoC,,,,,,,756.219596644552,49931.39414723365,,1.6462217607690595
AR-505,Southeast Arkansas CoC,307730.0,102.0,32.0,7.0,3.314593962239626,1.0398726156045885,773.5089345775666,51269.09594025963,10.262127415562738,-0.7820216338533206
AR-508,Fort Smith CoC,,433.0,163.0,64.0,,,,,,
AR-512,"Boone, Baxter, Marion, Newton Counties CoC",,,,,,,781.0062449349288,50948.60334652238,,
AZ-500,Arizona Balance of State CoC,1631977.0,3160.0,1934.0,687.0,19.36301798370933,11.850657209017038,1209.3330360213934,66836.01081114697,2.1285667611214354,-0.06128895366072824
AZ-501,Tucson/Pima County CoC,1003338.0,2142.0,1281.0,321.0,21.348737912846918,12.767382477290802,1212.0,70315.0,1.4191339015960693,0.5035525560379028
AZ-502,"Phoenix, Mesa/Maricopa County CoC",4093262.0,9435.0,4076.0,2089.0,23.050075954092357,9.957828255313245,1707.7917662204704,89288.99892418555,1.6135566234588623,0.4991195637829423
CA-500,San Jose/Santa Clara City & County CoC,1885056.0,10394.0,7401.0,1375.0,55.13894547429891,39.26143308209411,2857.0,164281.0,0.7603265643119812,0.8773859143257141
CA-501,San Francisco CoC,850282.0,8323.0,4354.0,1103.0,97.88517221345388,51.20654088878749,2476.0,140970.0,0.661586344242096,
CA-502,"Oakland, Berkeley/Alameda County CoC",1605217.0,9450.0,6343.0,699.0,58.870545228464444,39.51490670731746,2357.0,129367.0,0.661586344242096,1.0790934562683105
CA-503,Sacramento City & County CoC,1479300.0,6615.0,3944.0,1080.0,44.71709592374771,26.661258703440815,1790.0,92175.0,,0.3560557961463928
CA-504,"Santa Rosa, Petaluma/Sonoma County CoC",497776.0,2522.0,1577.0,198.0,50.66535951914114,31.680916717559704,2158.0,104674.0,1.0017296075820923,1.6454838514328003
CA-505,Richmond/Contra Costa County CoC,1107925.0,2843.0,1959.0,328.0,25.660581718076582,17.681702281291603,2375.0,127229.0,0.661586344242096,0.9067171812057495
CA-506,"Salinas/Monterey, San Benito Counties CoC",488252.0,3057.0,2379.0,435.0,62.61111065597274,48.72483881274424,2046.6037932038432,99517.49989601962,1.055021841936384,-0.27029434027322957
CA-507,Marin County CoC,259358.0,1090.0,788.0,204.0,42.0268509164938,30.382714240547813,2668.0,149091.0,0.661586344242096,1.4871290922164917
CA-508,Watsonville/Santa Cruz City & County CoC,270931.0,1850.0,1485.0,171.0,68.28306838272475,54.81100353964662,2264.0,111093.0,1.1887423992156982,
CA-509,Mendocino County CoC,87409.0,774.0,552.0,92.0,88.54923406056585,63.151391733116725,1317.0,68092.0,,0.09586459398269653
CA-510,"Turlock, Modesto/Stanislaus County CoC",530561.0,2052.0,980.0,265.0,38.6760429055283,18.471014642991097,1623.0,81468.0,2.1665163040161133,0.32341238856315613
CA-511,Stockton/San Joaquin County CoC,714860.0,4732.0,3469.0,454.0,66.19477939736453,48.526984304619084,1734.0,92179.0,2.072873115539551,1.503189206123352
CA-512,Daly City/San Mateo County CoC,754748.0,2130.0,1145.0,563.0,28.22134010292177,15.170626487251374,2922.0,158855.0,0.661586344242096,1.5213501453399658
CA-513,"Visalia/Kings, Tulare Counties CoC",606030.0,1672.0,1341.0,232.0,27.589393264359853,22.127617444680958,1292.3707426213348,71226.0181078528,1.9665818214416504,-0.058524611445019116
CA-514,Fresno City & County/Madera County CoC,1116526.0,4305.0,2758.0,447.0,38.55709584908905,24.7016191293351,1391.726679488649,74532.53778026858,1.8360768556594849,0.2273009568452835
CA-515,"Roseville, Rocklin/Placer, Nevada Counties CoC",469210.0,702.0,366.0,115.0,14.961317959975277,7.8003452611836925,1991.9875334763447,110867.24087823524,,0.8016886115074158
CA-516,"Redding/Shasta, Siskiyou, Lassen, Plumas, Del Norte, Modoc, Sierra Counties CoC",313187.0,2404.0,1434.0,375.0,76.75925245939327,45.7873411093053,1225.988797891671,68913.12084602758,1.8249019384384155,-0.5993879747006355
CA-517,Napa City & County CoC,140823.0,414.0,203.0,45.0,29.398606761679556,14.415258871065095,2237.0,111471.0,,1.4642442464828491
CA-518,Vallejo/Solano County CoC,429596.0,1725.0,1436.0,72.0,40.154005158334805,33.42675443905436,2163.0,100401.0,1.1440908908843994,1.5728049278259277
CA-519,"Chico, Paradise/Butte County CoC",223877.0,1381.0,580.0,174.0,61.685657749567845,25.90708290713204,1414.0,67928.0,1.7394890785217285,-1.193199634552002
CA-520,Merced City & County CoC,265001.0,837.0,428.0,99.0,31.584786472503875,16.15088244950019,1343.0,65510.0,2.386730670928955,0.4289912283420563
CA-521,"Davis, Woodland/Yolo County CoC",209671.0,942.0,633.0,83.0,44.92752931974379,30.190155052439298,1857.0,91752.0,,0.4988754093647003
CA-522,Humboldt County CoC,135182.0,1573.0,1194.0,223.0,116.36164578124307,88.3253687621133,1287.0,61160.0,,0.14234288036823273
CA-523,"Colusa, Glenn, Trinity Counties CoC",62517.0,248.0,129.0,68.0,39.66920997488683,20.63438744661452,1121.0248726220266,66586.92806536224,,0.33126963286950756
CA-524,Yuba City & County/Sutter County CoC,169303.0,928.0,682.0,166.0,54.81296846482343,40.28280656574307,1380.0086167404725,78168.84142470713,2.6539721488952637,-0.6347492933273315
CA-525,El Dorado County CoC,183000.0,284.0,135.0,32.0,15.519125683060109,7.377049180327869,1715.0,108845.0,,
CA-526,"Tuolumne, Amador, Calaveras, Mariposa Counties CoC",153259.0,719.0,525.0,134.0,46.91404746213925,34.255737020338124,1427.0771211131762,79568.30677651077,,
CA-527,Tehama County CoC,63015.0,324.0,247.0,51.0,51.416329445370145,39.19701658335317,1184.0,63784.0,,-0.5628150105476379
CA-529,Lake County CoC,64076.0,604.0,435.0,135.0,94.26306261314689,67.88813284224982,1368.0,60621.0,,-0.5358677506446838
CA-530,"Alpine, Inyo, Mono Counties CoC",33561.0,106.0,69.0,11.0,31.58427937188999,20.559578081701975,1370.4256593596137,85489.29066053787,,-0.1757821887731552
CA-531,Nevada County CoC,,516.0,258.0,103.0,,,,,,
CA-600,Los Angeles City & County CoC,9246562.0,71201.0,49509.0,10707.0,77.0026740749697,53.54314392744027,1954.0,90112.0,0.6265944242477417,0.551615297794342
CA-601,San Diego City and County CoC,3253356.0,10605.0,6110.0,1563.0,32.59710895456876,18.78060685642764,2246.0,106268.0,0.6727622747421265,0.7675888538360596
CA-602,"Santa Ana, Anaheim/Orange County CoC",3132211.0,7322.0,4173.0,1128.0,23.376458354817093,13.322857240460493,2434.0,116289.0,0.6265944242477417,0.7758044600486755
CA-603,Santa Maria/Santa Barbara County CoC,439395.0,2119.0,1332.0,364.0,48.22540083523936,30.314409585907896,2131.0,98161.0,,1.603325366973877
CA-604,Bakersfield/Kern County CoC,871337.0,2669.0,1663.0,216.0,30.63108762740478,19.085612111043144,1300.0,70210.0,1.6380138397216797,-0.3238082230091095
CA-606,Long Beach CoC,475317.0,3376.0,2455.0,103.0,71.02628351184578,51.64974112013667,1954.0,90112.0,0.6265944242477417,0.551615297794342
CA-607,Pasadena CoC,137381.0,556.0,321.0,101.0,40.47138978461359,23.365676476368638,1954.0,90112.0,0.6265944242477417,0.551615297794342
CA-608,Riverside City & County CoC,2323892.0,4249.0,2441.0,756.0,18.28398221604102,10.503930475254444,1901.0,93074.0,0.9431942105293274,0.7465391755104065
CA-609,San Bernardino City & County CoC,2106754.0,4255.0,3055.0,475.0,20.196947531605495,14.50098113021264,1801.0,85478.0,0.9431942105293274,0.6309657096862793
CA-611,"Oxnard, San Buenaventura/Ventura County CoC",843110.0,2358.0,1431.0,371.0,27.96788082219402,16.97287423942309,2317.0,109797.0,,0.8451374173164368
CA-612,Glendale CoC,197895.0,175.0,80.0,72.0,8.843073346976933,4.042547815760884,1954.0,90111.99999999999,0.6265944242477417,0.551615297794342
CA-613,Imperial County CoC,178807.0,1508.0,1375.0,108.0,84.33674296867572,76.89855542568243,1056.0,57681.0,,2.982142686843872
CA-614,San Luis Obispo County CoC,278680.0,1175.0,800.0,143.0,42.16305439931104,28.70676044208411,1992.0,97446.0,1.2240349054336548,2.0814476013183594
CO-500,Colorado Balance of State CoC,1683718.0,2395.0,1342.0,440.0,14.224472269109198,7.970455860185613,1427.7341927190969,84022.34011053573,2.0913819215032783,0.07349440563643382
CO-503,Metropolitan Denver CoC,2997276.0,14281.0,2919.0,7405.0,47.64659644290349,9.738842869325348,1903.0567634609326,106797.44452325413,1.4981647460556573,0.1511054999888916
CO-504,Colorado Springs/El Paso County CoC,665171.0,1146.0,259.0,451.0,17.228652481843014,3.893735595809198,1696.0,90363.0,1.6681644916534424,-0.25208908319473267
CO-505,"Fort Collins, Greeley, Loveland/Larimer, Weld Counties CoC",,893.0,271.0,223.0,,,,,,
CT-503,"Bridgeport, Stamford, Norwalk/Fairfield County CoC",857728.0,713.0,109.0,249.0,8.312658558424115,1.2707991344575436,,,,
CT-505,Connecticut Balance of State CoC,2736355.0,2697.0,465.0,859.0,9.856177286938282,1.699340911541083,1775.0,126257.00000000001,0.7588299512863158,
DC-500,District of Columbia CoC,659009.0,5616.0,900.0,1656.0,85.21886651016906,13.656869633039914,1954.0,109870.0,1.6058274507522583,
DE-500,Delaware Statewide CoC,934695.0,1358.0,238.0,555.0,14.528803513445562,2.546285151840975,1378.163665758903,85679.6894567226,1.7766112903984244,0.348886813774755
FL-500,"Sarasota, Bradenton/Manatee, Sarasota Counties CoC",751422.0,1157.0,654.0,161.0,15.397473057749174,8.70349816747447,1746.9591213249391,81019.45770510458,,-0.06769514828920364
FL-501,Tampa/Hillsborough County CoC,1323059.0,1893.0,1022.0,640.0,14.307751959663173,7.724523244995121,1667.0,79540.0,0.9978693723678589,
FL-502,"St. Petersburg, Clearwater, Largo/Pinellas County CoC",939548.0,2110.0,721.0,515.0,22.457607274987545,7.673902770268257,1642.0,72646.0,0.9978693723678589,0.31328514218330383
FL-503,"Lakeland, Winterhaven/Polk County CoC",637691.0,1207.0,658.0,457.0,18.9276624572089,10.318477130773367,1363.0,65978.0,1.5634709596633911,0.5919604897499084
FL-504,"Daytona Beach, Daytona/Volusia, Flagler Counties CoC",613723.0,1164.0,786.0,359.0,18.966211140856707,12.80708071882592,1512.6909155278624,71355.4188656801,,-0.10765855694111723
FL-505,"Fort Walton Beach/Okaloosa, Walton Counties CoC",257326.0,391.0,250.0,70.0,15.19473352867569,9.715302767695453,1647.7215795851737,81994.67706236416,,0.6118929386138916
FL-506,Tallahassee/Leon County CoC,437469.0,840.0,216.0,218.0,19.201360553547794,4.937492713769433,1177.1498354600253,63924.78296889464,,1.4076281001459612
FL-507,"Orlando/Orange, Osceola, Seminole Counties CoC",2010922.0,2776.0,1094.0,766.0,13.80461300836134,5.4402905731798645,1771.4116280007493,79669.47454618615,1.1201637983322144,0.4184762503810085
FL-508,"Gainesville/Alachua, Putnam Counties CoC",412544.0,752.0,444.0,119.0,18.228358672044678,10.762488364877445,1171.486354564962,59236.37996167534,2.478489637374878,-0.19048303353115742
FL-509,"Fort Pierce/St. Lucie, Indian River, Martin Counties CoC",592070.0,701.0,554.0,256.0,11.839816237944836,9.357001705879373,1526.0447846035163,74650.53688740915,,-0.15968349243111635
FL-510,"Jacksonville-Duval, Clay Counties CoC",1178423.0,1339.0,560.0,239.0,11.36264312560091,4.752113629825622,1491.5262191197364,75413.12068032235,1.0591615438461304,0.4598573370264176
FL-511,"Pensacola/Escambia, Santa Rosa Counties CoC",473477.0,1123.0,544.0,98.0,23.71815315210665,11.489470449462171,1405.4006064131047,76743.19107542979,1.4766288995742798,
FL-512,St. Johns County CoC,218362.0,442.0,267.0,80.0,20.24161713118583,12.227402203680128,1922.0,109839.0,1.0591615438461304,0.7772437930107117
FL-513,"Palm Bay, Melbourne/Brevard County CoC",560683.0,1116.0,779.0,157.0,19.904295296986,13.89376884977786,1556.0,78476.0,,0.46820488572120667
FL-514,Ocala/Marion County CoC,340341.0,378.0,199.0,96.0,11.10650788473913,5.847076902283298,1277.0,61010.0,1.734239935874939,0.09973130375146866
FL-515,"Panama City/Bay, Jackson Counties CoC",301679.0,499.0,373.0,66.0,16.54076021201343,12.3641353889399,1251.842154598648,65303.60412639309,,-0.6892126653055862
FL-517,"Hendry, Hardee, Highlands Counties CoC",252514.0,641.0,641.0,283.0,25.38473114361976,25.38473114361976,1008.9879325318828,55668.684047934665,,
FL-518,"Columbia, Hamilton, Lafayette, Suwannee Counties CoC",134955.0,527.0,455.0,186.0,39.05005372161091,33.7149420177096,916.568030638984,57694.123894952056,,0.8485676050186157
FL-519,Pasco County CoC,488310.0,731.0,427.0,138.0,14.969998566484405,8.744445127070918,1505.0,70492.0,0.9978693723678589,-0.05267326161265373
FL-520,"Citrus, Hernando, Lake, Sumter Counties CoC",748425.0,786.0,445.0,221.0,10.502054314059524,5.945819554397568,1388.4397691996949,69175.42333623525,1.0793258691803116,0.26273507892408837
FL-600,Miami-Dade County CoC,2664418.0,3800.0,1033.0,1254.0,14.262026453807174,3.877019296521792,1829.0,71753.0,0.5952661037445068,0.44037383794784546
FL-601,Ft Lauderdale/Broward County CoC,1863780.0,2469.0,1624.0,415.0,13.247271673695394,8.713474766335082,1907.0,77633.0,0.5952661037445068,1.0214693546295166
FL-602,Punta Gorda/Charlotte County CoC,169642.0,343.0,209.0,76.0,20.219049527829192,12.32006224873557,1464.0,69952.0,,-0.5810062289237976
FL-603,"Ft Myers, Cape Coral/Lee County CoC",680970.0,941.0,744.0,172.0,13.8185235766627,10.925591435746068,1712.0,76107.0,,0.26298987865448
FL-604,Monroe County CoC,77146.0,450.0,183.0,25.0,58.33095688694164,23.7212558006896,1999.0,87738.0,,
FL-605,West Palm Beach/Palm Beach County CoC,1398757.0,2126.0,1580.0,301.0,15.19920901200137,11.295743292080038,1916.0,83581.0,0.5952661037445068,0.15104301273822784
FL-606,Naples/Collier County CoC,348236.0,660.0,406.0,195.0,18.952664285139964,11.658760151161855,1862.0,90045.0,1.2103632688522339,0.8110041618347168
GA-500,Atlanta CoC,453856.0,2867.0,1040.0,340.0,63.16981597687372,22.9147571035747,1729.3431404212665,94319.05802226781,2.5536987781524654,-0.22575738881418114
GA-501,Georgia Balance of State CoC,6847767.0,6633.0,4407.0,1817.0,9.68636929381505,6.435674578296838,1298.6889656687201,77148.03896429065,2.655690352657083,-0.42580393627227636
GA-502,Fulton County CoC,577110.0,339.0,154.0,110.0,5.874096792639184,2.668468749458509,1730.166146473475,95074.35409283527,2.553698778152466,-0.18809731970562174
GA-503,Athens-Clarke County CoC,122037.0,386.0,181.0,66.0,31.62975163270156,14.831567475437778,1219.0,53625.0,,
GA-504,Augusta-Richmond County CoC,201418.0,474.0,319.0,57.0,23.533149966735845,15.837710631621801,1141.0,55637.0,3.568281888961792,
GA-505,Columbus-Muscogee/Russell County CoC,258939.0,272.0,52.0,77.0,10.504404512259645,2.008194980284932,1068.5881373751533,56532.616961626074,3.8502142429351807,-1.4593570232391357
GA-506,Marietta/Cobb County CoC,728388.0,418.0,150.0,114.0,5.73869970400391,2.0593419990444652,1730.0,102738.0,2.553698778152466,0.049954794347286224
GA-507,Savannah/Chatham County CoC,282613.0,579.0,193.0,63.0,20.487380269131286,6.829126756377096,1471.0,71097.0,1.4564684629440308,
GA-508,DeKalb County CoC,693150.0,322.0,177.0,84.0,4.645459135829185,2.5535598355334344,1692.0,80644.0,2.553698778152466,-0.8333975076675415
GU-500,Guam CoC,,1249.0,1104.0,820.0,,,,,,
HI-500,Hawaii Balance of State CoC,426583.0,7140.0,1276.0,3369.0,167.3765714995675,29.912115578914303,1720.2127642324028,88661.7098724838,,
HI-501,Honolulu City and County CoC,986999.0,4497.0,2766.0,1123.0,45.56235619286341,28.02434450288197,2083.0,106195.0,,
IA-500,"Sioux City/Dakota, Woodbury Counties CoC",123123.0,295.0,20.0,68.0,23.959780057341032,1.6243918682943073,995.7267811380789,73100.8925635379,5.356887340545654,-0.6395007371902466
IA-501,Iowa Balance of State CoC,2438112.0,1621.0,297.0,548.0,6.648587103463664,1.218155687679647,912.7313599473806,74281.2016031331,4.110816236404691,-0.7958275641771987
IA-502,Des Moines/Polk County CoC,472853.0,715.0,147.0,112.0,15.12097840132134,3.108788566425506,1154.8758406240847,84257.99648922631,3.6620333194732666,0.03329393267631531
ID-500,Boise/Ada County CoC,425798.0,789.0,117.0,131.0,18.529913245247748,2.747781812032936,1577.0,91502.0,1.6927995681762695,
ID-501,Idaho Balance of State CoC,1209685.0,1961.0,1257.0,988.0,16.210831745454396,10.391134882221404,1131.449054529448,73041.62124229949,2.1513775510446163,0.10906973450831135
IL-500,McHenry County CoC,300995.0,160.0,20.0,41.0,5.315702918653134,0.6644628648316417,1401.0,104802.0,0.8113738298416138,0.7163596749305725
IL-501,"Rockford/Winnebago, Boone Counties CoC",342552.0,486.0,9.0,172.0,14.187626988019337,0.2627338331114692,1024.1635375993249,68800.2856692876,3.6844959259033203,-0.9144647051507936
IL-502,"Waukegan, North Chicago/Lake County CoC",728734.0,705.0,75.0,428.0,9.674311888837353,1.029182115833761,1475.5335067136104,109961.61686086575,0.8113738298416138,0.12517414263649979
IL-503,"Champaign, Urbana, Rantoul/Champaign County CoC",206420.0,279.0,42.0,111.0,13.516132157736655,2.0346865613797114,1051.0,63683.0,3.629077911376953,1.3642332553863525
IL-504,Madison County CoC,266759.0,121.0,60.0,28.0,4.535929434433327,2.2492212071570217,1024.0,75793.0,2.3558263778686523,-0.5344434976577759
IL-506,"Joliet, Bolingbrook/Will County CoC",800973.0,357.0,38.0,111.0,4.457079077571903,0.47442298304686925,1496.4387336729362,109119.20961156882,0.8113738298416137,-0.01818459041463442
IL-507,"Peoria, Pekin/Fulton, Tazewell, Peoria, Woodford Counties CoC",397388.0,492.0,56.0,92.0,12.380846930455878,1.4092020896453843,938.1413523855986,71767.23166704697,3.227832078933716,-0.7960568222120878
IL-508,"East St. Louis, Belleville/St. Clair County CoC",273315.0,237.0,19.0,50.0,8.67131331979584,0.6951685783802571,1088.5233280401114,74746.95583974433,2.3558263778686523,-0.5151161551475525
IL-509,DeKalb City & County CoC,,,,,,,1049.0,70724.0,0.8113738298416138,
IL-510,Chicago CoC,2716350.0,18836.0,1634.0,10881.0,69.34305225762512,6.015425110902498,1435.266226133212,83528.09302354784,0.8113738298416138,-0.29852930978468967
IL-511,Cook County CoC,2499324.0,1188.0,114.0,627.0,4.753285288341968,0.4561233357499868,1435.1002135073134,83596.30573906291,0.8113738298416138,-0.29753675988556205
IL-512,Bloomington/Central Illinois CoC,533328.0,396.0,62.0,136.0,7.425074250742507,1.162511625116251,961.1611556976056,72380.41011871888,3.3479154528153265,-0.37449988820864755
IL-513,Springfield/Sangamon County CoC,198639.0,388.0,26.0,117.0,19.53292153101858,1.308907112903307,983.0,75357.0,,-1.0830724239349365
IL-514,Dupage County CoC,917342.0,480.0,26.0,251.0,5.232508704496251,0.28342755482688026,1679.0345541548359,112012.21671847352,0.8113738298416138,-0.20841278876996258
IL-515,South Central Illinois CoC,403649.0,266.0,80.0,127.0,6.589883785169788,1.9819199353894101,785.4381753514957,68563.0542862656,2.3558263778686523,-1.0351711090567226
IL-516,Decatur/Macon County CoC,108404.0,140.0,27.0,30.0,12.914652595845173,2.4906830006272833,847.0,62666.0,4.9873833656311035,-1.0415236949920654
IL-517,"Aurora, Elgin/Kane County CoC",588127.0,563.0,122.0,174.0,9.572762345547815,2.0743818937066316,1471.3274695569341,103489.05612108276,0.8113738298416138,-0.12289676661975428
IL-518,"Rock Island, Moline/Northwestern Illinois CoC",660512.0,334.0,192.0,62.0,5.056683300227702,2.9068359091129308,866.4670525871165,69399.09578339825,4.042022821656662,0.02694047847751645
IL-519,West Central Illinois CoC,225019.0,143.0,7.0,48.0,6.355018909514308,0.3110848417244766,770.6765119214921,64181.759402615346,,-1.4575053453445435
IL-520,Southern Illinois CoC,579396.0,261.0,55.0,36.0,4.504691092102811,0.9492644063818183,807.1353827925483,63870.86485838261,2.355826377868652,0.12887629511241935
IN-502,Indiana Balance of State CoC,5657436.0,4584.0,1138.0,1282.0,8.102610440489295,2.0115119287253096,1048.169347794414,74819.0339440066,3.488785568015685,-0.07306879089798554
IN-503,Indianapolis CoC,932142.0,1701.0,339.0,419.0,18.24829264210818,3.636784953365474,1153.0,66346.0,4.00382661819458,0.3119792938232422
KS-502,Wichita/Sedgwick County CoC,508221.0,691.0,188.0,191.0,13.596447214892734,3.699178113458515,998.0,69365.0,5.453317165374756,-0.22140967845916748
KS-503,Topeka/Shawnee County CoC,178567.0,537.0,203.0,117.0,30.07274580409594,11.368281933391948,1000.0,67104.0,4.438154697418213,-0.6394174695014954
KS-505,"Overland Park, Shawnee/Johnson County CoC",572428.0,250.0,58.0,84.0,4.3673614847631494,1.0132278644650505,1434.0,109208.0,3.190805196762085,0.06256380677223206
KS-507,Kansas Balance of State CoC,1477299.0,1089.0,302.0,270.0,7.371561207311451,2.0442713357282445,905.4339112841881,68263.45234572966,4.351429161165054,-0.27667301328135024
KY-500,Kentucky Balance of State CoC,3340736.0,2678.0,1039.0,658.0,8.016197628307056,3.110093105231901,893.0388879829712,63602.29196076984,2.3817161502040807,-0.40788767063255277
KY-501,Louisville-Jefferson County CoC,759724.0,1728.0,595.0,304.0,22.745102168682312,7.831791545350679,1149.0,69866.0,2.3400092124938965,0.5193459987640381
KY-502,Lexington-Fayette County CoC,311529.0,825.0,82.0,164.0,26.482285758308215,2.632178705674271,1164.0,69479.0,2.6255812644958496,
LA-500,Lafayette/Acadiana Regional CoC,654560.0,441.0,182.0,136.0,6.737350281104865,2.780493766805182,899.7258559475439,57141.75004855613,4.844548225402832,1.6623234748840332
LA-502,"Shreveport, Bossier/Northwest Louisiana CoC",484360.0,292.0,87.0,66.0,6.028573788091502,1.7961846560409611,976.5524725497369,54207.183225167726,,
LA-503,New Orleans/Jefferson Parish CoC,818126.0,1454.0,484.0,172.0,17.772323578519693,5.915959155435715,1218.2558494119758,61258.661019989464,0.8083274364471436,
LA-505,Monroe/Northeast Louisiana CoC,355614.0,142.0,46.0,28.0,3.9930936352337083,1.2935373747940182,866.28281311483,48281.01525357035,3.577314615249634,
LA-506,Slidell/Southeast Louisiana CoC,566390.0,209.0,167.0,44.0,3.6900369003690034,2.948498384505376,1165.6915770352155,72160.40701701747,1.7378802299499512,-0.5187974572181702
LA-507,Alexandria/Central Louisiana CoC,308153.0,148.0,117.0,18.0,4.802808994233384,3.7968152184142294,901.7336551330262,53262.5126558108,7.148085594177246,-0.5650897026062012
LA-508,"Houma-Terrebonne, Thibodaux CoC",,,,,,,1055.5520115724069,66251.64580425537,0.952412304682053,-0.671809732913971
LA-509,Louisiana Balance of State CoC,1106530.0,783.0,475.0,144.0,7.076175069812838,4.292698797140611,1099.6524906482903,67132.73012317232,1.8176024098739356,-0.5784310646130807
MA-500,Boston CoC,658279.0,5898.0,134.0,3765.0,89.59726802769038,2.0356110403035794,2129.0,95631.0,0.85810649394989,-0.018360791727900505
MA-502,Lynn CoC,92074.0,1100.0,16.0,1005.0,119.46912266220649,1.737732693268458,1756.0000000000002,101883.0,0.8581064939498901,0.8438868522644043
MA-503,Cape Cod Islands CoC,242534.0,570.0,76.0,305.0,23.50185953309639,3.133581271079519,1675.5823036947177,100045.1978778212,,0.49411060803638324
MA-504,Springfield/Hampden County CoC,468072.0,3018.0,177.0,2469.0,64.477259908732,3.7814695175101267,1136.0,71306.0,1.5232977867126465,0.23837929964065552
MA-505,New Bedford CoC,94988.0,1179.0,159.0,883.0,124.12094159262223,16.738956499768392,1245.0,85625.0,1.6055467128753662,0.9522267580032349
MA-506,Worcester City & County CoC,813589.0,1927.0,142.0,1323.0,23.685177651123603,1.7453529976437736,1426.0,95939.0,,-0.10235729068517685
MA-507,"Pittsfield/Berkshire, Franklin, Hampshire Counties CoC",360514.0,961.0,86.0,507.0,26.656385050233833,2.385482949344547,1242.765387608236,80709.16503220181,2.7045679092407227,0.28539695406954857
MA-508,Lowell CoC,,,,,,,2201.0,130847.0,0.8581064939498901,0.3532979488372803
MA-509,Cambridge CoC,108757.0,747.0,82.0,334.0,68.68523405389998,7.539744568165728,2201.0,130847.0,0.8581064939498901,0.3532979488372803
MA-510,"Gloucester, Haverhill, Salem/Essex County CoC",,,,,,,1755.9999999999998,101883.0,0.8581064939498901,0.8438868522644043
MA-510_&_MA-516_Shared_Jurisdiction,MA-510_&_MA-516_Shared_Jurisdiction,,,,,,,2201.0,130847.0,0.8581064939498902,0.3532979488372803
MA-511,"Quincy, Brockton, Weymouth, Plymouth City and County CoC",655607.0,1885.0,104.0,1430.0,28.751980988610555,1.586316192475065,1838.3411019806997,117958.70931481796,0.8581064939498902,0.32257431653136764
MA-515,Fall River CoC,88902.0,523.0,140.0,298.0,58.828822748644576,15.747677217610402,1245.0,85625.0,1.6055467128753662,0.9522267580032349
MA-516,Massachusetts Balance of State CoC,1070716.0,11552.0,519.0,10075.0,107.8904209893193,4.8472237269266545,2134.1107455734837,125122.44082273504,0.8581064939498901,0.3043740431531547
MA-517,Somerville CoC,,,,,,,2201.0,130847.0,0.8581064939498901,0.3532979488372803
MA-519,"Attleboro, Taunton/Bristol County CoC",,,,,,,1245.0,85625.0,1.6055467128753662,0.9522267580032348
MD-500,Cumberland/Allegany County CoC,,,,,,,805.0,59603.0,,
MD-501,Baltimore CoC,621000.0,1600.0,113.0,311.0,25.764895330112722,1.8196457326892108,1331.0,62177.0,1.2349457740783691,
MD-502,Harford County CoC,,,,,,,1586.0,112265.0,1.2349457740783691,0.818207323551178
MD-503,Annapolis/Anne Arundel County CoC,559737.0,254.0,98.0,60.0,4.537845452417832,1.7508222611690847,2071.0,124911.0,1.2349457740783691,3.0313751697540283
MD-504,Howard County CoC,308447.0,130.0,62.0,49.0,4.214662486586026,2.010069801294874,2099.0,149763.0,1.2349457740783691,
MD-505,Baltimore County CoC,825666.0,565.0,115.0,205.0,6.842960712927503,1.392815012365775,1627.0,91768.0,1.2349457740783691,
MD-506,Carroll County CoC,167535.0,134.0,23.0,30.0,7.9983287074342675,1.3728474647088666,1427.0,118211.0,1.2349457740783691,0.5481826066970825
MD-507,Cecil County CoC,,,,,,,1377.0,92007.0,1.6450508832931519,
MD-508,"Charles, Calvert, St. Mary's Counties CoC",,,,,,,1827.620179173926,124551.59096866562,1.6058274507522583,0.32641929388046265
MD-509,Frederick City & County CoC,,,,,,,1774.0,122002.0,1.6058274507522583,1.002225637435913
MD-510,Garrett County CoC,,,,,,,765.0,67688.0,,
MD-511,Mid-Shore Regional CoC,171303.0,129.0,3.0,80.0,7.530516103045481,0.17512828146617399,1287.236207417199,85144.88173390842,1.2349457740783691,1.634604730932575
MD-512,Hagerstown/Washington County CoC,,,,,,,1147.0,77747.0,2.4939680099487305,0.6370264887809753
MD-513,"Wicomico, Somerset, Worcester Counties CoC",178867.0,275.0,32.0,90.0,15.374552041460975,1.7890387830063679,1235.3292919601388,76305.72835212281,,-0.030106861144304276
MD-514,Maryland Balance of State CoC,,1188.0,329.0,357.0,,,,,,
MD-600,Prince George's County CoC,897693.0,650.0,108.0,365.0,7.240782762035574,1.20308390507668,1799.0,101798.0,1.6058274507522583,0.8450050354003906
MD-601,Montgomery County CoC,1026371.0,1144.0,153.0,396.0,11.146067065417867,1.4906890393434733,2068.0,132450.0,1.6058274507522583,2.5716397762298584
ME-500,Maine Balance of State CoC,1329923.0,2702.0,273.0,1154.0,20.316965719067944,2.0527504223928754,1168.6847920150856,76715.23075016374,1.7027982521985239,-0.3396165421189353
MI-500,Michigan Balance of State CoC,2363563.0,1937.0,653.0,869.0,8.195254368087502,2.762778060072865,896.6775111931009,66694.09718542104,2.094747687524084,-0.30897870914398334
MI-501,Detroit CoC,683443.0,1725.0,305.0,728.0,25.239851750621487,4.462698425472205,1132.0,60539.0,1.241145133972168,-0.6808118224143982
MI-502,"Dearborn, Dearborn Heights, Westland/Wayne County CoC",1084150.0,224.0,43.0,115.0,2.0661347599501916,0.3966240833832957,1132.0,60539.0,1.241145133972168,-0.6808118224143982
MI-503,"St. Clair Shores, Warren/Macomb County CoC",859703.0,436.0,19.0,163.0,5.071518885010289,0.22100655691558596,1211.0,77837.0,1.241145133972168,0.0760282576084137
MI-504,"Pontiac, Royal Oak/Oakland County CoC",1235215.0,357.0,30.0,179.0,2.890185109474869,0.24287269827519906,1376.0,97760.0,1.241145133972168,-0.6536949276924133
MI-505,Flint/Genesee County CoC,413090.0,423.0,25.0,94.0,10.239899295553027,0.605194993827011,989.0,62281.0,2.750335931777954,-0.5153217315673828
MI-506,"Grand Rapids, Wyoming/Kent County CoC",629352.0,1089.0,110.0,403.0,17.303512183960645,1.7478295135313782,1243.0,82631.0,2.389780044555664,-0.5219579339027405
MI-507,"Portage, Kalamazoo City & County CoC",258605.0,664.0,122.0,232.0,25.67622435761103,4.717619535585159,1093.0,72532.0,2.480250358581543,-1.603622317314148
MI-508,"Lansing, East Lansing/Ingham County CoC",286362.0,648.0,90.0,218.0,22.628700735432776,3.142875102143441,1084.0520296861691,65673.53017513247,2.575920820236206,-0.6753474086343456
MI-509,Washtenaw County CoC,358082.0,330.0,13.0,129.0,9.215766221144877,0.3630453359844951,1463.0,89180.0,2.2907683849334717,0.3473585247993469
MI-510,Saginaw City & County CoC,195201.0,383.0,11.0,183.0,19.620801122945068,0.5635217032699628,947.0,60622.0,2.2259817123413086,-1.0863792896270752
MI-511,Lenawee County CoC,98673.0,202.0,8.0,56.0,20.471658913785937,0.8107587688628095,987.0,70518.0,,0.1381188929080963
MI-512,"Grand Traverse, Antrim, Leelanau Counties CoC",170415.0,202.0,17.0,54.0,11.853416659331632,0.9975647683595928,1157.6471299060008,80586.36282131243,,-0.18550024732502615
MI-513,"Marquette, Alger Counties CoC",,,,,,,921.8619817065135,64950.56251153228,,-0.16543045296067446
MI-514,Battle Creek/Calhoun County CoC,134691.0,252.0,29.0,56.0,18.70949061184489,2.1530763005694515,968.0,63177.0,,-0.5467303991317749
MI-515,Monroe City & County CoC,149945.0,121.0,0.0,65.0,8.069625529360765,0.0,1059.0,77335.0,,-0.12112001329660416
MI-516,"Norton Shores, Muskegon City & County CoC",172148.0,203.0,33.0,97.0,11.79217882287334,1.9169551781025629,1028.0,65024.0,,-1.047820806503296
MI-517,Jackson City & County CoC,159483.0,99.0,12.0,32.0,6.207558172344388,0.7524312936175015,985.0,66073.0,,-0.41985130310058594
MI-518,Livingston County CoC,185841.0,69.0,3.0,39.0,3.7128513083765156,0.16142831775550068,1287.0,103039.0,1.241145133972168,-0.08444885164499283
MI-519,Holland/Ottawa County CoC,283503.0,320.0,95.0,100.0,11.28735851119741,3.350934558011732,1208.340344359109,90329.02653989557,2.389780044555664,-0.16221822211198525
MI-523,Eaton County CoC,108544.0,55.0,5.0,45.0,5.067069575471698,0.4606426886792453,1092.0,79597.0,2.575920820236206,-0.8209858536720276
MN-500,Minneapolis/Hennepin County CoC,1209265.0,3866.0,496.0,2187.0,31.969832915035166,4.101665061008132,1487.0,97653.0,1.4473755359649658,-0.2748802900314331
MN-501,St. Paul/Ramsey County CoC,531528.0,1640.0,410.0,569.0,30.854442287141975,7.713610571785494,1329.0,81568.0,1.4473755359649658,-0.6383038759231567
MN-502,Rochester/Southeast Minnesota CoC,716694.0,608.0,121.0,270.0,8.483397377402351,1.6883077017527703,1044.4792032026821,81802.0349810084,1.7329619168606314,0.3612095159730106
MN-503,"Dakota, Anoka, Washington,Â Scott, Carver Counties CoC",1253072.0,758.0,242.0,327.0,6.049133649143863,1.931253750782078,1552.1489919169408,109706.64027500415,1.4473755359649658,0.10080705277581574
MN-504,Northeast Minnesota CoC,125426.0,113.0,51.0,34.0,9.009296318147753,4.066142586066685,953.7095153570637,71700.58461440934,2.0149717330932617,-0.47235092520713806
MN-505,St. Cloud/Central Minnesota CoC,726642.0,881.0,339.0,309.0,12.124264768620588,4.665295977936866,1083.4116595259154,86648.73983543727,1.8369615172187033,-0.3709700526858804
MN-506,Northwest Minnesota CoC,170266.0,260.0,35.0,136.0,15.270224237369764,2.055607108876699,889.7835483508755,71628.21491510599,,-0.08561837547085231
MN-508,Moorhead/West Central Minnesota CoC,239644.0,184.0,10.0,97.0,7.678055782744405,0.4172856403665437,909.2211388486418,75133.56047362296,5.975259780883789,0.5462423538007194
MN-509,Duluth/St. Louis County CoC,200353.0,736.0,376.0,178.0,36.735162438296406,18.76687646304273,1013.0,70069.0,2.0149717330932617,0.15783514082431793
MN-511,Southwest Minnesota CoC,277978.0,155.0,4.0,81.0,5.575980833015563,0.14389627956169193,840.8322109908374,73366.43152755589,4.645672798156738,-0.33543282252626644
MO-500,St. Louis County CoC,1000560.0,452.0,92.0,161.0,4.517470216678659,0.9194850883505238,1209.0,82936.0,2.3558263778686523,-0.6452643275260925
MO-501,St. Louis City CoC,316030.0,1235.0,154.0,302.0,39.0785684903332,4.8729550991994435,997.0,56160.0,2.3558263778686523,
MO-503,"St. Charles City & County, Lincoln, Warren Counties CoC",467432.0,578.0,157.0,312.0,12.365434972359616,3.3587773194817645,1292.8164710773183,101107.89122693868,2.3558263778686523,0.05350800874739609
MO-600,"Springfield/Greene, Christian, Webster Counties CoC",404577.0,621.0,173.0,175.0,15.349364892220764,4.276071056931067,985.13346230454,67047.13473293802,3.5972418785095215,-0.2098880261182785
MO-602,"Joplin/Jasper, Newton Counties CoC",176117.0,292.0,129.0,55.0,16.579887234054635,7.324676209565232,922.1616316574061,62521.248277544386,6.396074295043945,
MO-603,"St. Joseph/Andrew, Buchanan, DeKalb Counties CoC",119468.0,268.0,81.0,79.0,22.43278534837781,6.780058258278367,903.2565661413754,65061.57680718876,7.939645767211914,-0.9478196416453357
MO-604,"Kansas City (MO&KS), Independence, Leeâs Summit/Jackson, Wyandotte Counties CoC",,,,,,,1196.5446533351953,71395.26271435113,3.190805196762085,-0.9452342987060547
MO-604a,"Kansas City, Independence, Lee’s Summit/Jackson, Wyandotte Counties, MO & KS",,2181.0,876.0,508.0,,,,,,
MO-606,Missouri Balance of State CoC,2735762.0,1911.0,875.0,580.0,6.985256758446093,3.1983776366511414,880.0980917889452,66510.60435196132,3.925506304117065,-0.5219290115439074
MP-500,Northern Mariana Islands CoC,,,,,,,,,,
MS-500,"Jackson/Rankin, Madison Counties CoC",570931.0,273.0,113.0,15.0,4.781663633608965,1.979223408783198,1117.2532054315968,65440.788746028375,3.0016486644744873,0.1452547821516349
MS-501,Mississippi Balance of State CoC,1936338.0,469.0,219.0,77.0,2.422097794909773,1.1310008893075487,896.7008450692258,54332.04025775328,2.084603518797776,0.09492235863777235
MS-503,Gulf Port/Gulf Coast Regional CoC,481923.0,299.0,154.0,75.0,6.204310647136576,3.195531236317835,1054.2326563179174,62104.12061632022,,0.3169053355874241
MT-500,Montana Statewide CoC,1023391.0,2008.0,576.0,542.0,19.621044156143643,5.628347327658735,1073.7312725237828,72866.30184935646,3.065341103068708,1.0910006491681459
NC-500,Winston-Salem/Forsyth County CoC,364691.0,627.0,234.0,188.0,17.192637054383027,6.416390862401321,1098.0,67165.0,,0.23528198897838593
NC-501,Asheville/Buncombe County CoC,250112.0,739.0,219.0,79.0,29.54676305015353,8.756077277379735,1362.0,74436.0,1.5458176136016846,0.43198779225349426
NC-502,Durham City & County CoC,294618.0,405.0,172.0,170.0,13.746614259821193,5.83806827824505,1508.0,82316.0,,
NC-503,North Carolina Balance of State CoC,5053002.0,4180.0,2127.0,1254.0,8.272310202924913,4.2093788999094,1026.8205001450215,67105.85601325282,2.6806892795434365,-0.10877689977371742
NC-504,"Greensboro, High Point CoC",511815.0,665.0,234.0,168.0,12.992975977648173,4.571964479352891,1163.0,68642.0,3.0958704948425293,-0.3469673693180084
NC-505,Charlotte/Mecklenburg County CoC,1011774.0,2095.0,384.0,645.0,20.706205140673706,3.7953139732786174,1627.0,87005.0,3.0920333862304688,-0.908707320690155
NC-506,"Wilmington/Brunswick, New Hanover, Pender Counties CoC",391955.0,593.0,319.0,128.0,15.129287800895511,8.13868939036369,1349.8206914350376,76547.49771367187,,-0.23445113003253937
NC-507,Raleigh/Wake County CoC,998576.0,992.0,141.0,269.0,9.934146224223294,1.412010703241416,1623.0,105768.0,2.1094141006469727,0.2232988178730011
NC-509,"Gastonia/Cleveland, Gaston, Lincoln Counties CoC",388649.0,466.0,216.0,121.0,11.990253416321668,5.557714029883005,1066.829465593997,68082.7992570954,3.0920333862304688,0.24693122506141663
NC-511,Fayetteville/Cumberland County CoC,325841.0,380.0,253.0,86.0,11.662129689020105,7.764523187689702,1222.0,61291.0,2.7050788402557373,-0.03375085070729256
NC-513,Chapel Hill/Orange County CoC,139807.0,148.0,33.0,32.0,10.586022159119358,2.3603968327766136,1496.0,90089.0,,
NC-516,Northwest North Carolina CoC,209988.0,336.0,191.0,90.0,16.00091433796217,9.095757852829685,868.3614889081941,53987.42611713213,,1.0563408136367798
ND-500,North Dakota Statewide CoC,736162.0,865.0,190.0,219.0,11.750131085277426,2.5809536487892606,930.8834897769102,76739.26456696325,4.937839801846983,-0.3467177924869217
NE-500,Nebraska Balance of State CoC,893187.0,612.0,30.0,210.0,6.851868645647553,0.33587591400233097,875.6848770291045,71769.02039191284,3.045356925623474,-0.492073647557457
NE-501,"Omaha, Council Bluffs CoC",808911.0,1609.0,224.0,309.0,19.890939794365515,2.7691550739203694,1211.3864277538742,84805.81328207508,3.470304012298584,-0.40138660823657585
NE-502,Lincoln CoC,251662.0,499.0,47.0,181.0,19.82818224443897,1.867584299576416,1085.0,74793.0,2.623462438583374,
NH-500,New Hampshire Balance of State CoC,922555.0,1258.0,387.0,348.0,13.636043379527509,4.19487185045878,1428.8761267540192,98108.68256667595,0.8581064939498901,-0.23684637081490573
NH-501,Manchester CoC,110231.0,627.0,159.0,204.0,56.88055084322922,14.424254520053342,1623.0,103545.0,,-0.21760182082653046
NH-502,Nashua/Hillsborough County CoC,294717.0,360.0,33.0,177.0,12.215108052809985,1.1197182381742485,1623.0,103545.0,,-0.21760182082653046
NJ-500,Atlantic City & County CoC,274026.0,427.0,168.0,74.0,15.582462977965594,6.130805106084824,1376.0,78050.0,,1.2792271375656128
NJ-501,Bergen County CoC,930310.0,303.0,40.0,105.0,3.2569788565101954,0.4299642054798938,1914.0,124884.0,0.7588299512863159,1.801362156867981
NJ-502,Burlington County CoC,450236.0,1054.0,60.0,536.0,23.409945006618752,1.332634440604483,1745.0,108111.0,1.6450508832931519,-0.009199189953505993
NJ-503,"Camden City & County/Gloucester, Cape May, Cumberland Counties CoC",1053579.0,1359.0,234.0,430.0,12.89889035373712,2.221000988060696,1417.9017346647488,90583.02008578632,1.6769164672089498,1.9052283595187023
NJ-504,Newark/Essex County CoC,792586.0,2451.0,284.0,721.0,30.924088994758925,3.583207374341712,1531.0,80789.0,0.7588299512863159,0.8744698762893677
NJ-506,"Jersey City, Bayonne/Hudson County CoC",668526.0,1168.0,212.0,350.0,17.471272620660976,3.171155646900794,1894.0,91795.0,0.7588299512863159,
NJ-507,New Brunswick/Middlesex County CoC,831852.0,689.0,149.0,280.0,8.282723369060841,1.7911840086938544,1871.0,111549.0,0.7588299512863159,1.940077781677246
NJ-508,Monmouth County CoC,627532.0,497.0,69.0,197.0,7.919914840996157,1.099545521184577,1827.0,124845.0,0.7588299512863159,-0.5144909024238586
NJ-509,Morris County CoC,498215.0,680.0,91.0,247.0,13.64872595164738,1.8265206788233996,1904.0,137326.0,0.7588299512863159,0.9510898590087891
NJ-510,Lakewood Township/Ocean County CoC,586166.0,553.0,37.0,243.0,9.43418758508682,0.631220507501288,1755.0,89863.0,0.7588299512863159,0.9564805030822754
NJ-511,Paterson/Passaic County CoC,507204.0,710.0,94.0,191.0,13.998312316148926,1.8532976869267592,1621.0,87522.0,0.7588299512863159,
NJ-512,Salem County CoC,64504.0,83.0,61.0,24.0,12.86741907478606,9.456777874240357,1253.0,79960.0,1.6450508832931519,
NJ-513,Somerset County CoC,331686.0,454.0,1.0,154.0,13.687644338319977,0.030148996339911843,2033.0,140374.0,0.7588299512863159,0.8195028305053711
NJ-514,Trenton/Mercer County CoC,371101.0,934.0,147.0,428.0,25.168350395175434,3.9611857688338215,1623.0,100645.0,1.881797194480896,2.0642476081848145
NJ-515,Elizabeth/Union County CoC,550436.0,996.0,70.0,434.0,18.094746709880894,1.2717191462767696,1730.0,103202.0,0.7588299512863159,
NJ-516,"Warren, Sussex, Hunterdon Counties CoC",377497.0,404.0,50.0,154.0,10.702071804544142,1.3245138371960572,1568.8861267372602,120386.91337224934,1.0750461505306237,1.22383022197287
NM-500,Albuquerque CoC,524815.0,2740.0,1231.0,490.0,52.20887360307918,23.455884454522067,1144.0,69473.0,2.112380027770996,
NM-501,New Mexico Balance of State CoC,1557854.0,1891.0,1011.0,397.0,12.13849308086637,6.489696723826494,1049.7849104353359,63631.72264414822,2.1344391710185673,-0.015400519060811666
NV-500,Las Vegas/Clark County CoC,2070153.0,7906.0,4202.0,1485.0,38.19041394524946,20.298016620027603,1626.0,76472.0,1.3854960203170776,
NV-501,"Reno, Sparks/Washoe County CoC",439914.0,1760.0,363.0,162.0,40.00781971021609,8.251612815232068,1608.0,88096.0,1.3864644765853882,1.0688276290893555
NV-502,Nevada Balance of State CoC,329105.0,440.0,349.0,55.0,13.369593290895004,10.604518314823537,1245.9084289003645,77749.25837189547,1.3864644765853882,0.1580601930618286
NY-500,"Rochester, Irondequoit, Greece/Monroe County CoC",749236.0,1056.0,80.0,415.0,14.094357452124566,1.067754352433679,1173.0,76382.0,1.403616189956665,-0.6736645102500916
NY-501,"Elmira/Steuben, Allegany, Livingston, Chemung, Schuyler Counties CoC",316551.0,686.0,38.0,270.0,21.671073539492845,1.2004384759485833,926.3626268466277,66583.17910046053,2.6345620417977487,0.11037952999682263
NY-503,Albany City & County CoC,307891.0,1011.0,173.0,325.0,32.83629596188261,5.6188716136554815,1313.0,85333.0,1.700387954711914,0.9108928442001343
NY-504,Cattaraugus County CoC,,,,,,,770.0,59540.0,,0.39986443519592285
NY-505,"Syracuse, Auburn/Onondaga, Oswego, Cayuga Counties CoC",667346.0,1192.0,52.0,567.0,17.86179882699529,0.7792059890971101,1064.1893917950447,74544.23700661263,2.2087793350219727,0.18973151245686437
NY-507,Schenectady City & County CoC,154845.0,362.0,18.0,134.0,23.378216926604026,1.1624527753560012,1194.0,79623.0,1.700387954711914,
NY-508,"Buffalo, Niagara Falls/Erie, Niagara, Orleans, Genesee, Wyoming Counties CoC",1273493.0,1549.0,21.0,523.0,12.163396265232711,0.16490078861839053,1036.2525803900048,72013.36666752245,1.812975909528651,-0.19800459794283606
NY-510,Ithaca/Tompkins County CoC,104268.0,210.0,16.0,22.0,20.140407411669926,1.5345072313653279,1411.0,74024.0,,-0.4546927213668823
NY-511,"Binghamton, Union Town/Broome, Otsego, Chenango, Delaware, Cortland, Tioga Counties CoC",452488.0,800.0,68.0,208.0,17.68002687364085,1.5028022842594722,937.2939326950028,65485.7961930724,2.2594265937805176,-0.459698137901436
NY-512,Troy/Rensselaer County CoC,159959.0,270.0,25.0,164.0,16.879325327115072,1.5629004932513957,1217.0,87915.0,1.700387954711914,-0.3623593747615814
NY-513,"Wayne, Ontario, Seneca, Yates Counties CoC",261466.0,426.0,0.0,157.0,16.292749344082978,0.0,1022.1045057471264,76618.67118773947,1.403616189956665,-0.18596010978831162
NY-514,"Jamestown, Dunkirk/Chautauqua County CoC",131748.0,219.0,6.0,115.0,16.62264322798069,0.4554148829583751,812.0,58351.0,2.8684937953948975,-0.2493235319852829
NY-516,Clinton County CoC,,,,,,,1003.0,71224.0,,-0.2697409987449646
NY-518,"Utica, Rome/Oneida, Madison Counties CoC",308074.0,369.0,104.0,147.0,11.977641735427202,3.375812304835851,939.2136753709043,71339.90181746321,2.6597745091651275,-0.615286581759211
NY-519,"Columbia, Greene Counties CoC",109929.0,158.0,12.0,29.0,14.372913425938561,1.0916136779193844,1148.1502548175727,79962.54048051314,,-0.8427191376686096
NY-520,"Franklin, Essex Counties CoC",89605.0,56.0,0.0,10.0,6.249651247140227,0.0,883.2125398893257,68027.74323823638,,0.21116323743428844
NY-522,"Jefferson, Lewis, St. Lawrence Counties CoC",256602.0,200.0,31.0,37.0,7.794171518538437,1.2080965853734578,1002.6175880870966,65015.24719033403,,-1.3567962869212946
NY-523,"Glens Falls, Saratoga Springs/Saratoga, Washington, Warren, Hamilton Counties CoC",357002.0,529.0,14.0,180.0,14.817844157735811,0.3921546658001916,1276.9606157894168,91912.49804283564,2.678740618287633,-0.13104881039848904
NY-525,New York Balance of State,,948.0,64.0,329.0,,,,,,
NY-600,New York City CoC,8461961.0,140134.0,4397.0,87455.0,165.60463939741626,5.196195066368186,1868.665118194064,82240.97680850803,0.7588299512863159,
NY-601,Poughkeepsie/Dutchess County CoC,295905.0,705.0,47.0,328.0,23.825214173467838,1.5883476115645225,1582.0,99478.0,,0.08666514605283737
NY-602,"Newburgh, Middletown/Orange County CoC",376242.0,779.0,113.0,412.0,20.704759170959118,3.003386118508832,1680.0,97178.0,,0.4374142587184906
NY-603,"Nassau, Suffolk Counties CoC",2854931.0,4002.0,209.0,2320.0,14.017851920063917,0.7320667294586104,2253.5722094147523,138070.53290690223,0.7588299512863159,1.5195613714862417
NY-604,"Yonkers, Mount Vernon/Westchester County CoC",972484.0,1611.0,50.0,988.0,16.5658252475105,0.5141472764590471,1950.436246463935,118999.3220994096,0.7588299512863159,1.2086762189865112
NY-606,Rockland County CoC,322642.0,130.0,36.0,38.0,4.029233639761718,1.1157877771647833,1901.0,109959.0,0.7588299512863159,2.539504051208496
NY-607,Sullivan County CoC,,,,,,,1106.0,72382.0,,-0.8243056535720825
NY-608,Kingston/Ulster County CoC,180505.0,617.0,64.0,284.0,34.18187861832082,3.545608154898756,1425.0,86271.0,,0.9762427806854248
OH-500,Cincinnati/Hamilton County CoC,809554.0,1031.0,70.0,258.0,12.735407397159424,0.864673635112667,1075.1445222563038,72528.89281944383,2.460951328277588,-0.07664433763556751
OH-501,Toledo/Lucas County CoC,434800.0,563.0,12.0,221.0,12.948482060717572,0.27598896044158233,934.0,62224.0,2.2091424465179443,-1.1685115098953247
OH-502,Cleveland/Cuyahoga County CoC,1258710.0,1637.0,115.0,421.0,13.00537852245553,0.9136337996838033,1060.0,64468.0,1.0249236822128296,-0.672866702079773
OH-503,Columbus/Franklin County CoC,1272193.0,2380.0,514.0,760.0,18.70785328955591,4.040267475139386,1301.3842825296147,76215.4532380735,2.713189125061035,-0.04501265349973274
OH-504,Youngstown/Mahoning County CoC,233015.0,253.0,30.0,76.0,10.857670107074652,1.2874707636847416,791.0,56942.0,2.6291556358337402,0.08293437957763672
OH-505,"Dayton, Kettering/Montgomery County CoC",536856.0,781.0,92.0,172.0,14.547662687946115,1.7136811360960853,1028.8548310004073,66513.90322448035,3.6953740911296213,-0.747553622777134
OH-506,Akron/Summit County CoC,541372.0,695.0,211.0,141.0,12.837752968384033,3.897504858027382,1026.0,71622.0,2.5854928493499756,-0.7332900762557983
OH-507,Ohio Balance of State CoC,6125679.0,4089.0,1270.0,1173.0,6.675178376144098,2.073239554341649,980.8936651265208,76176.17792336337,2.385540645667346,-0.2682569371146147
OH-508,"Canton, Massillon, Alliance/Stark County CoC",374762.0,330.0,65.0,135.0,8.805588613573414,1.7344341208553695,909.0,67934.0,3.0307304859161377,-0.6823269724845886
OK-500,North Central Oklahoma CoC,314238.0,267.0,87.0,49.0,8.496744505756784,2.7686021423252436,889.092565034805,59233.667922006156,3.535891763909872,1.6797293424606323
OK-501,Tulsa City & County CoC,683162.0,1389.0,534.0,228.0,20.331927127094307,7.816594014304075,1099.5457762830335,69324.00104380348,3.3535187244415283,0.347470223903656
OK-502,Oklahoma City CoC,621561.0,1838.0,433.0,316.0,29.57070987401076,6.966331542680445,1140.4737401417283,70151.3253964652,3.2940452098846436,-0.05750923976302147
OK-503,Oklahoma Balance of State CoC,661323.0,148.0,69.0,33.0,2.2379381935907268,1.0433630767416224,1017.6783225963602,68685.55527272414,3.2940452098846436,-0.16878964440785113
OK-504,Norman/Cleveland County CoC,200143.0,240.0,91.0,46.0,11.991426130316823,4.546749074411796,1167.0,77068.0,3.2940452098846436,
OK-505,Northeast Oklahoma CoC,440915.0,293.0,217.0,61.0,6.645271764399034,4.92158352516925,913.3522781042143,63632.72446634706,3.3541842184615565,-0.715610682964325
OK-506,Southwest Oklahoma Regional CoC,408443.0,474.0,351.0,52.0,11.605046481393977,8.593610369133513,889.7137914809311,63996.23984893512,3.2940452098846436,0.13280988052172749
OK-507,Southeastern Oklahoma Regional CoC,541012.0,818.0,434.0,275.0,15.119812499537902,8.022003208801284,832.4337867450042,54773.784914910386,3.3540269187289984,-0.8372696316058817
OR-500,"Eugene, Springfield/Lane County CoC",360273.0,3085.0,2096.0,425.0,85.62950873365475,58.17810382682022,1355.0,71544.0,1.2243577241897583,0.09612616896629333
OR-501,"Portland, Gresham/Multnomah County CoC",778193.0,7384.0,3944.0,1425.0,94.88648702828218,50.68151473991671,1646.0,88766.0,1.0669581890106201,-0.2513214647769928
OR-502,"Medford, Ashland/Jackson County CoC",210916.0,1163.0,556.0,219.0,55.14043505471373,26.36120540878833,1358.0,73999.0,1.3868299722671509,0.2710484564304352
OR-503,Central Oregon CoC,214452.0,1799.0,1244.0,365.0,83.8882360621491,58.0083188778841,1652.9291349577602,90045.16534012894,,-0.24191299080848694
OR-504,"Salem/Marion, Polk Counties CoC",,1755.0,878.0,172.0,,,,,,
OR-505,Oregon Balance of State CoC,1459378.0,6462.0,5065.0,964.0,44.2791380985598,34.70656677022677,1241.4958909851637,72624.40064913589,1.6715329165898545,0.4113656573205597
OR-506,"Hillsboro, Beaverton/Washington County CoC",564088.0,874.0,230.0,299.0,15.494036391485016,4.077377997759215,1849.0,107772.0,1.0669581890106201,1.0826443433761597
OR-507,Clackamas County CoC,394967.0,353.0,178.0,83.0,8.937455534259824,4.506705623507787,1758.0,103517.0,1.0669581890106201,0.13340763747692108
PA-500,Philadelphia CoC,1559938.0,5191.0,976.0,1469.0,33.276963571629125,6.256658918495479,1397.0,61953.0,1.6450508832931519,
PA-501,Harrisburg/Dauphin County CoC,271962.0,382.0,56.0,110.0,14.046079967054222,2.0591111993587337,1217.0,76242.0,1.629293441772461,0.21455565094947815
PA-502,"Upper Darby, Chester, Haverford/Delaware County CoC",562316.0,575.0,107.0,354.0,10.225567118844207,1.9028446638544874,1372.0,89546.0,1.6450508832931519,0.40444043278694153
PA-503,"Wilkes-Barre, Hazleton/Luzerne County CoC",318917.0,167.0,7.0,62.0,5.236472185552981,0.21949284610102313,1004.0,63691.0,1.6165924072265625,0.17031610012054443
PA-504,"Lower Merion, Norristown, Abington/Montgomery County CoC",815876.0,467.0,101.0,129.0,5.723909025391114,1.2379332153415468,1683.0,113915.0,1.6450508832931519,0.6862558126449585
PA-505,Chester County CoC,512028.0,213.0,19.0,101.0,4.1599287538962715,0.3710734569203247,1763.0,127208.0,1.6450508832931519,0.12230070680379868
PA-506,Reading/Berks County CoC,414097.0,761.0,232.0,187.0,18.377336710963856,5.602552059058627,1181.0,79777.0,2.0302741527557373,0.29787540435791016
PA-508,Scranton/Lackawanna County CoC,213006.0,182.0,49.0,68.0,8.544360252762834,2.3004046834361476,1007.0,66223.0,1.6165924072265625,0.5428595542907715
PA-509,Eastern Pennsylvania CoC,3104479.0,2262.0,492.0,833.0,7.286246742206986,1.5848069837161083,1102.43501181979,74770.36923968041,1.8894698840245376,0.2505946179637568
PA-510,Lancaster City & County CoC,533110.0,597.0,122.0,210.0,11.198439346476338,2.288458291909737,1357.0,86959.0,2.2425003051757812,0.04024063050746918
PA-511,"Bristol, Bensalem/Bucks County CoC",626220.0,407.0,91.0,167.0,6.499313340359619,1.453163424994411,1605.0,114764.0,1.6450508832931519,0.546080470085144
PA-512,York City & County CoC,440604.0,391.0,76.0,137.0,8.874181804976805,1.7249049032691486,1193.0,84829.0,1.9949544668197632,0.18059982359409332
PA-600,"Pittsburgh, McKeesport, Penn Hills/Allegheny County CoC",1230360.0,1164.0,169.0,329.0,9.460645664683506,1.3735817159205437,1153.0,78548.0,1.2049909830093384,-0.041104257106781006
PA-601,Western Pennsylvania CoC,1732726.0,774.0,49.0,253.0,4.466949765860269,0.2827913934459343,861.9207839671374,69433.30127163061,1.2049909830093384,-0.4462902084896366
PA-603,Beaver County CoC,169205.0,101.0,13.0,39.0,5.96909074790934,0.7682988091368459,890.0,71089.0,1.2049909830093384,-0.057333823293447495
PA-605,Erie City & County CoC,279133.0,454.0,76.0,116.0,16.264648035166033,2.722716411173168,904.0,63354.0,1.6713277101516724,0.6321045756340027
PR-502,Puerto Rico Balance of Commonwealth CoC,,1067.0,676.0,135.0,,,,,,
PR-503,South-Southeast Puerto Rico CoC,,1029.0,889.0,34.0,,,,,,
RI-500,Rhode Island Statewide CoC,1054491.0,2442.0,534.0,877.0,23.158092387701746,5.064054600750505,1356.8178001290614,88038.83522342057,1.6055467128753662,0.5918544634940158
SC-500,Charleston/Low Country CoC,988953.0,476.0,285.0,97.0,4.813171101154453,2.8818356382962587,1565.4628074500406,83039.43971936763,1.1964433193206787,-0.11636793422450246
SC-501,"Greenville, Anderson, Spartanburg/Upstate CoC",1467009.0,1669.0,615.0,344.0,11.376889984996684,4.192203319816034,1068.187480450326,67051.46543001894,2.7360162679254447,-0.7116345486226341
SC-502,Columbia/Midlands CoC,1481381.0,1423.0,379.0,264.0,9.605901520270614,2.5584235250755882,1147.0688364971218,70958.46892864387,2.8884557995594173,-0.07933211731446028
SC-503,"Myrtle Beach, Sumter City & County CoC",897262.0,1025.0,567.0,185.0,11.423642146886863,6.319224485155953,1052.0895510834293,58761.48164436066,2.458019385824908,0.34243793130502903
SD-500,South Dakota Statewide CoC,851058.0,1338.0,227.0,294.0,15.721607693012698,2.667268270787655,941.2014308573242,74625.29403875569,4.397248880374037,0.02550309895585582
TN-500,Chattanooga/Southeast Tennessee CoC,679721.0,975.0,680.0,163.0,14.344120602423642,10.004104625280078,1075.934640369888,69261.18810531562,2.1130125522613525,0.24527796415800904
TN-501,Memphis/Shelby County CoC,936990.0,784.0,158.0,284.0,8.367218433494488,1.6862506536889401,1232.0,63767.0,1.7646465301513672,1.0121443271636963
TN-502,Knoxville/Knox County CoC,448164.0,899.0,314.0,58.0,20.05962103158665,7.0063637418445035,1261.0,74222.0,1.4200676679611206,
TN-503,Central Tennessee CoC,1123984.0,276.0,95.0,53.0,2.455550968697063,0.8452077609645688,1326.4268791118513,87354.05816749764,2.2373788356781006,0.6421233382186691
TN-504,Nashville-Davidson County CoC,667885.0,2094.0,725.0,302.0,31.352702935385583,10.855162191095772,1582.0,77853.0,2.2373788356781006,0.1047571673989296
TN-506,Upper Cumberland CoC,563185.0,594.0,322.0,127.0,10.547155907916581,5.717481822136598,991.2297430414652,67601.05102342147,2.0336984623806025,-0.5065626786217434
TN-507,Jackson/West Tennessee CoC,670222.0,819.0,765.0,179.0,12.219831637875211,11.41412845296036,861.3551972723135,59135.780486389835,3.8569086109935515,0.5426753716382697
TN-509,Appalachian Regional CoC,506941.0,688.0,415.0,125.0,13.571599061823763,8.18635699223381,855.1099216149264,57617.22111320873,1.3518707752227783,-0.1626314113047761
TN-510,Murfreesboro/Rutherford County CoC,290289.0,367.0,270.0,39.0,12.642573435438477,9.301075824437026,1502.0,85470.0,2.2373788356781006,0.5040128231048584
TN-512,"Morristown/Blount, Sevier, Campbell, Cocke Counties CoC",660628.0,784.0,604.0,310.0,11.867495776745763,9.14281562392148,943.5759642200765,64586.39074620032,1.4200676679611204,0.01297904597525244
TX-500,San Antonio/Bexar County CoC,1885702.0,3398.0,914.0,996.0,18.019814371517874,4.847001275917403,1356.6115830399704,72661.98438418876,2.982037544250488,0.0513886357167522
TX-503,Austin/Travis County CoC,1221863.0,2975.0,1266.0,841.0,24.348065208619953,10.361227077012726,1747.6712127364383,100439.07027280166,3.002908945083618,-0.011327734127668982
TX-600,"Dallas City & County, Irving CoC",3624796.0,3718.0,1086.0,805.0,10.257128952912108,2.996030673174435,1659.7955881070943,91615.72570796793,2.175319910049438,0.029920692608370707
TX-601,"Fort Worth, Arlington/Tarrant County CoC",2056662.0,2463.0,967.0,422.0,11.975715990279394,4.701793488672422,1542.0771952216878,85759.94218415636,2.1753199100494385,0.21018891982784996
TX-603,El Paso City & County CoC,833592.0,913.0,189.0,288.0,10.952600312862886,2.26729623124982,1079.0,59806.0,2.3477885723114014,0.25620269775390625
TX-604,Waco/McLennan County CoC,356567.0,229.0,56.0,93.0,6.422355405856403,1.5705323263229631,1086.331192936954,65422.50146841147,,0.033570022109025204
TX-607,Texas Balance of State CoC,10504126.0,10081.0,6368.0,2024.0,9.597181145770719,6.062379678233106,1229.6343637840591,75693.86846380346,2.9555321279619697,0.19059566036791512
TX-611,Amarillo CoC,188456.0,540.0,263.0,70.0,28.653903298382644,13.955512161990066,1091.898640746456,67708.10058414025,3.4720654487609863,
TX-624,"Wichita Falls/Wise, Palo Pinto, Wichita, Archer Counties CoC",329699.0,272.0,71.0,55.0,8.249949196084915,2.153479385742753,1035.6010506608382,70775.99813072612,3.302910904296206,-0.5936225954336352
TX-700,"Houston, Pasadena, Conroe/Harris, Fort Bend, Montgomery Counties CoC",5628844.0,3280.0,1107.0,738.0,5.827128980657485,1.966656030971901,1471.6222548396804,82857.47244980677,2.3022217750549316,-0.2684108598914239
TX-701,"Bryan, College Station/Brazos Valley CoC",326128.0,118.0,52.0,7.0,3.61821125447677,1.594465976549085,1116.026662796143,62012.87037762253,,-0.8420353621429778
UT-500,Salt Lake City & County CoC,1097677.0,2404.0,413.0,567.0,21.900795953636635,3.7624911517686894,1591.7265362510166,97511.0351829514,0.7478417931857584,0.6100397592750297
UT-503,Utah Balance of State CoC,1224828.0,1260.0,499.0,323.0,10.287158686770715,4.074041416427449,1347.5170549108448,90747.9204108886,0.8099313419011446,0.42661865253215564
UT-504,Provo/Mountainland CoC,625922.0,205.0,96.0,56.0,3.275168471470886,1.5337374305424638,1587.2176625273937,103534.6542307441,1.217323899269104,0.8999458985981978
VA-500,"Richmond/Henrico, Chesterfield, Hanover Counties CoC",1050134.0,681.0,206.0,152.0,6.4848866906509075,1.961654417436251,1533.9138124286367,92616.28416530778,2.599609136581421,-0.7703885436058044
VA-501,"Norfolk/Chesapeake, Suffolk, Isle of Wight, Southampton Counties CoC",628710.0,670.0,123.0,170.0,10.65674158196943,1.956386887436179,1447.8360840526873,83371.01911963671,,-0.18410542607307434
VA-502,"Roanoke City & County, Salem CoC",278230.0,401.0,76.0,109.0,14.41253639075585,2.7315530316644505,1070.905148094652,69358.61767506553,2.026448965072632,0.4156818985939026
VA-503,Virginia Beach CoC,449733.0,311.0,83.0,76.0,6.915214138166424,1.8455394645267302,1714.0,92968.0,,1.5835198163986206
VA-504,Charlottesville CoC,244137.0,125.0,19.0,14.0,5.120076022888788,0.7782515554790957,1470.3768722925297,92881.23867355239,3.4359302520751953,
VA-505,"Newport News, Hampton/Virginia Peninsula CoC",484270.0,412.0,50.0,117.0,8.507650690730378,1.0324818799430069,1477.8545461423896,83319.82789888258,,0.0310222078114748
VA-507,Portsmouth CoC,96071.0,123.0,52.0,45.0,12.803031091588512,5.412663550915469,1300.0,60491.0,,
VA-508,Lynchburg CoC,258062.0,147.0,73.0,26.0,5.696305538979005,2.8287775805814106,959.898657305969,67701.89420314028,2.895918607711792,-0.31216299533843994
VA-513,"Harrisonburg, Winchester/Western Virginia CoC",359806.0,373.0,98.0,96.0,10.366697609267217,2.7236899884937995,1234.7028304335188,80029.94241030645,1.6058274507522583,0.036904157896243454
VA-514,"Fredericksburg/Spotsylvania, Stafford Counties CoC",351482.0,213.0,14.0,98.0,6.0600542844299286,0.3983134271456291,1802.5238283835001,119331.92795084926,1.6058274507522583,
VA-521,Virginia Balance of State CoC,1698956.0,1329.0,434.0,488.0,7.822450964003777,2.5545099461080807,998.0373270746477,66953.15606124605,2.1679517125010577,0.011932471987172382
VA-600,Arlington County CoC,226092.0,243.0,31.0,74.0,10.747837163632504,1.371123259558056,2322.0,142114.0,1.6058274507522583,
VA-601,Fairfax County CoC,1170104.0,1278.0,86.0,694.0,10.922106069204105,0.73497740371796,2274.281481643655,153059.860940759,1.6058274507522583,0.29573572630169315
VA-602,Loudoun County CoC,362435.0,303.0,129.0,92.0,8.360119745609557,3.5592589015961487,2386.0,181765.0,1.6058274507522583,0.9086600542068481
VA-603,Alexandria CoC,151473.0,187.0,18.0,84.0,12.345434499877866,1.1883305935711315,2089.0,119681.0,1.6058274507522583,1.028225064277649
VA-604,Prince William County CoC,500606.0,345.0,89.0,141.0,6.891647323443986,1.7778452515551153,2052.421139734696,129144.86561658166,1.6058274507522583,0.13736741444575296
VI-500,Virgin Islands CoC,,279.0,205.0,30.0,,,,,,
VT-500,Vermont Balance of State CoC,465739.0,2647.0,80.0,1037.0,56.834407253848184,1.717700257010901,1094.4493681758381,76989.7751975498,1.5618443489074707,-0.07113438261267542
VT-501,Burlington/Chittenden County CoC,160510.0,811.0,87.0,268.0,50.52644695034577,5.420223039062987,1646.0,96759.0,1.5618443489074707,0.18446792662143707
WA-500,Seattle/King County CoC,2085371.0,16868.0,9810.0,3701.0,80.88728576354039,47.0419891712314,2091.1892755555236,124674.61656307413,0.8818611502647399,0.5251118421350133
WA-501,Washington Balance of State CoC,2209995.0,7505.0,3459.0,1967.0,33.95935284921459,15.651619121310228,1388.838037781641,83873.27163875964,1.6143166426697466,-0.1645941978766825
WA-502,Spokane City & County CoC,485859.0,1993.0,443.0,348.0,41.02013135498159,9.117871645889034,1283.0,78582.0,1.644107699394226,-0.9651435017585754
WA-503,"Tacoma, Lakewood/Pierce County CoC",827075.0,2661.0,1216.0,483.0,32.17362391560621,14.702415137684007,1806.0,99564.0,0.88186115026474,0.7611771225929261
WA-504,Everett/Snohomish County CoC,758649.0,1161.0,625.0,263.0,15.303519809556198,8.238328924179694,1949.0,111246.0,0.88186115026474,0.6631317734718323
WA-507,Yakima City & County CoC,,,,,,,1109.0,70656.0,,0.10080479830503464
WA-508,Vancouver/Clark County CoC,458516.0,1366.0,669.0,472.0,29.791762991913043,14.590548639524028,1739.4075011562213,97203.00103650634,1.0669581890106201,1.1921963934842872
WI-500,Wisconsin Balance of State CoC,4087801.0,3201.0,341.0,1375.0,7.83061602069181,0.8341893355376155,1020.0582791551643,80119.37332549454,1.8659237368776482,0.05299622838896136
WI-501,Milwaukee City & County CoC,955306.0,885.0,61.0,245.0,9.264047331430977,0.6385388556127565,1101.0,64435.0,1.0286415815353394,-0.3384857177734375
WI-502,Racine City & County CoC,194873.0,227.0,19.0,76.0,11.648612173056298,0.974993970432025,1080.0,78096.0,1.7746771574020386,-0.18234296143054962
WI-503,Madison/Dane County CoC,516818.0,736.0,89.0,217.0,14.2409900583958,1.7220762434744918,1398.0,89975.0,2.2471561431884766,0.6703099012374878
WV-500,"Wheeling, Weirton Area CoC",145047.0,129.0,42.0,9.0,8.893668948685598,2.895613146083683,771.989135318685,57993.107939688125,3.1188864707946777,-1.834601879119873
WV-501,"Huntington/Cabell, Wayne Counties CoC",137860.0,278.0,70.0,41.0,20.16538517336428,5.077614971710431,920.6676470363552,56720.04339090777,1.810302972793579,
WV-503,"Charleston/Kanawha, Putnam, Boone, Clay Counties CoC",279057.0,335.0,142.0,28.0,12.004715882418287,5.088566135234021,902.882502142245,64125.71119870513,1.6237703479776653,-0.7050423622131348
WV-508,West Virginia Balance of State CoC,1284128.0,1037.0,534.0,109.0,8.075518951381794,4.158463953749159,864.9337925314658,60553.15036016952,2.322631951052586,-0.021488626095388614
WY-500,Wyoming Statewide CoC,583029.0,501.0,89.0,102.0,8.593054547886984,1.5265106881475878,1010.2087562264229,76890.41852379047,4.538107395172119,-0.5772250610436744
