year,month,mdr_sst_c
1870,1,25.381285956006767
1870,2,24.794382402707274
1870,3,24.81456852791878
1870,4,25.093451776649744
1870,5,25.75439932318105
1870,6,26.264162436548222
1870,7,26.66241962774958
1870,8,27.340795262267342
1870,9,27.764010152284264
1870,10,27.971895093062606
1870,11,27.523350253807106
1870,12,26.370524534686968
1871,1,25.257800338409474
1871,2,24.61903553299492
1871,3,24.87087986463621
1871,4,25.360947546531303
1871,5,25.95937394247039
1871,6,26.415160744500845
1871,7,26.761810490693737
1871,8,27.125719120135365
1871,9,27.302707275803723
1871,10,27.33944162436548
1871,11,27.10756345177665
1871,12,26.056125211505922
1872,1,25.003468697123523
1872,2,24.349137055837563
1872,3,24.627851099830796
1872,4,24.986785109983078
1872,5,25.59710659898477
1872,6,26.146328257191204
1872,7,26.48534686971235
1872,8,27.311285956006767
1872,9,27.67052453468697
1872,10,27.362419627749578
1872,11,26.86736040609137
1872,12,25.788375634517767
1873,1,25.011370558375635
1873,2,24.481065989847718
1873,3,24.430135363790185
1873,4,25.01578680203046
1873,5,25.420490693739424
1873,6,25.970389170896784
1873,7,26.502554991539764
1873,8,27.219340101522842
1873,9,27.627343485617597
1873,10,27.584077834179357
1873,11,27.041065989847716
1873,12,26.031945854483926
1874,1,25.174602368866328
1874,2,24.547681895093064
1874,3,24.715093062605753
1874,4,25.146785109983078
1874,5,25.886023688663283
1874,6,26.343840947546532
1874,7,26.655820642978
1874,8,27.179966159052455
1874,9,27.414060913705583
1874,10,27.287631133671745
1874,11,26.678595600676818
1874,12,25.755160744500845
1875,1,25.020439932318105
1875,2,24.661099830795262
1875,3,24.945566835871404
1875,4,25.148697123519458
1875,5,25.994043993231813
1875,6,26.35927241962775
1875,7,26.549915397631136
1875,8,27.144280879864638
1875,9,27.643451776649744
1875,10,27.607123519458547
1875,11,27.25269035532995
1875,12,26.0814551607445
1876,1,25.298037225042304
1876,2,24.61981387478849
1876,3,24.82725888324873
1876,4,25.063874788494076
1876,5,25.691793570219964
1876,6,26.22108291032149
1876,7,26.76455160744501
1876,8,27.378984771573606
1876,9,27.581725888324872
1876,10,27.75886632825719
1876,11,27.346615905245347
1876,12,26.417140439932318
1877,1,25.48502538071066
1877,2,25.27152284263959
1877,3,25.445262267343487
1877,4,25.879712351945855
1877,5,26.286429780033842
1877,6,26.806751269035534
1877,7,27.152876480541455
1877,8,27.701065989847717
1877,9,28.216091370558374
1877,10,28.110846023688666
1877,11,27.6090524534687
1877,12,26.669323181049073
1878,1,25.87901861252115
1878,2,25.496683587140442
1878,3,25.699103214890016
1878,4,26.178155668358713
1878,5,26.93467005076142
1878,6,27.315803722504228
1878,7,27.593807106598984
1878,8,28.116142131979696
1878,9,28.403857868020303
1878,10,28.30010152284264
1878,11,27.844822335025384
1878,12,27.03419627749577
1879,1,26.138747884940777
1879,2,25.21372250423012
1879,3,25.00285956006768
1879,4,25.37113367174281
1879,5,26.117445008460237
1879,6,26.5634179357022
1879,7,26.85776649746193
1879,8,27.169881556683585
1879,9,27.688172588832487
1879,10,27.583807106598982
1879,11,27.237834179357023
1879,12,26.496971235194586
1880,1,25.54226734348562
1880,2,25.050913705583756
1880,3,24.87507614213198
1880,4,25.257698815566837
1880,5,25.650321489001694
1880,6,26.102267343485618
1880,7,26.574128595600676
1880,8,27.145093062605753
1880,9,27.53808798646362
1880,10,27.65165820642978
1880,11,27.22661590524535
1880,12,26.405617597292725
1881,1,25.556954314720812
1881,2,25.252910321489004
1881,3,25.487783417935702
1881,4,25.862335025380712
1881,5,26.317664974619287
1881,6,26.688612521150596
1881,7,27.020829103214894
1881,8,27.446818950930624
1881,9,27.820744500846022
1881,10,27.574467005076144
1881,11,26.934433164128595
1881,12,25.99600676818951
1882,1,25.10695431472081
1882,2,24.69397631133672
1882,3,24.845093062605752
1882,4,25.300913705583756
1882,5,25.78600676818951
1882,6,26.269238578680202
1882,7,26.534247038917087
1882,8,27.13964467005076
1882,9,27.530693739424706
1882,10,27.577901861252116
1882,11,27.158950930626055
1882,12,26.21626057529611
1883,1,25.445313028764804
1883,2,24.771844331641287
1883,3,24.81279187817259
1883,4,25.2324703891709
1883,5,25.814839255499155
1883,6,26.385583756345177
1883,7,26.525465313028768
1883,8,27.095313028764803
1883,9,27.571319796954313
1883,10,27.420338409475466
1883,11,27.010998307952622
1883,12,26.04939086294416
1884,1,25.137715736040608
1884,2,24.384433164128595
1884,3,24.391082910321487
1884,4,24.976091370558375
1884,5,25.83131979695431
1884,6,26.49201353637902
1884,7,26.573807106598984
1884,8,27.395042301184436
1884,9,27.695143824027074
1884,10,27.506463620981386
1884,11,26.91590524534687
1884,12,26.167478849407786
1885,1,25.452047377326565
1885,2,24.934111675126907
1885,3,24.780439932318103
1885,4,25.02790186125212
1885,5,25.63773265651438
1885,6,26.226937394247038
1885,7,26.671522842639593
1885,8,27.44600676818951
1885,9,27.965786802030458
1885,10,27.928257191201354
1885,11,27.47321489001692
1885,12,26.506920473773267
1886,1,25.839509306260574
1886,2,25.270253807106602
1886,3,25.372554991539765
1886,4,25.80952622673435
1886,5,26.38739424703892
1886,6,26.819729272419625
1886,7,27.042944162436548
1886,8,27.449187817258885
1886,9,27.770270727580375
1886,10,27.591167512690355
1886,11,27.121810490693736
1886,12,26.18394247038917
1887,1,25.08881556683587
1887,2,24.675296108291032
1887,3,24.73404399323181
1887,4,25.19397631133672
1887,5,25.857258883248733
1887,6,26.486108291032153
1887,7,26.948798646362096
1887,8,27.479898477157363
1887,9,27.835972927241965
1887,10,27.862876480541455
1887,11,27.40891708967851
1887,12,26.543874788494076
1888,1,25.66756345177665
1888,2,25.230101522842638
1888,3,25.353214890016922
1888,4,25.633756345177666
1888,5,26.146446700507614
1888,6,26.75615905245347
1888,7,26.804805414551605
1888,8,27.418527918781724
1888,9,27.839678510998304
1888,10,28.179069373942472
1888,11,27.54773265651438
1888,12,26.510541455160748
1889,1,25.828917089678512
1889,2,25.385888324873093
1889,3,25.629915397631134
1889,4,25.94673434856176
1889,5,26.346734348561757
1889,6,26.627817258883248
1889,7,26.848764805414554
1889,8,27.400507614213197
1889,9,27.8534179357022
1889,10,27.765532994923856
1889,11,27.199255499153978
1889,12,26.06812182741117
1890,1,24.9465820642978
1890,2,24.528629441624368
1890,3,24.655566835871404
1890,4,24.89524534686971
1890,5,25.45326565143824
1890,6,26.00140439932318
1890,7,26.17944162436548
1890,8,26.65544839255499
1890,9,27.14947546531303
1890,10,27.33243654822335
1890,11,26.868629441624368
1890,12,25.99015228426396
1891,1,25.0814551607445
1891,2,24.73834179357022
1891,3,24.984822335025385
1891,4,25.526074450084604
1891,5,26.18856175972927
1891,6,26.730862944162435
1891,7,27.06456852791878
1891,8,27.588764805414552
1891,9,27.884467005076143
1891,10,27.766869712351944
1891,11,27.147580372250424
1891,12,26.272774957698815
1892,1,25.503604060913702
1892,2,25.157241962774957
1892,3,25.14585448392555
1892,4,25.363908629441624
1892,5,25.70964467005076
1892,6,26.162351945854486
1892,7,26.4624703891709
1892,8,27.022064297800338
1892,9,27.553553299492386
1892,10,27.41455160744501
1892,11,27.116717428087988
1892,12,26.178358714043995
1893,1,25.46719120135364
1893,2,24.846108291032152
1893,3,24.96912013536379
1893,4,25.238697123519458
1893,5,25.844839255499156
1893,6,26.431945854483924
1893,7,27.01470389170897
1893,8,27.459746192893398
1893,9,27.73928934010152
1893,10,27.731065989847718
1893,11,27.30866328257191
1893,12,26.224027072758034
1894,1,25.12477157360406
1894,2,24.45153976311337
1894,3,24.324686971235195
1894,4,24.723468697123522
1894,5,25.27886632825719
1894,6,25.680998307952624
1894,7,26.208781725888326
1894,8,26.786514382402707
1894,9,27.185956006768187
1894,10,27.22796954314721
1894,11,26.77284263959391
1894,12,26.0385448392555
1895,1,25.29648054145516
1895,2,24.843874788494077
1895,3,24.760913705583757
1895,4,25.011827411167516
1895,5,25.457901861252118
1895,6,26.07450084602369
1895,7,26.470490693739425
1895,8,27.228071065989848
1895,9,27.804991539763115
1895,10,27.924585448392556
1895,11,27.53585448392555
1895,12,26.54379018612521
1896,1,25.58279187817259
1896,2,24.97507614213198
1896,3,25.032825719120137
1896,4,25.435719120135364
1896,5,26.076159052453466
1896,6,26.629881556683586
1896,7,26.95604060913706
1896,8,27.49786802030457
1896,9,28.005719120135364
1896,10,28.084213197969543
1896,11,27.60477157360406
1896,12,26.5890524534687
1897,1,25.605380710659897
1897,2,25.129983079526227
1897,3,25.245008460236885
1897,4,25.565532994923856
1897,5,26.010067681895094
1897,6,26.580033840947543
1897,7,26.950270727580374
1897,8,27.563181049069374
1897,9,27.886243654822334
1897,10,27.94989847715736
1897,11,27.211082910321487
1897,12,26.27560067681895
1898,1,25.383705583756345
1898,2,24.913604060913702
1898,3,24.97304568527919
1898,4,25.290541455160746
1898,5,25.74796954314721
1898,6,26.53979695431472
1898,7,26.82617597292724
1898,8,27.46269035532995
1898,9,27.656328257191202
1898,10,27.886632825719122
1898,11,27.234974619289343
1898,12,26.27664974619289
1899,1,25.217512690355328
1899,2,24.632741116751266
1899,3,24.715177664974618
1899,4,25.177055837563454
1899,5,25.945752961082913
1899,6,26.336548223350256
1899,7,26.651793570219965
1899,8,27.434974619289342
1899,9,27.7431641285956
1899,10,28.074822335025384
1899,11,27.608612521150594
1899,12,26.87626057529611
1900,1,25.89942470389171
1900,2,25.369187817258886
1900,3,25.292825719120138
1900,4,25.620270727580372
1900,5,26.026108291032152
1900,6,26.42455160744501
1900,7,26.841996615905245
1900,8,27.367428087986465
1900,9,27.838392554991536
1900,10,27.714805414551606
1900,11,27.32211505922166
1900,12,26.400169204737733
1901,1,25.577529610829103
1901,2,25.390879864636208
1901,3,25.33983079526227
1901,4,25.6943654822335
1901,5,26.226446700507612
1901,6,26.457191201353638
1901,7,26.729746192893398
1901,8,27.305160744500846
1901,9,27.58891708967851
1901,10,27.607326565143826
1901,11,27.130084602368864
1901,12,26.157292724196278
1902,1,25.22944162436548
1902,2,24.88284263959391
1902,3,25.07456852791878
1902,4,25.171810490693737
1902,5,25.80756345177665
1902,6,26.11382402707276
1902,7,26.339966159052455
1902,8,27.144128595600677
1902,9,27.660304568527916
1902,10,27.745972927241965
1902,11,27.046074450084603
1902,12,26.25901861252115
1903,1,25.458477157360406
1903,2,25.084111675126906
1903,3,24.488934010152285
1903,4,25.278307952622672
1903,5,25.83566835871404
1903,6,26.29148900169205
1903,7,26.479153976311338
1903,8,26.924331641285956
1903,9,27.312825719120138
1903,10,27.355939086294416
1903,11,26.960016920473773
1903,12,25.94566835871404
1904,1,25.02524534686971
1904,2,24.46233502538071
1904,3,24.343688663282574
1904,4,24.705397631133675
1904,5,25.3539255499154
1904,6,25.818443316412857
1904,7,26.461658206429778
1904,8,27.133891708967848
1904,9,27.44668358714044
1904,10,27.47834179357022
1904,11,27.217275803722504
1904,12,26.301539763113368
1905,1,25.365329949238582
1905,2,24.920693739424706
1905,3,24.555414551607445
1905,4,25.139881556683587
1905,5,25.757225042301183
1905,6,26.320423011844333
1905,7,26.59284263959391
1905,8,27.303181049069376
1905,9,27.500084602368865
1905,10,27.600067681895094
1905,11,26.965888324873095
1905,12,25.962250423011845
1906,1,25.402368866328256
1906,2,24.88717428087986
1906,3,24.94869712351946
1906,4,25.365499153976312
1906,5,25.80939086294416
1906,6,26.672419627749576
1906,7,27.029543147208123
1906,8,27.517326565143826
1906,9,27.7917089678511
1906,10,27.83543147208122
1906,11,27.36548223350254
1906,12,26.340152284263958
1907,1,25.33605752961083
1907,2,24.65890016920474
1907,3,24.49062605752961
1907,4,25.117191201353638
1907,5,25.509830795262268
1907,6,26.153384094754653
1907,7,26.459847715736043
1907,8,27.049881556683587
1907,9,27.690862944162436
1907,10,27.750152284263958
1907,11,27.081049069373943
1907,12,26.021438240270726
1908,1,25.14211505922166
1908,2,24.59947546531303
1908,3,24.391962774957697
1908,4,24.788781725888324
1908,5,25.56395939086294
1908,6,26.24570219966159
1908,7,26.569915397631135
1908,8,27.19284263959391
1908,9,27.51020304568528
1908,10,27.592893401015232
1908,11,27.270693739424704
1908,12,26.3002538071066
1909,1,25.40548223350254
1909,2,24.752301184433165
1909,3,24.84394247038917
1909,4,25.201438240270726
1909,5,25.990507614213197
1909,6,26.228054145516076
1909,7,26.526514382402706
1909,8,27.21338409475465
1909,9,27.639509306260575
1909,10,27.61340101522843
1909,11,27.142267343485617
1909,12,26.304213197969542
1910,1,25.29881556683587
1910,2,24.63165820642978
1910,3,24.42891708967851
1910,4,24.905397631133674
1910,5,25.473587140439932
1910,6,25.797089678510996
1910,7,26.273671742808798
1910,8,26.833096446700505
1910,9,27.56323181049069
1910,10,27.56351945854484
1910,11,27.328730964467002
1910,12,26.160862944162435
1911,1,25.26203045685279
1911,2,24.55890016920474
1911,3,24.474060913705586
1911,4,24.983604060913702
1911,5,25.523079526226734
1911,6,25.930135363790185
1911,7,26.418832487309647
1911,8,27.048612521150595
1911,9,27.619543147208123
1911,10,27.659813874788494
1911,11,27.017445008460236
1911,12,26.070879864636208
1912,1,25.204720812182742
1912,2,24.778663282571912
1912,3,24.674602368866328
1912,4,25.118324873096448
1912,5,25.65492385786802
1912,6,26.215262267343487
1912,7,26.627834179357023
1912,8,26.96994923857868
1912,9,27.604179357021998
1912,10,27.476768189509308
1912,11,27.068883248730963
1912,12,25.94
1913,1,24.75282571912014
1913,2,24.51450084602369
1913,3,24.41532994923858
1913,4,24.639187817258886
1913,5,25.25834179357022
1913,6,25.643519458544837
1913,7,26.203688663282573
1913,8,26.755532994923854
1913,9,27.182064297800338
1913,10,27.285211505922167
1913,11,26.882013536379016
1913,12,26.03357021996616
1914,1,25.303299492385786
1914,2,24.58472081218274
1914,3,24.43695431472081
1914,4,24.775414551607447
1914,5,25.57191201353638
1914,6,25.9731641285956
1914,7,26.307021996615905
1914,8,26.88087986463621
1914,9,27.457800338409474
1914,10,27.711167512690352
1914,11,27.28983079526227
1914,12,26.268984771573606
1915,1,25.408071065989848
1915,2,25.020423011844333
1915,3,25.10285956006768
1915,4,25.624483925549917
1915,5,26.305482233502538
1915,6,26.955668358714043
1915,7,27.375346869712352
1915,8,27.897698815566837
1915,9,28.232538071065992
1915,10,28.06035532994924
1915,11,27.442182741116753
1915,12,26.44695431472081
1916,1,25.391370558375634
1916,2,24.87150592216582
1916,3,24.66641285956007
1916,4,25.170896785109985
1916,5,25.73005076142132
1916,6,26.36260575296108
1916,7,26.784230118443315
1916,8,27.36543147208122
1916,9,27.669712351945854
1916,10,27.605617597292724
1916,11,26.953181049069375
1916,12,26.08585448392555
1917,1,25.169543147208124
1917,2,24.64037225042301
1917,3,24.54903553299492
1917,4,25.141827411167515
1917,5,25.71042301184433
1917,6,26.267428087986463
1917,7,26.60527918781726
1917,8,27.128950930626058
1917,9,27.522554991539764
1917,10,27.377851099830796
1917,11,26.84052453468697
1917,12,26.54920473773266
1918,1,25.639526226734347
1918,2,25.071387478849406
1918,3,24.794365482233502
1918,4,25.095583756345178
1918,5,25.57067681895093
1918,6,26.206311336717427
1918,7,26.61373942470389
1918,8,27.195431472081218
1918,9,27.557072758037226
1918,10,27.589881556683586
1918,11,27.19336717428088
1918,12,26.138426395939085
1919,1,25.629086294416243
1919,2,25.132910321489003
1919,3,25.236345177664976
1919,4,25.45096446700508
1919,5,25.987072758037225
1919,6,26.30289340101523
1919,7,26.452571912013536
1919,8,27.101252115059225
1919,9,27.727123519458544
1919,10,27.758578680203044
1919,11,27.2824703891709
1919,12,26.090321489001695
1920,1,25.02620981387479
1920,2,24.416243654822335
1920,3,24.541675126903552
1920,4,24.902131979695433
1920,5,25.457309644670048
1920,6,26.01284263959391
1920,7,26.328612521150593
1920,8,27.23167512690355
1920,9,27.586988155668358
1920,10,27.634940778341793
1920,11,27.044636209813874
1920,12,25.940084602368866
1921,1,25.060338409475467
1921,2,24.469526226734345
1921,3,24.308798646362096
1921,4,24.987783417935702
1921,5,25.32052453468697
1921,6,26.01133671742809
1921,7,26.845939086294415
1921,8,27.07715736040609
1921,9,27.42791878172589
1921,10,27.71223350253807
1921,11,26.99808798646362
1921,12,26.239323181049073
1922,1,25.288747884940776
1922,2,24.632724196277493
1922,3,24.41467005076142
1922,4,24.853231810490694
1922,5,25.46301184433164
1922,6,25.940355329949238
1922,7,26.30326565143824
1922,8,26.939357021996617
1922,9,27.17052453468697
1922,10,27.489458544839252
1922,11,27.11927241962775
1922,12,26.038595600676818
1923,1,24.944060913705584
1923,2,24.264247038917087
1923,3,24.351928934010154
1923,4,24.724788494077835
1923,5,25.511861252115057
1923,6,25.986835871404402
1923,7,26.401370558375632
1923,8,26.939830795262267
1923,9,27.276108291032152
1923,10,27.55947546531303
1923,11,27.293434856175974
1923,12,26.462656514382402
1924,1,25.59849407783418
1924,2,25.006615905245347
1924,3,25.145702199661592
1924,4,25.585313028764805
1924,5,26.05477157360406
1924,6,26.430389170896785
1924,7,26.84282571912014
1924,8,27.142656514382402
1924,9,27.538358714043994
1924,10,27.528527918781723
1924,11,27.075194585448394
1924,12,26.05098138747885
1925,1,24.965583756345175
1925,2,24.167021996615905
1925,3,24.39005076142132
1925,4,24.912707275803722
1925,5,25.753807106598984
1925,6,26.05475465313029
1925,7,26.432859560067683
1925,8,27.04964467005076
1925,9,27.641522842639592
1925,10,27.900609137055838
1925,11,27.36791878172589
1925,12,26.85886632825719
1926,1,25.95788494077834
1926,2,25.409204737732658
1926,3,25.27947546531303
1926,4,25.561793570219965
1926,5,26.27055837563452
1926,6,26.818274111675127
1926,7,27.365346869712354
1926,8,27.80510998307953
1926,9,28.07680203045685
1926,10,28.212385786802027
1926,11,27.401015228426395
1926,12,26.607986463620982
1927,1,25.611742808798645
1927,2,25.043485617597295
1927,3,24.994619289340104
1927,4,25.407580372250422
1927,5,26.120693739424706
1927,6,26.790253807106602
1927,7,27.08133671742809
1927,8,27.63604060913706
1927,9,28.040541455160746
1927,10,28.255431472081217
1927,11,27.761133671742808
1927,12,26.767597292724194
1928,1,25.719001692047378
1928,2,24.8960744500846
1928,3,24.857275803722505
1928,4,25.170135363790187
1928,5,25.923908629441627
1928,6,26.57421319796954
1928,7,26.9382910321489
1928,8,27.557225042301184
1928,9,28.01736040609137
1928,10,27.84372250423012
1928,11,27.157986463620983
1928,12,26.2746192893401
1929,1,25.3497461928934
1929,2,24.880423011844332
1929,3,24.915549915397634
1929,4,25.305549915397634
1929,5,25.528984771573604
1929,6,26.18301184433164
1929,7,26.783874788494078
1929,8,27.28150592216582
1929,9,27.73299492385787
1929,10,27.959763113367174
1929,11,27.146548223350255
1929,12,26.17203045685279
1930,1,25.270642978003384
1930,2,24.675719120135362
1930,3,24.908426395939088
1930,4,25.217461928934007
1930,5,25.71206429780034
1930,6,26.15062605752961
1930,7,26.621218274111676
1930,8,27.411489001692047
1930,9,28.00698815566836
1930,10,28.150846023688665
1930,11,27.768612521150594
1930,12,26.703553299492388
1931,1,25.881252115059223
1931,2,25.36243654822335
1931,3,25.59020304568528
1931,4,26.040423011844332
1931,5,26.769120135363792
1931,6,27.324873096446698
1931,7,27.407021996615903
1931,8,27.75280879864636
1931,9,28.121387478849407
1931,10,28.119170896785107
1931,11,27.58118443316413
1931,12,26.71527918781726
1932,1,25.588680203045687
1932,2,25.21467005076142
1932,3,25.577225042301183
1932,4,25.825143824027073
1932,5,26.384957698815565
1932,6,26.972165820642978
1932,7,26.994991539763113
1932,8,27.610879864636207
1932,9,28.206565143824026
1932,10,28.158730964467004
1932,11,27.538917089678513
1932,12,26.502199661590524
1933,1,25.46404399323181
1933,2,25.189661590524533
1933,3,25.2017089678511
1933,4,25.71642978003384
1933,5,26.222876480541455
1933,6,26.70296108291032
1933,7,27.157800338409473
1933,8,27.61169204737733
1933,9,27.920676818950927
1933,10,27.95377326565144
1933,11,27.307614213197972
1933,12,26.27983079526227
1934,1,25.13565143824027
1934,2,24.56575296108291
1934,3,24.480879864636208
1934,4,25.229915397631135
1934,5,25.754433164128596
1934,6,26.58751269035533
1934,7,26.78358714043993
1934,8,27.41502538071066
1934,9,27.824077834179356
1934,10,27.911996615905245
1934,11,27.418037225042305
1934,12,26.46653130287648
1935,1,25.617191201353638
1935,2,24.975499153976312
1935,3,24.752791878172587
1935,4,25.334331641285956
1935,5,26.094331641285958
1935,6,26.691489001692048
1935,7,26.801996615905246
1935,8,27.35849407783418
1935,9,27.78932318104907
1935,10,27.68620981387479
1935,11,27.155685279187818
1935,12,26.515059221658206
1936,1,25.65866328257191
1936,2,25.393062605752963
1936,3,25.496751269035535
1936,4,25.79115059221658
1936,5,26.386023688663283
1936,6,27.13340101522843
1936,7,27.397005076142133
1936,8,27.81746192893401
1936,9,28.187664974619288
1936,10,28.08340101522843
1936,11,27.497038917089682
1936,12,26.55605752961083
1937,1,25.66756345177665
1937,2,25.281962774957698
1937,3,25.415262267343486
1937,4,25.64113367174281
1937,5,26.18676818950931
1937,6,27.06001692047377
1937,7,27.427055837563454
1937,8,27.97260575296108
1937,9,28.460389170896782
1937,10,28.314534686971232
1937,11,28.08641285956007
1937,12,27.20590524534687
1938,1,26.04260575296108
1938,2,25.31248730964467
1938,3,25.30791878172589
1938,4,25.75211505922166
1938,5,26.294179357022
1938,6,26.775448392554992
1938,7,27.18175972927242
1938,8,27.669052453468698
1938,9,28.158409475465316
1938,10,28.155583756345177
1938,11,27.76262267343486
1938,12,26.541742808798645
1939,1,25.475228426395937
1939,2,24.928257191201354
1939,3,24.699187817258885
1939,4,25.2251269035533
1939,5,25.950592216582063
1939,6,26.48736040609137
1939,7,27.09186125211506
1939,8,27.388764805414553
1939,9,28.09296108291032
1939,10,27.886412859560068
1939,11,27.214433164128597
1939,12,26.688155668358714
1940,1,25.917698815566837
1940,2,25.325769881556685
1940,3,25.347275803722503
1940,4,25.705956006768186
1940,5,26.2534179357022
1940,6,26.723096446700506
1940,7,27.239357021996614
1940,8,27.277360406091372
1940,9,28.056040609137057
1940,10,28.159864636209814
1940,11,27.764230118443315
1940,12,26.76397631133672
1941,1,26.129695431472083
1941,2,25.61175972927242
1941,3,25.564331641285957
1941,4,25.927681895093066
1941,5,26.2156345177665
1941,6,26.617326565143827
1941,7,27.08304568527919
1941,8,27.77253807106599
1941,9,28.076903553299495
1941,10,28.35600676818951
1941,11,27.961692047377326
1941,12,26.90336717428088
1942,1,25.88983079526227
1942,2,25.563756345177666
1942,3,25.586514382402708
1942,4,25.922859560067682
1942,5,26.462487309644672
1942,6,26.94346869712352
1942,7,26.99238578680203
1942,8,27.782554991539765
1942,9,28.13615905245347
1942,10,28.10087986463621
1942,11,27.692250423011846
1942,12,26.615143824027072
1943,1,25.59424703891709
1943,2,24.98477157360406
1943,3,24.78663282571912
1943,4,25.21626057529611
1943,5,25.87111675126904
1943,6,26.21191201353638
1943,7,26.725583756345177
1943,8,27.494128595600678
1943,9,28.069729272419625
1943,10,28.08653130287648
1943,11,27.43248730964467
1943,12,26.60510998307953
1944,1,25.70326565143824
1944,2,25.156480541455164
1944,3,25.705668358714043
1944,4,25.92020304568528
1944,5,26.46455160744501
1944,6,26.81358714043993
1944,7,27.121218274111676
1944,8,27.661218274111675
1944,9,28.068409475465316
1944,10,28.178730964467004
1944,11,27.798375634517765
1944,12,26.67060913705584
1945,1,25.869052453468697
1945,2,25.324805414551605
1945,3,25.197901861252117
1945,4,25.71020304568528
1945,5,26.183468697123523
1945,6,26.732504230118444
1945,7,27.142774957698816
1945,8,27.552250423011845
1945,9,28.01131979695431
1945,10,28.17813874788494
1945,11,27.77299492385787
1945,12,26.786869712351944
1946,1,25.87810490693739
1946,2,25.311573604060914
1946,3,25.16113367174281
1946,4,25.760439932318103
1946,5,25.99439932318105
1946,6,26.465042301184436
1946,7,26.68548223350254
1946,8,27.352148900169205
1946,9,27.956700507614215
1946,10,28.01830795262267
1946,11,27.229526226734347
1946,12,26.32321489001692
1947,1,25.242165820642978
1947,2,24.99040609137056
1947,3,25.24835871404399
1947,4,25.470507614213197
1947,5,25.786497461928935
1947,6,26.286463620981387
1947,7,26.638020304568528
1947,8,27.402165820642978
1947,9,27.596277495769883
1947,10,27.54575296108291
1947,11,27.398747884940775
1947,12,26.397005076142133
1948,1,25.752707275803722
1948,2,25.09580372250423
1948,3,25.280846023688664
1948,4,25.386412859560068
1948,5,26.03431472081218
1948,6,26.798003384094756
1948,7,26.948629441624366
1948,8,27.39258883248731
1948,9,27.7465820642978
1948,10,27.853722504230117
1948,11,27.525736040609136
1948,12,26.485211505922166
1949,1,25.46912013536379
1949,2,24.972521150592215
1949,3,24.944517766497462
1949,4,25.444686971235196
1949,5,25.70243654822335
1949,6,26.346091370558373
1949,7,26.73741116751269
1949,8,27.444483925549918
1949,9,27.991810490693737
1949,10,28.002250423011848
1949,11,27.398798646362096
1949,12,26.58730964467005
1950,1,25.332876480541454
1950,2,24.707868020304566
1950,3,24.70922165820643
1950,4,25.26394247038917
1950,5,25.70678510998308
1950,6,26.368324873096448
1950,7,26.73653130287648
1950,8,27.448206429780033
1950,9,28.01680203045685
1950,10,27.839458544839253
1950,11,27.488375634517766
1950,12,26.727580372250422
1951,1,25.72661590524535
1951,2,25.000642978003384
1951,3,25.116006768189507
1951,4,25.789255499153978
1951,5,26.37016920473773
1951,6,26.850998307952622
1951,7,27.421404399323183
1951,8,27.83250423011844
1951,9,28.192554991539765
1951,10,28.098392554991538
1951,11,27.603350253807108
1951,12,26.52984771573604
1952,1,25.293671742808797
1952,2,25.047834179357025
1952,3,25.20226734348562
1952,4,25.71394247038917
1952,5,26.41959390862944
1952,6,26.956683587140443
1952,7,27.24472081218274
1952,8,27.849052453468698
1952,9,28.445313028764804
1952,10,28.37489001692047
1952,11,27.80172588832487
1952,12,27.02693739424704
1953,1,26.09602368866328
1953,2,25.58020304568528
1953,3,25.160456852791878
1953,4,25.800490693739427
1953,5,26.307681895093065
1953,6,26.79834179357022
1953,7,27.260642978003386
1953,8,27.809915397631134
1953,9,28.1902538071066
1953,10,28.195194585448395
1953,11,27.72906937394247
1953,12,26.775194585448393
1954,1,25.790710659898476
1954,2,25.171742808798644
1954,3,25.088747884940776
1954,4,25.203705583756346
1954,5,26.226294416243654
1954,6,26.705160744500844
1954,7,26.91456852791878
1954,8,27.534619289340103
1954,9,27.828138747884942
1954,10,27.558629441624365
1954,11,27.228172588832486
1954,12,26.18326565143824
1955,1,25.6656345177665
1955,2,25.114111675126907
1955,3,25.039593908629442
1955,4,25.406802030456852
1955,5,25.874179357021998
1955,6,26.56001692047377
1955,7,27.078781725888327
1955,8,27.781996615905246
1955,9,28.163350253807106
1955,10,28.197123519458547
1955,11,27.915516074450082
1955,12,26.738815566835868
1956,1,25.956243654822334
1956,2,25.376548223350255
1956,3,25.19959390862944
1956,4,25.642673434856174
1956,5,25.838798646362097
1956,6,26.234585448392554
1956,7,26.726903553299493
1956,8,27.372876480541454
1956,9,27.735194585448394
1956,10,27.911167512690355
1956,11,27.428629441624366
1956,12,26.611472081218277
1957,1,25.352724196277496
1957,2,24.501252115059224
1957,3,25.00005076142132
1957,4,25.161032148900166
1957,5,25.79248730964467
1957,6,26.57451776649746
1957,7,26.962605752961082
1957,8,27.783857868020306
1957,9,28.209576988155668
1957,10,28.351235194585445
1957,11,27.78685279187817
1957,12,26.776852791878174
1958,1,26.027749576988153
1958,2,25.862402707275805
1958,3,26.141522842639592
1958,4,26.583857868020303
1958,5,26.97098138747885
1958,6,27.646277495769883
1958,7,27.518003384094754
1958,8,28.019086294416244
1958,9,28.35524534686971
1958,10,28.147478849407786
1958,11,27.71730964467005
1958,12,26.717681895093065
1959,1,25.947343485617598
1959,2,25.38351945854484
1959,3,25.103519458544838
1959,4,25.530439932318103
1959,5,25.93109983079526
1959,6,26.35617597292724
1959,7,26.77502538071066
1959,8,27.310659898477155
1959,9,27.862148900169203
1959,10,27.78776649746193
1959,11,27.374619289340103
1959,12,26.495719120135362
1960,1,25.722622673434856
1960,2,25.48927241962775
1960,3,25.504839255499157
1960,4,25.821979695431473
1960,5,26.57477157360406
1960,6,26.857952622673434
1960,7,27.245025380710658
1960,8,27.728003384094755
1960,9,28.045516074450084
1960,10,28.0134179357022
1960,11,27.607055837563454
1960,12,26.538189509306264
1961,1,25.734382402707276
1961,2,25.173536379018614
1961,3,25.19509306260575
1961,4,25.728206429780034
1961,5,26.221116751269037
1961,6,26.558883248730965
1961,7,27.03869712351946
1961,8,27.717072758037226
1961,9,27.992148900169205
1961,10,27.886768189509308
1961,11,27.50077834179357
1961,12,26.79091370558376
1962,1,25.86901861252115
1962,2,25.236395939086297
1962,3,25.594636209813874
1962,4,25.837546531302877
1962,5,26.51057529610829
1962,6,26.791505922165822
1962,7,27.343248730964465
1962,8,27.867817258883246
1962,9,28.119306260575296
1962,10,28.048054145516076
1962,11,27.77384094754653
1962,12,27.08248730964467
1963,1,26.19167512690355
1963,2,25.736395939086297
1963,3,25.569509306260574
1963,4,26.024077834179355
1963,5,26.33560067681895
1963,6,26.784348561759728
1963,7,27.21810490693739
1963,8,27.82343485617597
1963,9,28.09021996615905
1963,10,28.129644670050762
1963,11,27.780033840947546
1963,12,26.719492385786804
1964,1,25.807614213197972
1964,2,25.47379018612521
1964,3,25.492368866328256
1964,4,25.584467005076146
1964,5,26.184653130287646
1964,6,26.709441624365482
1964,7,27.01397631133672
1964,8,27.470846023688665
1964,9,27.84886632825719
1964,10,27.820270727580372
1964,11,27.44636209813875
1964,12,26.400642978003383
1965,1,25.32808798646362
1965,2,24.85093062605753
1965,3,25.015126903553302
1965,4,25.39766497461929
1965,5,25.94600676818951
1965,6,26.35886632825719
1965,7,26.866683587140443
1965,8,27.433062605752962
1965,9,27.95813874788494
1965,10,27.94544839255499
1965,11,27.45326565143824
1965,12,26.614534686971233
1966,1,25.665956006768187
1966,2,25.461319796954314
1966,3,25.525262267343486
1966,4,26.034297800338408
1966,5,26.335380710659898
1966,6,26.86351945854484
1966,7,27.219678510998307
1966,8,27.65886632825719
1966,9,28.05510998307953
1966,10,28.083434856175973
1966,11,27.876734348561758
1966,12,26.818764805414553
1967,1,25.826125211505925
1967,2,25.124230118443315
1967,3,25.062047377326568
1967,4,25.58808798646362
1967,5,25.935583756345178
1967,6,26.469509306260576
1967,7,26.888527918781723
1967,8,27.328832487309647
1967,9,27.941252115059225
1967,10,27.940659898477158
1967,11,27.28321489001692
1967,12,26.37600676818951
1968,1,25.392504230118444
1968,2,25.06429780033841
1968,3,25.197614213197973
1968,4,25.559340101522842
1968,5,26.131218274111674
1968,6,26.5048730964467
1968,7,26.839137055837565
1968,8,27.41998307952623
1968,9,27.90881556683587
1968,10,28.018121827411168
1968,11,27.639763113367177
1968,12,26.8307614213198
1969,1,26.024940778341794
1969,2,25.824128595600676
1969,3,26.30813874788494
1969,4,26.522554991539764
1969,5,27.008595600676816
1969,6,27.21771573604061
1969,7,27.567901861252118
1969,8,28.00027072758037
1969,9,28.406243654822333
1969,10,28.308934010152285
1969,11,27.947901861252117
1969,12,27.067258883248734
1970,1,26.294686971235198
1970,2,25.804636209813875
1970,3,26.011049069373943
1970,4,26.223756345177666
1970,5,26.65167512690355
1970,6,26.902131979695433
1970,7,27.023299492385785
1970,8,27.569560067681895
1970,9,27.88357021996616
1970,10,27.969780033840948
1970,11,27.554247038917087
1970,12,26.541505922165822
1971,1,25.641624365482233
1971,2,25.10697123519459
1971,3,25.046362098138747
1971,4,25.29456852791878
1971,5,25.717258883248732
1971,6,26.0734179357022
1971,7,26.531438240270727
1971,8,27.11776649746193
1971,9,27.648561759729272
1971,10,27.711015228426394
1971,11,27.36260575296108
1971,12,26.25282571912014
1972,1,25.370067681895094
1972,2,24.84746192893401
1972,3,24.890084602368866
1972,4,25.39642978003384
1972,5,25.778629441624368
1972,6,26.37189509306261
1972,7,26.6951269035533
1972,8,27.101421319796955
1972,9,27.59067681895093
1972,10,27.87703891708968
1972,11,27.41957698815567
1972,12,26.233485617597292
1973,1,25.378307952622674
1973,2,24.95610829103215
1973,3,24.928274111675126
1973,4,25.384382402707274
1973,5,26.11030456852792
1973,6,26.52258883248731
1973,7,26.98020304568528
1973,8,27.45610829103215
1973,9,27.812368866328256
1973,10,27.712622673434858
1973,11,27.197986463620982
1973,12,26.380101522842637
1974,1,25.355296108291032
1974,2,24.645482233502538
1974,3,24.554483925549917
1974,4,24.6124703891709
1974,5,25.304602368866327
1974,6,26.019357021996615
1974,7,26.47362098138748
1974,8,27.13191201353638
1974,9,27.48624365482233
1974,10,27.53233502538071
1974,11,27.01150592216582
1974,12,26.07152284263959
1975,1,25.3473434856176
1975,2,24.695871404399323
1975,3,24.713519458544837
1975,4,25.14128595600677
1975,5,25.463553299492386
1975,6,26.231065989847718
1975,7,26.715313028764804
1975,8,27.35736040609137
1975,9,27.696903553299492
1975,10,27.597174280879862
1975,11,27.029678510998306
1975,12,26.19947546531303
1976,1,25.288307952622674
1976,2,24.691827411167516
1976,3,24.426818950930624
1976,4,24.947834179357024
1976,5,25.416446700507613
1976,6,26.018003384094754
1976,7,26.556497461928934
1976,8,27.55055837563452
1976,9,28.021742808798646
1976,10,28.220219966159053
1976,11,27.655888324873093
1976,12,26.31773265651438
1977,1,25.586209813874788
1977,2,25.00238578680203
1977,3,24.99549915397631
1977,4,25.402571912013535
1977,5,26.063553299492387
1977,6,26.682707275803722
1977,7,26.835008460236885
1977,8,27.31605752961083
1977,9,27.674636209813876
1977,10,27.757275803722504
1977,11,27.285380710659897
1977,12,26.409018612521148
1978,1,25.795769881556684
1978,2,25.373722504230116
1978,3,25.494856175972927
1978,4,25.925922165820644
1978,5,26.265888324873096
1978,6,26.54896785109983
1978,7,26.749458544839253
1978,8,27.267343485617598
1978,9,27.666920473773267
1978,10,27.9234179357022
1978,11,27.42187817258883
1978,12,26.24751269035533
1979,1,25.724027072758034
1979,2,25.363485617597295
1979,3,25.322724196277495
1979,4,25.79890016920474
1979,5,26.47429780033841
1979,6,27.097529610829103
1979,7,27.29475465313029
1979,8,27.61379018612521
1979,9,27.99228426395939
1979,10,28.027140439932317
1979,11,27.634111675126906
1979,12,26.76040609137056
1980,1,25.99972927241963
1980,2,25.488071065989846
1980,3,25.33382402707276
1980,4,26.019137055837565
1980,5,26.868274111675127
1980,6,27.153688663282573
1980,7,27.307817258883247
1980,8,27.89377326565144
1980,9,28.189712351945854
1980,10,28.050879864636208
1980,11,27.560846023688665
1980,12,26.56741116751269
1981,1,26.03336717428088
1981,2,25.510744500846023
1981,3,25.9105076142132
1981,4,25.91568527918782
1981,5,26.631590524534687
1981,6,26.845769881556684
1981,7,27.24846023688663
1981,8,27.70340101522843
1981,9,28.114585448392553
1981,10,28.001725888324874
1981,11,27.630101522842637
1981,12,26.759492385786803
1982,1,25.7860744500846
1982,2,25.111472081218277
1982,3,25.09057529610829
1982,4,25.38808798646362
1982,5,26.10939086294416
1982,6,26.452098138747882
1982,7,26.68412859560068
1982,8,27.23
1982,9,27.631962774957696
1982,10,27.58527918781726
1982,11,27.01580372250423
1982,12,26.004602368866326
1983,1,25.256277495769883
1983,2,25.084619289340104
1983,3,25.601235194585445
1983,4,26.06830795262267
1983,5,26.415262267343486
1983,6,27.08098138747885
1983,7,27.231319796954313
1983,8,27.57336717428088
1983,9,27.80489001692047
1983,10,27.732098138747883
1983,11,27.43710659898477
1983,12,26.68074450084602
1984,1,25.63326565143824
1984,2,24.94431472081218
1984,3,25.034483925549917
1984,4,25.291167512690354
1984,5,25.869763113367174
1984,6,26.16637901861252
1984,7,26.504382402707275
1984,8,27.139932318104908
1984,9,27.575668358714044
1984,10,27.322368866328258
1984,11,26.929509306260574
1984,12,25.966463620981386
1985,1,25.099780033840947
1985,2,24.73223350253807
1985,3,24.52502538071066
1985,4,24.878578680203045
1985,5,25.452182741116754
1985,6,26.24074450084602
1985,7,26.893874788494077
1985,8,27.4034179357022
1985,9,27.708037225042304
1985,10,27.643299492385786
1985,11,27.27912013536379
1985,12,26.14280879864636
1986,1,24.965414551607445
1986,2,24.529407783417938
1986,3,24.603282571912015
1986,4,24.944636209813876
1986,5,25.62394247038917
1986,6,26.000118443316413
1986,7,26.491810490693737
1986,8,27.04788494077834
1986,9,27.794805414551607
1986,10,27.62793570219966
1986,11,26.866412859560068
1986,12,25.815888324873093
1987,1,25.339813874788494
1987,2,25.014111675126905
1987,3,25.420558375634517
1987,4,25.900947546531302
1987,5,26.485397631133672
1987,6,27.237614213197972
1987,7,27.377089678511
1987,8,28.02695431472081
1987,9,28.283181049069377
1987,10,28.415549915397634
1987,11,27.822893401015232
1987,12,27.03346869712352
1988,1,25.814822335025383
1988,2,25.152470389170897
1988,3,25.39741116751269
1988,4,25.856852791878172
1988,5,26.330067681895095
1988,6,26.970338409475467
1988,7,27.29560067681895
1988,8,27.58641285956007
1988,9,27.989695431472082
1988,10,27.719729272419627
1988,11,27.198426395939087
1988,12,26.186683587140443
1989,1,25.08346869712352
1989,2,24.516598984771573
1989,3,24.36901861252115
1989,4,24.62869712351946
1989,5,25.31382402707276
1989,6,26.23346869712352
1989,7,27.033705583756344
1989,8,27.806835871404402
1989,9,27.878223350253805
1989,10,27.969695431472083
1989,11,27.39866328257191
1989,12,26.648358714043994
1990,1,25.51357021996616
1990,2,24.913976311336718
1990,3,24.975008460236886
1990,4,25.511793570219965
1990,5,26.12791878172589
1990,6,26.488477157360407
1990,7,26.989560067681897
1990,8,27.718307952622673
1990,9,28.236852791878174
1990,10,28.313299492385784
1990,11,27.752842639593908
1990,12,26.59676818950931
1991,1,25.40071065989848
1991,2,24.97018612521151
1991,3,24.92245346869712
1991,4,25.14020304568528
1991,5,25.66570219966159
1991,6,26.13338409475465
1991,7,26.474585448392553
1991,8,27.133688663282573
1991,9,27.618544839255502
1991,10,27.746700507614214
1991,11,27.274686971235198
1991,12,26.254940778341794
1992,1,25.51637901861252
1992,2,25.149915397631133
1992,3,25.004703891708967
1992,4,25.364043993231814
1992,5,26.00152284263959
1992,6,26.54401015228426
1992,7,26.88978003384095
1992,8,27.30285956006768
1992,9,27.73849407783418
1992,10,27.914653130287647
1992,11,27.281979695431474
1992,12,26.345313028764803
1993,1,25.452335025380712
1993,2,24.96510998307953
1993,3,24.97006768189509
1993,4,25.51296108291032
1993,5,26.12123519458545
1993,6,26.681049069373945
1993,7,26.750812182741114
1993,8,27.35590524534687
1993,9,27.77060913705584
1993,10,27.75140439932318
1993,11,27.160473773265654
1993,12,26.19208121827411
1994,1,25.117140439932317
1994,2,24.566903553299493
1994,3,24.588426395939088
1994,4,25.10037225042301
1994,5,25.579373942470387
1994,6,26.099610829103217
1994,7,26.464517766497462
1994,8,27.188375634517765
1994,9,27.6382910321489
1994,10,27.826954314720812
1994,11,27.375583756345176
1994,12,26.33248730964467
1995,1,25.57668358714044
1995,2,25.070456852791878
1995,3,25.202064297800337
1995,4,25.679289340101523
1995,5,26.401895093062606
1995,6,27.040253807106602
1995,7,27.52490693739425
1995,8,28.1124703891709
1995,9,28.324703891708968
1995,10,28.30338409475465
1995,11,27.92497461928934
1995,12,26.95869712351946
1996,1,26.35289340101523
1996,2,25.57128595600677
1996,3,25.47296108291032
1996,4,25.84812182741117
1996,5,26.334162436548223
1996,6,26.69477157360406
1996,7,27.02604060913706
1996,8,27.444263959390863
1996,9,28.109407783417936
1996,10,27.985888324873095
1996,11,27.437529610829102
1996,12,26.621658206429778
1997,1,25.88964467005076
1997,2,25.373705583756347
1997,3,25.180321489001695
1997,4,25.794788494077835
1997,5,26.467292724196277
1997,6,27.08243654822335
1997,7,27.318071065989848
1997,8,27.693908629441626
1997,9,28.18280879864636
1997,10,28.474263959390864
1997,11,28.015262267343488
1997,12,26.911116751269038
1998,1,25.996125211505923
1998,2,25.80111675126904
1998,3,25.779221658206428
1998,4,26.13301184433164
1998,5,26.756852791878174
1998,6,27.348730964467006
1998,7,27.626700507614213
1998,8,28.334027072758037
1998,9,28.520338409475468
1998,10,28.435752961082912
1998,11,27.865736040609136
1998,12,26.734280879864638
1999,1,25.561776649746193
1999,2,24.946463620981387
1999,3,25.02472081218274
1999,4,25.509153976311335
1999,5,26.24548223350254
1999,6,26.73565143824027
1999,7,27.14016920473773
1999,8,27.944636209813876
1999,9,28.400862944162437
1999,10,28.2151269035533
1999,11,27.581015228426395
1999,12,26.738646362098137
2000,1,25.381065989847716
2000,2,24.914686971235195
2000,3,25.052047377326566
2000,4,25.42052453468697
2000,5,25.978054145516076
2000,6,26.378612521150593
2000,7,26.944382402707273
2000,8,27.665549915397634
2000,9,27.979932318104908
2000,10,27.978375634517764
2000,11,27.39455160744501
2000,12,26.285262267343487
2001,1,25.48021996615905
2001,2,24.895008460236888
2001,3,25.138392554991537
2001,4,25.477478849407785
2001,5,26.106649746192893
2001,6,26.747631133671742
2001,7,27.180659898477156
2001,8,27.83983079526227
2001,9,28.437089678510997
2001,10,28.36615905245347
2001,11,28.016091370558375
2001,12,27.111742808798645
2002,1,26.30015228426396
2002,2,25.535008460236885
2002,3,25.504653130287647
2002,4,25.62653130287648
2002,5,25.947749576988155
2002,6,26.426192893401016
2002,7,26.88001692047377
2002,8,27.485194585448394
2002,9,27.98922165820643
2002,10,28.27771573604061
2002,11,27.695786802030458
2002,12,26.690693739424706
2003,1,25.866311336717427
2003,2,25.240050761421323
2003,3,25.23626057529611
2003,4,25.634331641285957
2003,5,26.12663282571912
2003,6,26.765465313028766
2003,7,27.31351945854484
2003,8,28.122385786802027
2003,9,28.56741116751269
2003,10,28.73698815566836
2003,11,27.95602368866328
2003,12,26.963181049069377
2004,1,26.101996615905247
2004,2,25.603147208121825
2004,3,25.474551607445008
2004,4,26.038477157360408
2004,5,26.303620981387482
2004,6,26.832656514382403
2004,7,27.436226734348562
2004,8,28.179576988155667
2004,9,28.50984771573604
2004,10,28.565583756345177
2004,11,28.019120135363792
2004,12,27.021776649746194
2005,1,26.048561759729274
2005,2,25.557055837563453
2005,3,25.887868020304566
2005,4,26.38648054145516
2005,5,27.15351945854484
2005,6,27.55710659898477
2005,7,27.90773265651438
2005,8,28.353807106598982
2005,9,28.719340101522842
2005,10,28.506683587140444
2005,11,27.868663282571912
2005,12,27.02761421319797
2006,1,26.00881556683587
2006,2,25.333485617597294
2006,3,25.347140439932318
2006,4,25.934331641285958
2006,5,26.57851099830795
2006,6,27.12373942470389
2006,7,27.317901861252118
2006,8,28.043654822335025
2006,9,28.592554991539764
2006,10,28.599881556683584
2006,11,28.148307952622673
2006,12,26.977546531302877
2007,1,26.024636209813874
2007,2,25.645583756345175
2007,3,25.480626057529612
2007,4,25.939357021996617
2007,5,26.32005076142132
2007,6,26.766362098138746
2007,7,27.096277495769883
2007,8,27.623654822335023
2007,9,28.079881556683585
2007,10,28.145143824027073
2007,11,27.706751269035536
2007,12,26.563485617597294
2008,1,25.707326565143827
2008,2,25.19475465313029
2008,3,25.25208121827411
2008,4,25.519661590524535
2008,5,26.219001692047378
2008,6,26.881285956006767
2008,7,27.324805414551605
2008,8,27.9751269035533
2008,9,28.591370558375633
2008,10,28.390270727580372
2008,11,27.756649746192892
2008,12,26.729898477157363
2009,1,25.701573604060915
2009,2,24.823011844331642
2009,3,24.816768189509308
2009,4,25.333384094754653
2009,5,25.901404399323184
2009,6,26.630659898477155
2009,7,27.37944162436548
2009,8,27.928578680203046
2009,9,28.333874788494075
2009,10,28.488595600676817
2009,11,27.95979695431472
2009,12,27.05849407783418
2010,1,26.374636209813875
2010,2,26.148629441624365
2010,3,26.398917089678513
2010,4,26.88253807106599
2010,5,27.45389170896785
2010,6,27.716345177664977
2010,7,28.065177664974616
2010,8,28.56890016920474
2010,9,28.74761421319797
2010,10,28.723468697123522
2010,11,28.117140439932317
2010,12,27.293197969543147
2011,1,26.437901861252115
2011,2,25.605160744500846
2011,3,25.530321489001693
2011,4,25.83786802030457
2011,5,26.54626057529611
2011,6,27.221049069373944
2011,7,27.396869712351943
2011,8,28.064467005076143
2011,9,28.407478849407784
2011,10,28.391895093062608
2011,11,27.78015228426396
2011,12,26.786937394247037
2012,1,25.7934179357022
2012,2,25.197783417935703
2012,3,24.95710659898477
2012,4,25.47087986463621
2012,5,26.2273434856176
2012,6,26.87241962774958
2012,7,27.25659898477157
2012,8,28.03532994923858
2012,9,28.626734348561758
2012,10,28.683197969543148
2012,11,28.21475465313029
2012,12,27.07693739424704
2013,1,26.028054145516077
2013,2,25.487445008460234
2013,3,25.821099830795262
2013,4,26.08944162436548
2013,5,26.734788494077833
2013,6,26.875566835871403
2013,7,27.275008460236887
2013,8,28.052910321489
2013,9,28.56301184433164
2013,10,28.619221658206428
2013,11,27.83226734348562
2013,12,26.83719120135364
2014,1,25.76071065989848
2014,2,25.140761421319798
2014,3,25.015939086294416
2014,4,25.407901861252117
2014,5,26.02062605752961
2014,6,26.478409475465313
2014,7,27.03067681895093
2014,8,27.719204737732657
2014,9,28.360541455160746
2014,10,28.45091370558376
2014,11,27.86942470389171
2014,12,26.96077834179357
2015,1,25.895160744500846
2015,2,25.452419627749578
2015,3,25.201590524534687
2015,4,25.374247038917087
2015,5,26.0482910321489
2015,6,26.417428087986465
2015,7,26.96093062605753
2015,8,27.85301184433164
2015,9,28.646277495769883
2015,10,28.84164128595601
2015,11,27.977834179357025
2015,12,26.953113367174282
2016,1,26.141844331641288
2016,2,25.594145516074448
2016,3,25.621269035532997
2016,4,25.978680203045688
2016,5,26.5924703891709
2016,6,27.037394247038918
2016,7,27.431776649746194
2016,8,28.069492385786802
2016,9,28.379407783417935
2016,10,28.509187817258884
2016,11,28.000423011844333
2016,12,27.103722504230117
2017,1,26.094636209813874
2017,2,25.428798646362097
2017,3,25.294077834179358
2017,4,25.968510998307952
2017,5,26.602927241962774
2017,6,27.083096446700505
2017,7,27.544416243654823
2017,8,28.206142131979696
2017,9,28.560998307952623
2017,10,28.391793570219967
2017,11,27.963248730964466
2017,12,27.091201353637903
2018,1,25.9990524534687
2018,2,25.12111675126904
2018,3,25.22279187817259
2018,4,25.465431472081217
2018,5,25.74903553299492
2018,6,26.04830795262267
2018,7,26.716125211505922
2018,8,27.4917089678511
2018,9,28.234602368866327
2018,10,28.146159052453466
2018,11,27.479712351945853
2018,12,26.463570219966158
2019,1,25.631252115059223
2019,2,25.241692047377327
2019,3,25.11983079526227
2019,4,25.548189509306262
2019,5,26.177241962774957
2019,6,26.837631133671742
2019,7,27.308307952622673
2019,8,27.977275803722506
2019,9,28.52
2019,10,28.44568527918782
2019,11,27.761184433164132
2019,12,26.8173434856176
2020,1,25.88279187817259
2020,2,25.580135363790188
2020,3,25.723316412859557
2020,4,26.121962774957698
2020,5,26.53832487309645
2020,6,27.26245346869712
2020,7,27.681725888324873
2020,8,28.167292724196276
2020,9,28.513654822335024
2020,10,28.550964467005077
2020,11,27.842876480541452
2020,12,26.967428087986463
2021,1,26.14434856175973
2021,2,25.511353637901863
2021,3,25.291573604060915
2021,4,25.807901861252116
2021,5,26.31030456852792
2021,6,26.69602368866328
2021,7,27.179864636209814
2021,8,27.793350253807105
2021,9,28.475549915397632
2021,10,28.339881556683586
2021,11,27.84637901861252
2021,12,26.968358714043994
2022,1,26.14580372250423
2022,2,25.675042301184433
2022,3,25.340321489001695
2022,4,25.648138747884943
2022,5,26.414754653130288
2022,6,26.986040609137056
2022,7,27.273181049069375
2022,8,28.0434179357022
2022,9,28.649103214890015
2022,10,28.426649746192894
2022,11,27.729001692047376
2022,12,26.847529610829103
2023,1,25.948121827411168
2023,2,25.254416243654823
2023,3,25.588274111675126
2023,4,26.174162436548222
2023,5,27.019086294416244
2023,6,27.917445008460234
2023,7,28.364450084602367
2023,8,28.91258883248731
2023,9,29.350050761421322
2023,10,29.288307952622674
2023,11,28.57150592216582
2023,12,27.61602368866328
2024,1,26.944077834179357
2024,2,26.625956006768188
2024,3,26.584128595600678
2024,4,26.899830795262268
2024,5,27.520490693739426
2024,6,27.982013536379018
2024,7,28.275211505922165
2024,8,28.843333333333334
2024,9,29.181285956006768
2024,10,29.133299492385785
2024,11,28.50181049069374
2024,12,27.49678510998308
2025,1,26.615516074450085
2025,2,25.78362098138748
2025,3,25.714399323181052
2025,4,25.835516074450084
2025,5,26.457428087986465
2025,6,26.912453468697123
2025,7,27.564060913705585
2025,8,28.304805414551605
2025,9,28.735888324873095
2025,10,28.702098138747882
2025,11,28.175296108291032
2025,12,27.045820642978
