param,mean,sd,q5,q50,q95,rhat,ess
mu_league,-0.766865,0.0684687,-0.872726,-0.764207,-0.674021,1.00205,1007.02
mu_position[1],-0.664808,0.0413266,-0.73079,-0.664411,-0.597523,1.00037,1105.61
mu_position[2],-0.79985,0.109148,-1.00553,-0.787721,-0.650163,1.00368,1095.17
mu_position[3],-0.810651,0.0482495,-0.891317,-0.807322,-0.735174,1.00123,926.722
mu_position[4],-0.798531,0.0446726,-0.870926,-0.799527,-0.722292,1.0019,1187.97
mu_position[5],-0.757092,0.0372236,-0.817912,-0.757151,-0.697645,1.0024,1189.64
mu_player[1],-0.578218,0.164503,-0.864264,-0.569828,-0.327671,1.01575,282.259
mu_player[2],-0.708688,0.143348,-0.940331,-0.714311,-0.483162,1.01844,999.268
mu_player[3],-0.746129,0.134444,-0.951852,-0.755601,-0.514668,1.0052,1226.4
mu_player[4],-1.54359,0.228073,-1.8623,-1.56198,-1.13678,1.03502,104.64
mu_player[5],-0.903429,0.129828,-1.1106,-0.899699,-0.689669,1.00582,1483.92
mu_player[6],-0.716498,0.119128,-0.904607,-0.717846,-0.516094,1.00731,1222.35
mu_player[7],-0.889598,0.133986,-1.10585,-0.894982,-0.668226,1.00193,1149.61
mu_player[8],-0.520238,0.107584,-0.684356,-0.528519,-0.324847,1.00445,652.333
mu_player[9],-0.724585,0.100934,-0.885055,-0.725869,-0.558505,1.00155,1558.03
mu_player[10],-0.732419,0.114092,-0.926006,-0.73317,-0.554167,1.00291,971.785
mu_player[11],-0.852822,0.118298,-1.05041,-0.849014,-0.653606,1.00302,1017.49
mu_player[12],-1.27374,0.120474,-1.46698,-1.27659,-1.0698,1.00495,742.765
mu_player[13],-0.992283,0.112405,-1.17345,-0.991799,-0.813748,1.00887,961.245
mu_player[14],-0.339215,0.0922111,-0.486063,-0.339212,-0.194347,1.01127,1062.12
mu_player[15],-0.294664,0.12711,-0.516202,-0.288169,-0.0934681,1.01186,271.071
mu_player[16],-0.511206,0.0976747,-0.668783,-0.506525,-0.360371,1.00623,599.837
mu_player[17],-0.636498,0.0751002,-0.760676,-0.636656,-0.51468,1.01375,1386.99
mu_player[18],-0.759909,0.106076,-0.92183,-0.767145,-0.576203,1.00298,869.093
mu_player[19],-0.397881,0.0842259,-0.540297,-0.395042,-0.259451,1.00132,1166.24
mu_player[20],-0.556643,0.0535616,-0.642517,-0.557066,-0.467966,1.00209,1749.13
mu_player[21],-0.753268,0.0722155,-0.868515,-0.753884,-0.632573,1.00214,1559.08
mu_player[22],-0.4996,0.0781132,-0.631477,-0.495638,-0.379211,1.00577,957.877
mu_player[23],-0.556266,0.0528002,-0.646825,-0.556545,-0.467368,0.999986,2284.01
mu_player[24],-0.743728,0.0896303,-0.888495,-0.74561,-0.593077,1.00406,1186.02
mu_player[25],-1.16686,0.0723541,-1.28394,-1.16871,-1.05044,1.00671,1713.06
mu_player[26],-0.570741,0.0952677,-0.729862,-0.566053,-0.427163,1.00978,680.271
mu_player[27],-0.662429,0.0957743,-0.817869,-0.661951,-0.504184,1.00429,1191.04
mu_player[28],-0.385292,0.0536368,-0.474121,-0.38425,-0.298936,1.00424,2511.06
mu_player[29],-0.287038,0.0513818,-0.369452,-0.288818,-0.200167,0.999977,2335.34
mu_player[30],-0.338334,0.0763722,-0.471994,-0.334281,-0.221293,1.00049,983.154
mu_player[31],-0.604976,0.0558672,-0.699753,-0.606052,-0.510605,1.00493,3968.53
mu_player[32],-0.840713,0.0580696,-0.931803,-0.841365,-0.745512,1.00081,1536.5
mu_player[33],-1.38813,0.100348,-1.54308,-1.39017,-1.21408,1.00905,266.266
mu_player[34],-0.48664,0.0627255,-0.588831,-0.486041,-0.384984,1.00648,1521.1
mu_player[35],-1.09589,0.104674,-1.25885,-1.104,-0.909799,1.00745,773.08
mu_player[36],-0.522968,0.0673034,-0.634354,-0.521572,-0.415785,1.00647,1603.04
mu_player[37],-0.649742,0.0494915,-0.72904,-0.648969,-0.567941,1.00065,1817.23
mu_player[38],-0.803982,0.0741723,-0.930156,-0.805146,-0.681618,1.00215,1444.18
mu_player[39],-1.08279,0.0556378,-1.17366,-1.08202,-0.98996,1.01421,2872.42
mu_player[40],-0.905585,0.0890925,-1.05151,-0.905222,-0.756794,1.00314,1376.24
mu_player[41],-0.78502,0.0543876,-0.873212,-0.785348,-0.69455,1.0028,2015.91
mu_player[42],-1.07444,0.0580633,-1.16807,-1.07442,-0.978207,1.00192,3013.5
mu_player[43],-0.651523,0.0585242,-0.744479,-0.653643,-0.551308,1.00582,2037.8
mu_player[44],-0.12866,0.0511519,-0.213307,-0.126703,-0.0470606,1.00035,1829.65
mu_player[45],-0.762124,0.115941,-0.959187,-0.762072,-0.571244,0.999936,1690.96
mu_player[46],-0.330018,0.056221,-0.421211,-0.328731,-0.241219,1.00406,2722.32
mu_player[47],-0.446532,0.0541138,-0.536537,-0.44503,-0.361716,1.00426,1780.47
mu_player[48],-1.01551,0.0663173,-1.12237,-1.01448,-0.906078,1.00494,2011.22
mu_player[49],-0.457937,0.0730415,-0.577283,-0.459408,-0.339962,1.00169,2107.31
mu_player[50],-0.515781,0.0518317,-0.601001,-0.517464,-0.432912,1.00594,2011.16
mu_player[51],-0.60741,0.0648428,-0.711588,-0.606436,-0.504227,1.00132,1656.45
mu_player[52],-0.795688,0.0680036,-0.904593,-0.795991,-0.684921,1.00505,1889.58
mu_player[53],-0.925071,0.0601004,-1.02481,-0.924397,-0.82463,1.00433,1800.05
mu_player[54],-0.900562,0.050608,-0.985342,-0.899842,-0.817716,0.999909,3669.19
mu_player[55],-1.05527,0.0777314,-1.18054,-1.05563,-0.926548,1.00337,1885.44
mu_player[56],-0.528667,0.0530698,-0.614298,-0.529431,-0.4402,1.0028,2158.15
mu_player[57],-0.584385,0.0550698,-0.676343,-0.584731,-0.495043,1.00129,1393.62
mu_player[58],-0.189345,0.0530913,-0.278416,-0.189117,-0.100035,1.00137,2491.83
mu_player[59],-0.7403,0.0558958,-0.834389,-0.740105,-0.647342,1.00755,3576.7
mu_player[60],-0.680621,0.0617308,-0.781802,-0.680102,-0.581755,1.00486,2112.52
mu_player[61],-0.345848,0.0531478,-0.430755,-0.347842,-0.253961,1.00308,2031.69
mu_player[62],-0.440626,0.0660372,-0.547286,-0.441957,-0.332173,1.00013,2300.19
mu_player[63],-1.06262,0.125697,-1.26713,-1.06096,-0.864259,1.00658,1199.62
mu_player[64],-1.04816,0.0634934,-1.15082,-1.04947,-0.940339,1.00351,1775.67
mu_player[65],-0.921921,0.0769905,-1.04509,-0.923438,-0.791156,1.00188,1759.19
mu_player[66],-1.02457,0.0617214,-1.12907,-1.02324,-0.923204,1.00496,2935.78
mu_player[67],-0.400973,0.0751631,-0.52697,-0.400014,-0.275328,1.00629,1714.93
mu_player[68],-0.331059,0.0667453,-0.441086,-0.330121,-0.22172,1.00359,1821.19
mu_player[69],-0.656221,0.0727915,-0.778616,-0.653925,-0.541916,1.0037,1216.17
mu_player[70],-0.260775,0.0723587,-0.381072,-0.260537,-0.146108,1.00452,1179.25
mu_player[71],-0.739842,0.0710962,-0.855979,-0.741138,-0.618526,1.01075,2651.44
mu_player[72],-0.817387,0.0763415,-0.945763,-0.816496,-0.694567,1.00436,1078.47
mu_player[73],-1.05517,0.0946733,-1.20792,-1.05395,-0.895356,1.00412,1395.98
mu_player[74],-0.625832,0.0632159,-0.727923,-0.627222,-0.523225,1.0015,1338.95
mu_player[75],-1.40973,0.0926123,-1.56099,-1.4076,-1.26091,1.00196,1721.32
mu_player[76],-0.57992,0.048955,-0.660486,-0.579931,-0.502849,1.00085,2233.61
mu_player[77],-0.616748,0.0503945,-0.70324,-0.616227,-0.53258,1.00451,1794.57
mu_player[78],-1.22986,0.0608826,-1.33268,-1.23119,-1.13056,1.00038,1961.21
mu_player[79],-0.86121,0.053651,-0.949316,-0.860657,-0.769595,1.00534,3265.96
mu_player[80],-1.45496,0.0595109,-1.55359,-1.45551,-1.35695,1.01067,2596.11
mu_player[81],-0.913181,0.0648038,-1.01826,-0.913639,-0.80582,1.0006,1642.21
mu_player[82],-0.537803,0.0696257,-0.654187,-0.535858,-0.425641,1.00115,1080.74
mu_player[83],-0.52732,0.0896994,-0.671512,-0.524312,-0.381971,1.00265,1554.03
mu_player[84],-0.660328,0.0502573,-0.743518,-0.660635,-0.57677,1.00207,2203.8
mu_player[85],-0.325876,0.0926031,-0.486307,-0.319467,-0.187781,1.00947,908.132
mu_player[86],-0.441265,0.0591045,-0.535248,-0.441866,-0.343064,1.00944,2058.83
mu_player[87],-0.699115,0.0792357,-0.833721,-0.698716,-0.570094,1.00564,881.053
mu_player[88],-0.504051,0.0837788,-0.647388,-0.500879,-0.373616,1.00108,1174.62
mu_player[89],-1.06378,0.0740071,-1.18293,-1.06506,-0.947263,1.00126,1341.67
mu_player[90],-0.856174,0.0623034,-0.96127,-0.85707,-0.752156,1.00364,2572.46
mu_player[91],-0.381317,0.0799013,-0.509852,-0.379914,-0.249805,1.00455,968.394
mu_player[92],-0.868394,0.0552086,-0.95885,-0.867789,-0.77657,0.999964,2324.38
mu_player[93],-0.51625,0.0496048,-0.597685,-0.517323,-0.433732,0.999787,2419.44
mu_player[94],-0.776144,0.0851921,-0.915903,-0.776552,-0.640364,1.00112,1061.74
mu_player[95],-1.14822,0.0547911,-1.23832,-1.14583,-1.06155,1.00303,2173.47
mu_player[96],-0.671678,0.0557694,-0.763887,-0.671803,-0.583242,1.0019,2717.23
mu_player[97],-1.07089,0.0875505,-1.21958,-1.07166,-0.928382,1.00563,1880.52
mu_player[98],-1.21856,0.0660866,-1.32742,-1.21877,-1.11044,1.00246,2414.94
mu_player[99],-0.359961,0.0920199,-0.513595,-0.358167,-0.213534,1.00959,1197.14
mu_player[100],-0.354132,0.099664,-0.52703,-0.349824,-0.198879,1.01207,684.327
mu_player[101],-0.597645,0.101673,-0.760683,-0.597521,-0.432446,1.0009,1139.94
mu_player[102],-0.664133,0.089775,-0.815585,-0.657277,-0.521626,1.0025,1472.25
mu_player[103],-0.272236,0.0734185,-0.388962,-0.271725,-0.153635,0.999748,1025.9
mu_player[104],-0.748678,0.0826216,-0.889987,-0.747959,-0.609678,1.00592,1814.97
mu_player[105],-0.477552,0.0943975,-0.639294,-0.47548,-0.327171,1.00894,1218.15
mu_player[106],-0.781808,0.0982719,-0.931572,-0.787639,-0.615121,1.00785,456.908
mu_player[107],-0.794553,0.100853,-0.963163,-0.795853,-0.622619,1.00135,1103.21
mu_player[108],-0.576757,0.0810782,-0.704245,-0.578759,-0.446874,1.00195,1291.49
mu_player[109],-0.843276,0.117432,-1.02712,-0.843449,-0.655776,1.00466,816.628
mu_player[110],-0.774632,0.0644455,-0.881039,-0.774925,-0.665065,1.00161,1105.05
mu_player[111],-0.675561,0.0613623,-0.7779,-0.67561,-0.575592,1.00593,2325.94
mu_player[112],-0.970829,0.0716851,-1.09175,-0.97009,-0.858654,1.0103,1891.2
mu_player[113],-0.532047,0.0663885,-0.63737,-0.532685,-0.421288,1.00624,1352.23
mu_player[114],-0.843422,0.0707961,-0.954831,-0.8432,-0.726623,1.00139,1782.48
mu_player[115],-0.670466,0.0568997,-0.764877,-0.668546,-0.577666,1.00251,1923.58
mu_player[116],-1.16586,0.0682687,-1.27329,-1.16713,-1.05095,1.0051,981.096
mu_player[117],-1.13878,0.0910646,-1.28809,-1.13731,-0.990074,1.00495,1759.72
mu_player[118],-0.812943,0.0726118,-0.936247,-0.813184,-0.698738,0.999633,2048.28
mu_player[119],-0.744955,0.110589,-0.921582,-0.74905,-0.553784,1.00828,1303.51
mu_player[120],-0.860757,0.0807517,-0.98338,-0.865305,-0.716793,1.01024,464.835
mu_player[121],-0.752009,0.100999,-0.91171,-0.751924,-0.582547,1.00979,1231.94
mu_player[122],-0.849025,0.0817123,-0.979544,-0.852116,-0.711281,1.00582,669.671
mu_player[123],-1.04645,0.202991,-1.37603,-1.04998,-0.715379,1.0055,1009.12
mu_player[124],-0.712776,0.0822371,-0.850296,-0.713668,-0.57819,1.00429,1292.34
mu_player[125],-1.03633,0.0829771,-1.17093,-1.03754,-0.896752,1.00196,1235.73
mu_player[126],-0.826148,0.11793,-1.02174,-0.827654,-0.641979,1.01236,1453.96
mu_player[127],-0.89899,0.0794061,-1.02476,-0.899274,-0.771853,1.00529,1418.48
mu_player[128],-0.447118,0.104052,-0.60763,-0.452286,-0.269806,1.00441,1120.49
mu_player[129],-0.842461,0.0815333,-0.968912,-0.842768,-0.711236,1.00706,1546.81
mu_player[130],-0.845812,0.111189,-1.01782,-0.846534,-0.658583,1.00367,1326.48
mu_player[131],-0.489036,0.13353,-0.723172,-0.482722,-0.28411,1.01154,830.147
mu_player[132],-1.06369,0.0916755,-1.2136,-1.06318,-0.91246,1.00261,1956.33
mu_player[133],-0.769184,0.104622,-0.934557,-0.771242,-0.590489,1.01342,1116.23
mu_player[134],-0.663012,0.0792977,-0.790404,-0.662845,-0.532261,1.00938,1743.51
mu_player[135],-1.10147,0.11586,-1.29355,-1.09881,-0.912833,1.00571,1351.61
mu_player[136],-0.49083,0.0942151,-0.657182,-0.487725,-0.349452,1.00643,1196.11
mu_player[137],-0.377918,0.099855,-0.540469,-0.374719,-0.215661,1.00399,1158.63
mu_player[138],-0.810975,0.09125,-0.958839,-0.810731,-0.654703,1.00441,1189.0
mu_player[139],-0.782247,0.117204,-0.963062,-0.785266,-0.583894,1.00357,1090.75
mu_player[140],-0.705338,0.111829,-0.87981,-0.706311,-0.518254,0.999548,1126.59
mu_player[141],-1.07387,0.12632,-1.27387,-1.07963,-0.844916,1.01086,584.675
mu_player[142],-0.877428,0.0940289,-1.02685,-0.877352,-0.723667,1.00579,1667.29
mu_player[143],-0.727587,0.112571,-0.912705,-0.730212,-0.540752,1.0016,1474.62
mu_player[144],-0.806408,0.107077,-0.970399,-0.808191,-0.627359,1.01199,930.771
mu_player[145],-1.13567,0.0678252,-1.24484,-1.13183,-1.02195,1.00204,1513.74
mu_player[146],-0.280476,0.109667,-0.479127,-0.268236,-0.12117,1.01398,402.422
mu_player[147],-0.648222,0.103326,-0.820073,-0.644217,-0.481179,1.00698,959.238
mu_player[148],-0.196044,0.11945,-0.416774,-0.183637,-0.0251094,1.01118,252.495
mu_player[149],-0.789408,0.129495,-0.995989,-0.789025,-0.580969,1.00491,1452.04
mu_player[150],-0.843688,0.0996549,-1.0081,-0.837447,-0.685532,1.00937,866.621
mu_player[151],-0.800437,0.0490161,-0.878998,-0.800565,-0.718012,1.00584,1924.77
mu_player[152],-0.798277,0.101162,-0.964669,-0.796202,-0.638517,1.00309,2232.78
mu_player[153],-0.897316,0.120959,-1.09448,-0.89695,-0.693138,1.00494,1620.95
mu_player[154],-0.906279,0.090863,-1.05065,-0.907495,-0.754812,1.00362,1434.52
mu_player[155],-0.7236,0.112585,-0.910528,-0.722662,-0.540269,1.00375,2536.43
mu_player[156],-0.656622,0.120203,-0.860857,-0.657074,-0.454456,1.00196,1069.11
mu_player[157],-0.49621,0.113047,-0.69051,-0.493042,-0.323434,1.00544,906.255
mu_player[158],-0.773098,0.116924,-0.959934,-0.77672,-0.562231,1.00324,1068.05
mu_player[159],-0.65271,0.116418,-0.836388,-0.655425,-0.459755,1.00974,1329.25
mu_player[160],-0.755959,0.0811351,-0.894706,-0.752048,-0.625731,1.00056,936.268
mu_player[161],-0.650033,0.124282,-0.846603,-0.653482,-0.440399,1.00371,715.193
mu_player[162],-0.638344,0.134489,-0.849269,-0.644353,-0.414233,1.00708,1256.4
mu_player[163],-0.622505,0.114153,-0.817126,-0.622305,-0.434426,1.00564,1044.61
mu_player[164],-0.610328,0.115708,-0.796467,-0.612671,-0.424522,1.00539,1015.97
mu_player[165],-0.67987,0.128028,-0.893774,-0.677076,-0.477729,1.01018,775.971
mu_player[166],-0.859305,0.133933,-1.0765,-0.863243,-0.635522,1.01154,1230.64
mu_player[167],-0.694228,0.127939,-0.895468,-0.698152,-0.485239,1.00997,743.975
mu_player[168],-0.78076,0.11177,-0.963162,-0.780927,-0.591416,1.00874,803.147
mu_player[169],-0.664641,0.146392,-0.9267,-0.660439,-0.427901,1.00656,1170.33
mu_player[170],-0.83811,0.0738985,-0.9573,-0.838967,-0.716843,1.00181,1490.08
mu_player[171],-0.579289,0.123333,-0.763829,-0.588397,-0.357704,1.00964,692.292
mu_player[172],-0.538348,0.119598,-0.733229,-0.536126,-0.348768,1.00686,1086.21
mu_player[173],-1.41561,0.10096,-1.57493,-1.41704,-1.24749,1.0037,1130.11
mu_player[174],-1.25168,0.122764,-1.43738,-1.26274,-1.03108,1.01725,303.183
mu_player[175],-1.09454,0.107138,-1.26931,-1.09064,-0.919395,1.00063,2392.79
mu_player[176],-1.05269,0.0959319,-1.20987,-1.05389,-0.895505,1.00111,1600.12
mu_player[177],-0.475968,0.138768,-0.731968,-0.467893,-0.257718,1.00322,920.498
mu_player[178],-1.12475,0.15349,-1.36585,-1.13018,-0.864384,1.01387,269.702
mu_player[179],-0.971369,0.111357,-1.15273,-0.971324,-0.787207,1.00376,1543.17
mu_player[180],-0.844207,0.151572,-1.07988,-0.850207,-0.59059,1.00891,901.3
mu_player[181],-0.760284,0.122142,-0.952462,-0.765381,-0.552987,1.00645,1214.99
mu_player[182],-0.923761,0.147667,-1.15545,-0.928202,-0.677703,1.00835,1136.82
mu_player[183],-1.02168,0.144174,-1.24147,-1.03427,-0.767091,1.00813,415.561
mu_player[184],-0.804869,0.122818,-1.01227,-0.803794,-0.604883,1.00731,1624.54
mu_player[185],-0.70732,0.121055,-0.900985,-0.711667,-0.501749,1.00249,1425.53
mu_player[186],-0.630156,0.136984,-0.859313,-0.627238,-0.410698,1.00178,1216.91
mu_player[187],-0.693938,0.115345,-0.887501,-0.690662,-0.507131,1.00726,1418.79
mu_player[188],-1.07318,0.145727,-1.29384,-1.08189,-0.825329,1.00808,444.686
mu_player[189],-0.830641,0.141074,-1.06571,-0.83559,-0.603493,1.00264,982.845
mu_player[190],-0.58592,0.126115,-0.798231,-0.583773,-0.382536,1.00631,1298.59
mu_player[191],-0.838354,0.144862,-1.08119,-0.842277,-0.595797,1.00115,1225.78
mu_player[192],-0.886603,0.159008,-1.14754,-0.891606,-0.621884,1.00317,1308.53
mu_player[193],-0.906309,0.100423,-1.06495,-0.911694,-0.733743,1.00145,915.8
mu_player[194],-0.765822,0.108537,-0.945532,-0.768111,-0.591856,1.00392,1339.37
mu_player[195],-0.91125,0.120852,-1.11141,-0.912538,-0.716575,1.00199,1749.36
mu_player[196],-0.741083,0.144333,-0.978235,-0.743607,-0.497015,1.01047,1434.41
mu_player[197],-0.785576,0.0714851,-0.904175,-0.785883,-0.673698,1.00944,1953.51
sigma_position,0.111338,0.0760995,0.0319205,0.0940472,0.259757,1.00736,444.858
sigma_player,0.271294,0.0168145,0.245686,0.270099,0.300411,1.00356,713.067
age_slope_position[1],0.0135792,0.00805162,0.000187444,0.0139196,0.0265877,1.00479,481.257
age_slope_position[2],-0.00314738,0.032092,-0.056026,-0.00248224,0.0482456,1.00402,1513.43
age_slope_position[3],0.0243582,0.0118504,0.00550331,0.0245368,0.0442112,1.00159,691.802
age_slope_position[4],0.0184511,0.00978313,0.00261531,0.0184583,0.0348704,1.00617,505.848
age_slope_position[5],0.0126183,0.00895219,-0.00215328,0.0126148,0.0273502,1.00122,548.622
age_slope_player_sd,0.017204,0.00896761,0.00245208,0.0174314,0.0315859,1.07328,44.79
age_slope_player_z[1],0.49388,0.933321,-1.09371,0.485474,2.01781,1.00012,1408.27
age_slope_player_z[2],-0.101726,0.873446,-1.54778,-0.100109,1.33568,1.00245,1703.62
age_slope_player_z[3],-0.320799,0.920551,-1.772,-0.343191,1.29662,1.00445,1955.58
age_slope_player_z[4],-1.61711,1.12418,-3.29326,-1.71049,0.447304,1.02638,147.269
age_slope_player_z[5],0.00211776,0.912254,-1.50199,0.0350578,1.4405,1.00024,2356.5
age_slope_player_z[6],0.050913,0.934707,-1.56071,0.0743494,1.51382,1.00198,2005.83
age_slope_player_z[7],-0.128386,0.885378,-1.59993,-0.123089,1.33095,1.00465,1718.55
age_slope_player_z[8],-0.336492,0.986215,-1.95712,-0.327037,1.2577,1.00327,907.759
age_slope_player_z[9],-0.146472,0.915389,-1.68869,-0.14472,1.37994,1.00015,2221.02
age_slope_player_z[10],0.351901,0.954572,-1.26554,0.344551,1.87994,1.00388,1984.5
age_slope_player_z[11],0.138991,0.975869,-1.47724,0.147764,1.74068,1.00492,1910.74
age_slope_player_z[12],-0.31198,1.00957,-1.90807,-0.321933,1.3455,1.00237,942.898
age_slope_player_z[13],-0.237807,0.951776,-1.80106,-0.236544,1.34793,1.00197,1880.14
age_slope_player_z[14],0.0166429,0.948233,-1.47945,0.0119589,1.54035,1.00054,1853.51
age_slope_player_z[15],0.58289,0.970798,-1.00047,0.605564,2.10492,1.00556,649.166
age_slope_player_z[16],0.238596,0.951347,-1.31054,0.2214,1.82407,1.00191,1264.37
age_slope_player_z[17],0.0457007,0.907087,-1.47062,0.0547308,1.53185,1.00351,2330.83
age_slope_player_z[18],-0.415038,0.934997,-1.92473,-0.444928,1.19791,1.00306,1533.67
age_slope_player_z[19],0.143007,0.9639,-1.43151,0.146188,1.72669,1.00195,1845.01
age_slope_player_z[20],0.196078,0.955868,-1.32399,0.177843,1.74578,1.00375,1851.19
age_slope_player_z[21],-0.215354,0.973928,-1.77451,-0.210524,1.39327,1.00126,2449.86
age_slope_player_z[22],0.253527,0.995899,-1.44667,0.276494,1.88228,1.00172,2021.42
age_slope_player_z[23],0.0103463,0.990034,-1.61184,-0.00637752,1.62559,1.00517,2932.92
age_slope_player_z[24],-0.230149,0.953255,-1.67517,-0.27775,1.40102,1.00578,1575.79
age_slope_player_z[25],0.100397,1.00345,-1.51817,0.0998828,1.71607,0.999563,2135.45
age_slope_player_z[26],0.28469,0.954644,-1.28212,0.309507,1.84232,1.00225,1355.83
age_slope_player_z[27],-0.0172771,0.917515,-1.53882,-0.0346661,1.50113,1.00001,1812.38
age_slope_player_z[28],-0.106621,1.00277,-1.76706,-0.120928,1.57935,1.00211,2889.35
age_slope_player_z[29],-0.059448,0.980509,-1.68009,-0.0433645,1.57266,1.00157,2760.36
age_slope_player_z[30],0.330866,0.96561,-1.32833,0.313382,1.87678,1.00355,1725.48
age_slope_player_z[31],-0.114189,0.953086,-1.72168,-0.108161,1.4874,0.999213,2603.03
age_slope_player_z[32],0.039193,0.99696,-1.52136,0.015299,1.76412,1.00174,2255.84
age_slope_player_z[33],-0.746004,1.02606,-2.32325,-0.768443,0.990362,1.00936,407.104
age_slope_player_z[34],-0.0560415,0.947327,-1.64167,-0.0247253,1.50096,1.00051,2342.01
age_slope_player_z[35],-0.375792,0.917459,-1.82865,-0.377702,1.11303,1.0066,1452.07
age_slope_player_z[36],0.162068,0.993141,-1.48573,0.120672,1.85849,1.00718,2157.73
age_slope_player_z[37],-0.46094,1.0194,-2.04644,-0.466888,1.20939,1.00328,1016.47
age_slope_player_z[38],0.223294,0.991764,-1.36686,0.256377,1.82441,1.0028,2021.33
age_slope_player_z[39],-0.160028,0.932501,-1.64334,-0.188796,1.4083,1.00622,2672.79
age_slope_player_z[40],-0.152908,0.958223,-1.66857,-0.153109,1.4046,1.00576,2165.37
age_slope_player_z[41],0.0290551,0.980102,-1.59285,0.0381745,1.60584,0.998759,2062.02
age_slope_player_z[42],-0.459175,1.02676,-2.24351,-0.466267,1.21751,1.00136,1677.25
age_slope_player_z[43],0.0966667,1.00604,-1.54464,0.101456,1.76831,1.00392,3047.37
age_slope_player_z[44],-0.316202,1.02112,-1.94143,-0.364061,1.40474,1.00282,1840.08
age_slope_player_z[45],-0.216604,0.998908,-1.90412,-0.214996,1.41081,1.00174,2457.16
age_slope_player_z[46],-0.0499051,0.958403,-1.58831,-0.0700999,1.54352,1.00202,2545.39
age_slope_player_z[47],0.209264,0.974425,-1.42619,0.215917,1.8291,1.00389,2248.1
age_slope_player_z[48],0.0401361,0.97257,-1.59742,0.089024,1.62802,1.01109,2218.11
age_slope_player_z[49],-0.0975253,1.00477,-1.77093,-0.10835,1.56609,0.999184,2216.18
age_slope_player_z[50],0.581079,0.986816,-1.02414,0.554808,2.22789,1.0067,724.839
age_slope_player_z[51],0.165152,0.973939,-1.42186,0.18044,1.80215,1.00227,2149.58
age_slope_player_z[52],-0.0614682,0.963692,-1.61754,-0.0802758,1.54034,1.0035,2316.17
age_slope_player_z[53],-0.0622553,0.973394,-1.75812,-0.0289988,1.51201,1.00095,1816.81
age_slope_player_z[54],0.501329,0.954528,-1.07654,0.500462,2.07213,1.0023,1693.2
age_slope_player_z[55],-0.0878305,0.929225,-1.56093,-0.102089,1.45837,1.00423,2198.22
age_slope_player_z[56],0.0376266,0.993965,-1.55801,0.0514877,1.62324,1.00122,2450.3
age_slope_player_z[57],-0.312274,0.97803,-1.89213,-0.314559,1.31472,1.00305,2044.22
age_slope_player_z[58],0.0766152,1.00588,-1.52191,0.0735602,1.73182,0.999218,2193.56
age_slope_player_z[59],0.284827,0.998182,-1.36704,0.306169,1.90097,0.998746,2613.5
age_slope_player_z[60],0.11519,0.973508,-1.51508,0.122036,1.71655,0.999994,2210.74
age_slope_player_z[61],0.177959,0.993628,-1.50855,0.188572,1.80872,1.00268,2343.38
age_slope_player_z[62],-0.120433,1.00137,-1.7245,-0.138371,1.58027,1.00189,2564.7
age_slope_player_z[63],-0.0345878,0.931612,-1.57076,-0.0515949,1.52003,1.00342,2534.59
age_slope_player_z[64],-0.165359,0.974581,-1.77397,-0.170975,1.41846,1.00043,2119.97
age_slope_player_z[65],0.068185,0.97751,-1.53613,0.0734694,1.60262,1.00013,1871.55
age_slope_player_z[66],0.0344482,0.997575,-1.63201,0.0308636,1.67596,1.00172,2497.65
age_slope_player_z[67],-0.195216,1.01278,-1.82065,-0.168108,1.46274,0.998765,1957.29
age_slope_player_z[68],-0.119756,0.96998,-1.68909,-0.127171,1.48308,1.00152,2376.14
age_slope_player_z[69],-0.317047,0.964729,-1.88193,-0.328323,1.27154,1.00825,1439.98
age_slope_player_z[70],-0.186078,0.972716,-1.74035,-0.182745,1.42533,1.00163,1967.3
age_slope_player_z[71],0.0281405,0.94983,-1.53313,0.0277809,1.63204,1.00098,3526.42
age_slope_player_z[72],-0.0273093,0.970039,-1.70813,-0.009829,1.57676,1.00358,2157.5
age_slope_player_z[73],0.199688,1.00406,-1.40209,0.180498,1.88217,1.00475,2941.17
age_slope_player_z[74],0.365279,0.968112,-1.22215,0.381896,1.99253,1.0019,1668.82
age_slope_player_z[75],0.260886,0.988406,-1.3907,0.274393,1.86138,1.00258,1666.08
age_slope_player_z[76],0.173044,1.0171,-1.4914,0.172757,1.80197,1.00301,2803.75
age_slope_player_z[77],-0.0221549,0.946946,-1.58066,-0.0173744,1.55368,1.00163,2830.81
age_slope_player_z[78],-0.035859,0.999898,-1.69066,-0.0430452,1.60767,1.00122,3465.28
age_slope_player_z[79],-0.160245,0.979471,-1.75844,-0.163759,1.47948,1.00057,2368.01
age_slope_player_z[80],-0.0938107,1.01293,-1.72011,-0.0896999,1.49798,1.00901,2320.18
age_slope_player_z[81],0.094368,1.00834,-1.54792,0.0811094,1.72377,1.00453,2843.01
age_slope_player_z[82],-0.0815803,0.96058,-1.67293,-0.0926366,1.51701,1.00298,1620.65
age_slope_player_z[83],-0.0798473,0.958204,-1.64093,-0.0835988,1.54519,1.00131,2342.22
age_slope_player_z[84],-0.535311,1.06752,-2.30528,-0.538922,1.14993,1.00514,709.826
age_slope_player_z[85],-0.412965,0.914267,-1.94977,-0.422222,1.09168,1.00158,1680.71
age_slope_player_z[86],-0.0401296,0.931357,-1.5996,-0.05245,1.52331,1.00138,2172.97
age_slope_player_z[87],0.166691,1.00267,-1.53668,0.155032,1.81393,1.00466,1741.04
age_slope_player_z[88],-0.197182,0.9596,-1.73109,-0.22264,1.40668,1.00194,1465.68
age_slope_player_z[89],0.129119,0.972889,-1.46767,0.111098,1.7825,1.00039,2372.73
age_slope_player_z[90],-0.0185518,1.01044,-1.66957,-0.0210595,1.57355,1.00293,2912.22
age_slope_player_z[91],-0.203674,0.968742,-1.7859,-0.174163,1.29589,1.00474,1446.79
age_slope_player_z[92],-0.00348074,0.962208,-1.55228,0.0043261,1.55281,1.0013,2361.74
age_slope_player_z[93],-0.239809,0.988255,-1.90134,-0.256369,1.32074,1.00329,1557.22
age_slope_player_z[94],-0.212107,0.979853,-1.83156,-0.197448,1.39059,1.00104,1638.59
age_slope_player_z[95],-0.0625305,0.970199,-1.65196,-0.0618112,1.48515,1.0058,2259.05
age_slope_player_z[96],0.0740717,0.968588,-1.51944,0.0905378,1.62133,1.00435,2421.77
age_slope_player_z[97],-0.114175,0.928317,-1.64257,-0.139093,1.38389,1.00716,2365.68
age_slope_player_z[98],0.106435,0.944574,-1.44289,0.114096,1.61032,1.00411,2624.97
age_slope_player_z[99],-0.17882,0.964064,-1.74573,-0.200487,1.44726,1.0,2290.86
age_slope_player_z[100],-0.395762,0.946297,-1.90284,-0.370478,1.17549,1.00091,1605.57
age_slope_player_z[101],0.0485684,0.940921,-1.46075,0.0393143,1.57298,1.00117,1641.15
age_slope_player_z[102],-0.207766,0.967021,-1.77462,-0.191124,1.37676,1.0016,2653.91
age_slope_player_z[103],-0.131167,0.959373,-1.77366,-0.138942,1.46771,1.0054,1987.25
age_slope_player_z[104],-0.0480478,0.968098,-1.6318,-0.0551655,1.54495,1.00267,2406.27
age_slope_player_z[105],-0.247064,0.94619,-1.81006,-0.238002,1.32939,1.00184,2408.93
age_slope_player_z[106],0.367541,0.948241,-1.14346,0.364626,1.90338,1.00098,1200.6
age_slope_player_z[107],0.0126634,0.97786,-1.62797,0.0236009,1.59774,1.00896,2214.96
age_slope_player_z[108],0.0673403,0.917916,-1.48092,0.0511642,1.59657,1.00549,1940.5
age_slope_player_z[109],0.128883,0.930505,-1.39144,0.125168,1.71473,0.998297,1938.06
age_slope_player_z[110],-0.152517,1.05128,-1.8762,-0.137051,1.5095,1.00203,2552.38
age_slope_player_z[111],0.219717,1.00322,-1.41444,0.213636,1.84244,1.00071,2239.78
age_slope_player_z[112],0.0337902,1.03342,-1.64882,0.0282879,1.79006,1.00355,2811.41
age_slope_player_z[113],0.0172348,0.997947,-1.61113,0.0305464,1.57642,1.00336,2449.43
age_slope_player_z[114],0.0343353,0.96333,-1.55796,0.0759447,1.53859,1.00159,2055.48
age_slope_player_z[115],0.143306,0.978178,-1.38861,0.132882,1.71183,0.998788,2649.25
age_slope_player_z[116],-0.617625,1.03428,-2.26348,-0.631432,1.10025,1.00226,774.324
age_slope_player_z[117],-0.111426,1.01777,-1.77551,-0.115289,1.56953,1.00471,2833.54
age_slope_player_z[118],-0.00699724,0.939821,-1.59306,0.00859117,1.49257,0.99948,2344.89
age_slope_player_z[119],0.198968,0.936676,-1.28451,0.178495,1.73774,1.00777,1786.27
age_slope_player_z[120],0.419193,0.979603,-1.16231,0.443406,2.03642,1.00434,1152.33
age_slope_player_z[121],-0.015524,0.947044,-1.58188,-0.00990322,1.57012,1.00679,1900.9
age_slope_player_z[122],0.474939,0.97538,-1.13329,0.506449,2.0612,1.00317,1124.84
age_slope_player_z[123],0.196529,0.990782,-1.38544,0.186558,1.84577,1.00885,2397.99
age_slope_player_z[124],0.0345289,1.02716,-1.63176,0.0196751,1.72448,1.00041,2246.59
age_slope_player_z[125],0.245541,0.984439,-1.37966,0.24254,1.8629,1.00589,1639.1
age_slope_player_z[126],0.0844436,0.924724,-1.48118,0.0866832,1.57898,1.00319,2969.62
age_slope_player_z[127],0.1012,0.957235,-1.42126,0.0891056,1.75271,1.0046,2349.95
age_slope_player_z[128],0.143785,0.906975,-1.34007,0.144141,1.63199,1.00221,1652.1
age_slope_player_z[129],0.105476,0.976983,-1.44967,0.0752007,1.6979,1.00692,3150.6
age_slope_player_z[130],0.00779443,0.975098,-1.57066,-0.0125591,1.58761,1.00218,2423.0
age_slope_player_z[131],-0.363756,0.947376,-1.83153,-0.368192,1.23659,1.00322,1886.76
age_slope_player_z[132],0.0397433,0.970375,-1.5325,0.0252138,1.66029,1.00147,2493.59
age_slope_player_z[133],0.189283,0.951957,-1.40281,0.206492,1.69438,1.00505,1922.41
age_slope_player_z[134],0.108146,0.978114,-1.50779,0.109997,1.74896,1.00254,2414.1
age_slope_player_z[135],0.00204098,0.936767,-1.5585,-0.0202256,1.49734,1.007,2926.06
age_slope_player_z[136],-0.276424,0.873571,-1.73066,-0.273046,1.14799,1.01025,1839.63
age_slope_player_z[137],-0.079332,0.912837,-1.57725,-0.103109,1.45873,1.00276,1583.38
age_slope_player_z[138],0.213255,0.971378,-1.3637,0.225202,1.8023,1.00216,2434.07
age_slope_player_z[139],0.261098,0.894158,-1.1958,0.292654,1.75287,1.00031,1569.16
age_slope_player_z[140],0.15006,0.924028,-1.36882,0.1317,1.67037,1.00606,2146.25
age_slope_player_z[141],0.35218,0.949101,-1.15573,0.343218,1.91085,1.00523,1503.41
age_slope_player_z[142],-0.106343,0.906738,-1.59242,-0.0997617,1.35113,1.00386,2387.34
age_slope_player_z[143],-0.050313,0.952459,-1.6409,-0.0338187,1.44827,1.00788,2526.62
age_slope_player_z[144],0.00963289,0.942118,-1.45102,-0.0183337,1.61562,0.999066,1927.57
age_slope_player_z[145],0.566166,1.05066,-1.1729,0.564072,2.2616,1.0136,705.757
age_slope_player_z[146],-0.523204,0.950762,-2.05599,-0.546841,1.08817,1.00462,835.046
age_slope_player_z[147],-0.236396,0.937231,-1.79043,-0.245643,1.34101,1.00248,1344.24
age_slope_player_z[148],-0.76145,0.96255,-2.24902,-0.791137,0.896251,1.00662,517.322
age_slope_player_z[149],0.0943917,0.962533,-1.50287,0.0817375,1.72403,1.00313,1998.85
age_slope_player_z[150],-0.222121,0.949741,-1.80038,-0.21504,1.29066,1.00219,1890.88
age_slope_player_z[151],-0.189068,0.969423,-1.74291,-0.195639,1.36501,1.00329,2421.04
age_slope_player_z[152],0.0442201,0.991482,-1.54301,0.0558911,1.62983,1.00704,2557.62
age_slope_player_z[153],0.0506032,0.968264,-1.52669,0.0473453,1.66048,1.00565,2540.91
age_slope_player_z[154],0.283914,0.992356,-1.36423,0.326269,1.86554,1.00152,2063.31
age_slope_player_z[155],-0.0431871,0.982309,-1.66411,-0.0248822,1.53732,0.999445,2524.28
age_slope_player_z[156],-0.151355,0.860659,-1.59462,-0.124527,1.17885,1.00885,2028.98
age_slope_player_z[157],-0.223294,0.936541,-1.80482,-0.213166,1.27364,1.00794,2067.62
age_slope_player_z[158],0.218169,1.00475,-1.40036,0.237911,1.8891,1.0004,2013.33
age_slope_player_z[159],-0.0386644,0.898535,-1.4956,-0.0525832,1.42615,1.00415,2034.12
age_slope_player_z[160],-0.405616,0.94329,-1.94803,-0.421325,1.1566,1.00563,1512.29
age_slope_player_z[161],0.309974,0.916095,-1.19607,0.319259,1.84286,1.00634,1580.01
age_slope_player_z[162],0.112462,0.923407,-1.42157,0.115297,1.65046,0.99916,2277.78
age_slope_player_z[163],0.120528,0.949128,-1.48402,0.143101,1.6532,1.00051,1539.56
age_slope_player_z[164],-0.0775839,0.840177,-1.45855,-0.0832867,1.30158,1.00942,2074.48
age_slope_player_z[165],-0.208878,0.954967,-1.78686,-0.228459,1.35301,1.00485,1716.33
age_slope_player_z[166],0.141916,0.975828,-1.52172,0.182821,1.66143,1.00368,2216.03
age_slope_player_z[167],0.247251,0.934244,-1.29769,0.238943,1.8045,0.999241,1555.02
age_slope_player_z[168],0.282718,0.916303,-1.27014,0.279878,1.73908,1.00795,1533.83
age_slope_player_z[169],-0.175646,0.919487,-1.69593,-0.184303,1.35587,1.00279,1973.81
age_slope_player_z[170],0.0094138,0.94528,-1.54012,0.00539708,1.52005,1.0046,2233.56
age_slope_player_z[171],0.451602,0.940157,-1.07164,0.463823,1.97498,1.00109,1747.45
age_slope_player_z[172],-0.144378,0.940699,-1.66754,-0.144354,1.40908,1.00089,1924.2
age_slope_player_z[173],0.299863,0.987745,-1.34622,0.281761,1.90883,1.00242,1837.96
age_slope_player_z[174],0.694891,0.951108,-0.911631,0.714756,2.21553,1.00786,465.557
age_slope_player_z[175],0.141064,0.972812,-1.52657,0.189472,1.67466,1.00479,2656.9
age_slope_player_z[176],0.0235589,0.971266,-1.59974,0.017657,1.6016,1.00227,2395.36
age_slope_player_z[177],-0.267621,0.900768,-1.70466,-0.267139,1.24543,1.00604,2083.29
age_slope_player_z[178],0.516167,0.953367,-1.13759,0.545455,1.99972,1.00465,1479.48
age_slope_player_z[179],0.157876,0.958965,-1.47667,0.184603,1.65833,1.00286,1939.6
age_slope_player_z[180],0.148583,0.960435,-1.49244,0.144592,1.65736,1.00181,1789.87
age_slope_player_z[181],0.1696,0.928744,-1.32409,0.143501,1.72549,1.00341,2251.82
age_slope_player_z[182],0.186919,0.962488,-1.36431,0.157213,1.75604,1.00379,2152.21
age_slope_player_z[183],0.411497,0.920867,-1.14317,0.412035,1.89282,1.0044,1000.06
age_slope_player_z[184],0.0182818,0.886489,-1.46345,0.0489669,1.45097,1.00282,2299.58
age_slope_player_z[185],0.104562,0.893949,-1.45467,0.117299,1.59266,1.00521,2331.59
age_slope_player_z[186],-0.0201028,0.913513,-1.54914,-0.0441273,1.50434,1.00636,2032.46
age_slope_player_z[187],-0.103496,0.93368,-1.61723,-0.0942106,1.36856,1.00197,2234.51
age_slope_player_z[188],0.391464,0.942954,-1.17176,0.379467,1.96493,1.00423,1465.5
age_slope_player_z[189],0.178632,0.890402,-1.33166,0.182586,1.67051,1.00388,1992.0
age_slope_player_z[190],-0.126578,0.976781,-1.73521,-0.107179,1.45902,0.998985,1976.86
age_slope_player_z[191],0.0590517,0.986468,-1.61677,0.0724018,1.66526,1.0034,2248.63
age_slope_player_z[192],0.254044,0.918236,-1.26711,0.245163,1.75929,1.00096,2386.97
age_slope_player_z[193],0.256568,0.937823,-1.27014,0.233374,1.82898,1.00472,1608.3
age_slope_player_z[194],-0.0483454,0.946993,-1.65025,-0.0402505,1.51146,1.00513,2149.31
age_slope_player_z[195],0.121708,0.958546,-1.48418,0.136829,1.67247,1.00234,2492.48
age_slope_player_z[196],-0.0411215,0.951028,-1.60401,-0.0818767,1.58126,1.00156,1984.63
age_slope_player_z[197],0.00984568,0.994631,-1.6557,0.0182635,1.65748,1.00571,2468.64
beta_pace,0.046597,0.00931784,0.0306628,0.0467423,0.0619728,1.00539,1487.8
beta_mates_usage,-0.0241578,0.00932902,-0.0394791,-0.0242189,-0.0088762,1.00282,1087.79
phi,9.99742,0.277204,9.55457,9.994,10.4583,1.00083,2928.56
age_slope_player[1],0.0282705,0.0185997,0.000766416,0.0263242,0.059826,1.01338,294.62
age_slope_player[2],0.0116035,0.0165768,-0.0154365,0.012237,0.0377097,1.01506,1014.47
age_slope_player[3],0.00701914,0.0174506,-0.0248115,0.00866431,0.0325282,1.00908,857.157
age_slope_player[4],-0.0148259,0.0280931,-0.0652919,-0.0113772,0.0238665,1.04331,92.3275
age_slope_player[5],0.0125155,0.0171948,-0.0161926,0.0123804,0.0400858,1.00785,1382.38
age_slope_player[6],0.0143837,0.0179971,-0.0140578,0.014408,0.0439742,1.01367,1061.67
age_slope_player[7],0.0154423,0.0174932,-0.0140383,0.0161417,0.0424683,1.00307,1009.72
age_slope_player[8],0.00604982,0.0195824,-0.0297815,0.00840548,0.0341105,1.0121,583.654
age_slope_player[9],0.00994527,0.0178159,-0.0192112,0.0103724,0.0381245,1.00624,1314.4
age_slope_player[10],0.0316983,0.0202573,0.00123486,0.0301756,0.0687776,1.00417,769.854
age_slope_player[11],0.0154621,0.0193931,-0.0156931,0.014895,0.0478641,1.00862,927.85
age_slope_player[12],0.0114816,0.0205745,-0.025627,0.0129736,0.0426144,1.0059,582.912
age_slope_player[13],0.00781138,0.0195424,-0.0251634,0.00872118,0.0388361,1.02118,933.015
age_slope_player[14],0.0141441,0.0194093,-0.0170713,0.0135286,0.0461342,1.01163,999.801
age_slope_player[15],0.025594,0.020263,-0.00368269,0.0231329,0.0618669,1.01772,213.379
age_slope_player[16],0.0236649,0.0207994,-0.00600149,0.021908,0.0588157,1.00884,520.843
age_slope_player[17],0.0142325,0.0180794,-0.0166117,0.014028,0.0454043,1.00975,1204.57
age_slope_player[18],0.00497556,0.0188617,-0.0283825,0.00700684,0.0326009,1.00653,599.264
age_slope_player[19],0.0215763,0.0192219,-0.00694985,0.0199135,0.0562749,1.00748,1325.6
age_slope_player[20],0.0171021,0.0201606,-0.0115404,0.01533,0.0530545,1.01177,1059.19
age_slope_player[21],0.0199648,0.0218844,-0.0166337,0.0208086,0.0547329,1.01014,955.745
age_slope_player[22],0.0177614,0.021384,-0.014524,0.0158567,0.0564817,1.00718,659.181
age_slope_player[23],0.0187826,0.0208989,-0.0139581,0.017933,0.0543071,1.0084,1417.29
age_slope_player[24],0.00845112,0.0192858,-0.0254187,0.00947195,0.03898,1.00803,832.422
age_slope_player[25],0.0155154,0.0213278,-0.0170187,0.0145357,0.0509721,1.01399,1139.4
age_slope_player[26],0.0243835,0.0201217,-0.00539711,0.0227065,0.058006,1.01747,363.221
age_slope_player[27],0.0238281,0.0191416,-0.00746533,0.023744,0.054987,1.00904,1141.7
age_slope_player[28],0.0104749,0.0200953,-0.0227704,0.0108778,0.0422557,1.00592,1554.52
age_slope_player[29],0.0233458,0.0218362,-0.0135667,0.0236954,0.0589581,1.01194,1435.02
age_slope_player[30],0.0205178,0.0193572,-0.00828787,0.0186021,0.0561207,1.00826,606.763
age_slope_player[31],0.0101607,0.0200623,-0.023701,0.0103199,0.0435455,1.01121,1170.6
age_slope_player[32],0.0195739,0.0214839,-0.0139513,0.0183968,0.0559726,1.01363,1048.55
age_slope_player[33],-0.0033825,0.0227472,-0.0455305,0.000981772,0.0265095,1.01714,171.025
age_slope_player[34],0.0174993,0.0202174,-0.0161271,0.0175054,0.0498191,1.00861,1140.8
age_slope_player[35],0.0165928,0.0206307,-0.0203906,0.0183138,0.0471765,1.01725,494.832
age_slope_player[36],0.0169847,0.0206855,-0.0148896,0.0163208,0.052977,1.01429,1184.53
age_slope_player[37],0.00360889,0.0218369,-0.0357429,0.00686449,0.0334962,1.0174,529.998
age_slope_player[38],0.0173949,0.0207265,-0.0152933,0.0160963,0.0544868,1.00857,876.35
age_slope_player[39],0.0211601,0.0207341,-0.0142718,0.0212919,0.0558541,1.0155,1207.57
age_slope_player[40],0.00934346,0.0193758,-0.0228944,0.00993259,0.0405437,1.00657,1150.56
age_slope_player[41],0.0130415,0.0198827,-0.0194551,0.0123883,0.0463409,1.00803,1258.0
age_slope_player[42],0.00272794,0.0225581,-0.0393457,0.00524878,0.0356588,1.0073,567.047
age_slope_player[43],0.0264947,0.0211257,-0.00823517,0.0263172,0.0638756,1.00611,1417.61
age_slope_player[44],0.00564205,0.0209028,-0.0297258,0.00683439,0.0387836,1.0092,775.514
age_slope_player[45],-0.00752948,0.0345884,-0.0651057,-0.00675317,0.0495446,1.00165,1630.4
age_slope_player[46],0.0127307,0.0192409,-0.0183596,0.0124565,0.0434541,1.0102,1281.45
age_slope_player[47],0.0181236,0.0204156,-0.012737,0.0162881,0.0539496,1.00975,924.737
age_slope_player[48],0.0252596,0.021347,-0.008788,0.0247443,0.061656,1.00507,1219.97
age_slope_player[49],0.0113678,0.0214131,-0.0239337,0.012075,0.0449443,1.0108,1310.22
age_slope_player[50],0.0307556,0.0234422,0.000826605,0.026021,0.0738945,1.01403,263.68
age_slope_player[51],0.0221128,0.0205531,-0.00868479,0.0207284,0.0583701,1.00838,924.762
age_slope_player[52],0.011584,0.0206992,-0.0221269,0.0117294,0.0437289,1.01928,1100.58
age_slope_player[53],0.0122149,0.0203084,-0.0207428,0.0128422,0.0440413,1.01016,1081.17
age_slope_player[54],0.022907,0.0215336,-0.0075791,0.0199148,0.0640104,1.00627,493.293
age_slope_player[55],0.0105198,0.0190935,-0.0211878,0.010866,0.0407018,1.01462,1269.28
age_slope_player[56],0.0133917,0.0201528,-0.019718,0.01294,0.0461052,1.01086,1387.16
age_slope_player[57],0.0121547,0.0204102,-0.0223632,0.0135799,0.0428788,1.00363,1036.48
age_slope_player[58],0.0141339,0.02137,-0.0191273,0.0127722,0.0516085,1.01235,1315.76
age_slope_player[59],0.0186272,0.0214829,-0.0126074,0.0168248,0.055297,1.00785,976.719
age_slope_player[60],0.0270108,0.0221683,-0.00843,0.026002,0.0632982,1.00856,1218.65
age_slope_player[61],0.0161477,0.0208741,-0.0168512,0.0148991,0.0515467,1.00856,1019.35
age_slope_player[62],0.0102073,0.0205981,-0.0238576,0.0104072,0.0437565,1.00642,1321.05
age_slope_player[63],0.0238368,0.019669,-0.00768814,0.0237463,0.0569285,1.00504,1247.49
age_slope_player[64],0.0104046,0.0195961,-0.0233525,0.0107437,0.0410354,1.01004,1114.2
age_slope_player[65],0.01493,0.0195851,-0.016517,0.0137638,0.0485632,1.00977,1096.8
age_slope_player[66],0.0142265,0.0199452,-0.0176909,0.0133624,0.0477464,1.00876,1308.04
age_slope_player[67],0.00934068,0.0205106,-0.0256952,0.0112344,0.0393864,1.01778,1191.95
age_slope_player[68],0.0101855,0.0202922,-0.0241613,0.0108463,0.041299,1.00496,1443.42
age_slope_player[69],0.0118166,0.0217986,-0.0244949,0.0132137,0.0449544,1.03499,838.007
age_slope_player[70],0.00960171,0.0195222,-0.0251168,0.0102975,0.0412042,1.01953,935.733
age_slope_player[71],0.0142356,0.019923,-0.0173631,0.0133341,0.050055,1.01788,1403.8
age_slope_player[72],0.0116123,0.0198956,-0.0223971,0.0124204,0.0446445,1.00355,1092.81
age_slope_player[73],0.017011,0.0204097,-0.0141347,0.0157911,0.0528501,1.01943,998.482
age_slope_player[74],0.0206648,0.0213018,-0.0102319,0.0190061,0.0590131,1.00953,672.756
age_slope_player[75],0.0183192,0.0218055,-0.01366,0.0164721,0.0571548,1.01688,832.476
age_slope_player[76],0.0170585,0.0202484,-0.0153366,0.0156774,0.0515386,1.01302,1590.76
age_slope_player[77],0.023747,0.0218145,-0.0132565,0.0239791,0.058646,1.00464,1352.05
age_slope_player[78],0.0238774,0.0219211,-0.0132278,0.0238578,0.0594094,1.00695,1513.19
age_slope_player[79],0.00983906,0.0208886,-0.0267676,0.0109689,0.0420131,1.01059,934.244
age_slope_player[80],0.016474,0.0215934,-0.0210798,0.0167165,0.0523357,1.01467,1190.29
age_slope_player[81],0.0259619,0.0216029,-0.00825196,0.0252279,0.061293,1.00852,1253.92
age_slope_player[82],0.0104771,0.0200139,-0.0230287,0.0108369,0.043249,1.00949,879.104
age_slope_player[83],0.0227488,0.0211392,-0.0139275,0.0237814,0.0570283,1.00916,1189.75
age_slope_player[84],0.0128029,0.0232057,-0.0288995,0.0148984,0.0461533,1.01275,310.865
age_slope_player[85],0.0100064,0.0203449,-0.0269004,0.0118987,0.0402715,1.0119,854.55
age_slope_player[86],0.0232529,0.0224524,-0.0139782,0.023498,0.0585277,1.00977,1093.81
age_slope_player[87],0.0172516,0.0206044,-0.015023,0.0162319,0.0522711,1.02653,798.568
age_slope_player[88],0.00907937,0.0193017,-0.0239454,0.0101466,0.0375652,1.01396,865.086
age_slope_player[89],0.0153627,0.0213955,-0.0171062,0.0142249,0.0526944,1.01505,913.878
age_slope_player[90],0.0238161,0.0223028,-0.01425,0.0240381,0.0615729,1.00327,1278.75
age_slope_player[91],0.0197867,0.0215598,-0.0157455,0.0208767,0.0527955,1.011,697.412
age_slope_player[92],0.0182991,0.0208984,-0.0171488,0.0181023,0.0527212,1.00903,1243.22
age_slope_player[93],0.00724354,0.0216785,-0.0301498,0.00879735,0.0384238,1.01684,954.289
age_slope_player[94],0.0079103,0.0198934,-0.0264661,0.00948097,0.0382449,1.00872,848.267
age_slope_player[95],0.0171564,0.0213814,-0.0180411,0.0172011,0.0520417,1.02717,956.049
age_slope_player[96],0.0152268,0.0209288,-0.0170525,0.0146872,0.0498751,1.0146,1327.86
age_slope_player[97],0.0159646,0.0191992,-0.0155673,0.0161784,0.0486302,1.0146,1122.83
age_slope_player[98],0.0264938,0.0206547,-0.00727034,0.0265802,0.0604538,1.00201,1397.61
age_slope_player[99],0.00974463,0.018654,-0.0217616,0.0103824,0.0402802,1.01688,1091.74
age_slope_player[100],0.0101781,0.0207656,-0.0269535,0.0123371,0.0410197,1.02126,657.366
age_slope_player[101],0.0147164,0.0186972,-0.0140489,0.0143774,0.0474599,1.00627,947.489
age_slope_player[102],0.0140806,0.019945,-0.0219812,0.0152689,0.0442686,1.00895,1148.82
age_slope_player[103],0.0108597,0.0191805,-0.0215806,0.0114639,0.041762,1.00134,937.717
age_slope_player[104],0.0126787,0.0199928,-0.0192182,0.0128071,0.0473934,1.01538,1178.64
age_slope_player[105],0.00752524,0.0208194,-0.0286972,0.00887224,0.0392783,1.01903,1102.86
age_slope_player[106],0.0267648,0.0214779,-0.00280739,0.0237587,0.0649831,1.00877,384.921
age_slope_player[107],0.0128412,0.0196647,-0.0202372,0.0126545,0.0451166,1.00619,874.39
age_slope_player[108],0.0136975,0.0183221,-0.01581,0.0133196,0.043756,1.00184,953.744
age_slope_player[109],0.015555,0.0199462,-0.0158754,0.0145979,0.0488584,1.01199,815.937
age_slope_player[110],0.0154322,0.0213721,-0.0208239,0.0153594,0.0490676,1.00447,1309.85
age_slope_player[111],0.0181217,0.0209567,-0.0123249,0.0164711,0.0560293,1.01072,1002.71
age_slope_player[112],0.0192243,0.0218425,-0.01654,0.0185749,0.0556846,1.00428,1440.76
age_slope_player[113],0.018831,0.0207889,-0.0146011,0.0185228,0.0545236,1.02049,1176.32
age_slope_player[114],0.0143593,0.0201026,-0.0192359,0.0139335,0.0484846,1.02126,1062.99
age_slope_player[115],0.0153773,0.020016,-0.0162302,0.0143976,0.0481469,1.00672,1151.56
age_slope_player[116],-0.000510671,0.0230816,-0.0423858,0.00343126,0.0311046,1.01274,319.989
age_slope_player[117],0.0160937,0.021284,-0.0199719,0.0164603,0.0514414,1.01642,1356.72
age_slope_player[118],0.0130003,0.0199401,-0.0207465,0.0136056,0.0463892,1.01262,1334.91
age_slope_player[119],0.0169516,0.0201707,-0.0149388,0.0158396,0.0509655,1.01962,953.222
age_slope_player[120],0.0275734,0.0217638,-0.00232804,0.0249091,0.0668726,1.01574,285.288
age_slope_player[121],0.0181967,0.0203462,-0.0140399,0.0176624,0.050839,1.01584,1102.43
age_slope_player[122],0.0238876,0.0213665,-0.00763797,0.0212548,0.062603,1.00975,315.951
age_slope_player[123],0.00111745,0.0327297,-0.0524363,0.00196999,0.0540315,1.00481,1243.96
age_slope_player[124],0.0144588,0.0213213,-0.0191639,0.0143892,0.0476171,1.0229,1154.54
age_slope_player[125],0.0193218,0.0205731,-0.0103436,0.0172135,0.0571395,1.00343,775.547
age_slope_player[126],0.0143931,0.0184051,-0.0152097,0.0147319,0.0430772,1.01119,1221.53
age_slope_player[127],0.0154746,0.0191191,-0.015924,0.0145717,0.0478408,1.00797,1041.36
age_slope_player[128],0.016578,0.0188078,-0.0128094,0.0155848,0.0499956,1.00866,1048.63
age_slope_player[129],0.0158607,0.0196381,-0.0157523,0.0148863,0.048995,1.01202,1454.45
age_slope_player[130],0.0248149,0.0207951,-0.00857898,0.0244299,0.0597679,1.00695,1242.37
age_slope_player[131],0.00498039,0.0188787,-0.0285867,0.00655206,0.0333273,1.01555,807.715
age_slope_player[132],0.0192184,0.020618,-0.0144566,0.0186404,0.0531737,1.0139,1392.82
age_slope_player[133],0.0177437,0.0192262,-0.0121208,0.0164902,0.0510642,1.02502,909.522
age_slope_player[134],0.0157669,0.0206545,-0.0172906,0.0153217,0.0524356,1.01783,1224.86
age_slope_player[135],0.0244712,0.0200305,-0.00874193,0.0246671,0.0566842,1.00677,1240.08
age_slope_player[136],0.0128883,0.0189291,-0.0216162,0.0137304,0.0402229,1.01813,843.624
age_slope_player[137],0.0119391,0.0176687,-0.018012,0.0126482,0.0403313,1.01537,1075.2
age_slope_player[138],0.0284872,0.0212977,-0.00539373,0.0285283,0.0646954,1.00946,956.959
age_slope_player[139],0.0189418,0.0184489,-0.0094428,0.0173797,0.0506165,1.01175,714.947
age_slope_player[140],0.0275876,0.0195351,-0.00356919,0.0268214,0.062822,1.00257,1103.61
age_slope_player[141],0.0201045,0.0205393,-0.00946401,0.0183748,0.0578592,1.01291,497.578
age_slope_player[142],0.0104096,0.0193123,-0.0209409,0.0106596,0.0412971,1.01698,1121.2
age_slope_player[143],0.0236079,0.0198959,-0.00951514,0.0234655,0.0564488,1.00638,1282.03
age_slope_player[144],0.012965,0.01999,-0.0180564,0.0123701,0.0452571,1.01271,911.962
age_slope_player[145],0.030938,0.0242544,-0.00108153,0.0273489,0.0750204,1.01537,249.011
age_slope_player[146],0.00230531,0.0200395,-0.0371966,0.00537889,0.0292904,1.01101,322.116
age_slope_player[147],0.00741447,0.0196468,-0.0264349,0.00888109,0.0373316,1.01008,720.243
age_slope_player[148],-0.00212727,0.0209151,-0.0410253,0.000921198,0.0273603,1.0169,198.461
age_slope_player[149],0.0148088,0.0190871,-0.0147032,0.0139887,0.0483305,1.01312,1093.25
age_slope_player[150],0.0137778,0.0195746,-0.0199153,0.0150355,0.0449071,1.01018,883.045
age_slope_player[151],0.0203168,0.0218404,-0.017481,0.0215954,0.0544054,1.00866,899.806
age_slope_player[152],0.0135971,0.020715,-0.0200588,0.0127382,0.0479048,1.01306,1354.8
age_slope_player[153],0.0197361,0.0203653,-0.0131274,0.018829,0.0557147,1.01512,1261.97
age_slope_player[154],0.0306029,0.0231063,-0.00466223,0.0288339,0.0700952,1.01117,894.324
age_slope_player[155],0.0235253,0.0226477,-0.015304,0.0241815,0.0587172,1.00534,1395.45
age_slope_player[156],0.0158382,0.0171416,-0.0129105,0.0157258,0.0441757,1.00142,1006.5
age_slope_player[157],0.00880491,0.0183443,-0.0216832,0.0101063,0.0369748,1.00713,940.192
age_slope_player[158],0.0228241,0.0219005,-0.0121323,0.0214577,0.062373,1.01261,842.419
age_slope_player[159],0.0129324,0.0169207,-0.0132153,0.0125939,0.0414539,1.01304,1255.53
age_slope_player[160],0.0042027,0.0202446,-0.0334016,0.00568935,0.03561,1.00722,719.593
age_slope_player[161],0.0200019,0.0182762,-0.00846153,0.0185484,0.0526571,1.00781,591.388
age_slope_player[162],0.0148348,0.0186373,-0.0143659,0.0141159,0.044558,1.01311,1154.95
age_slope_player[163],0.0158565,0.020022,-0.0158593,0.015122,0.0508357,1.01064,952.202
age_slope_player[164],0.0119508,0.017061,-0.0155544,0.0123577,0.0390427,1.00425,995.95
age_slope_player[165],0.0137996,0.0205369,-0.0220872,0.0146684,0.0457642,1.01298,898.661
age_slope_player[166],0.0156728,0.0204027,-0.0156484,0.0144404,0.0505805,1.01297,968.752
age_slope_player[167],0.0294323,0.0211492,-0.00108138,0.0282668,0.0652634,1.00865,716.732
age_slope_player[168],0.0185248,0.0193185,-0.0107848,0.0174093,0.0509585,1.01162,569.385
age_slope_player[169],0.0207727,0.0197978,-0.0151385,0.0215612,0.0524477,1.00714,908.833
age_slope_player[170],0.0185407,0.0202289,-0.0148756,0.0182397,0.0520903,1.00807,1165.75
age_slope_player[171],0.0230757,0.0201781,-0.00404763,0.020193,0.0598356,1.01525,470.201
age_slope_player[172],0.00956593,0.0194324,-0.0217845,0.0103015,0.0408932,1.01225,938.664
age_slope_player[173],0.030749,0.0229319,-0.00339642,0.0288054,0.0715814,1.00769,926.907
age_slope_player[174],0.0272277,0.0211644,-0.00298189,0.0250061,0.0646049,1.02052,201.694
age_slope_player[175],0.0273241,0.0222288,-0.00828195,0.0272464,0.0632407,1.00777,1140.45
age_slope_player[176],0.0247527,0.0211922,-0.00996603,0.0253393,0.0601595,1.00822,1074.92
age_slope_player[177],0.00812277,0.0177707,-0.0233721,0.00954601,0.0353726,1.00954,681.49
age_slope_player[178],0.0290087,0.0202759,-1.39033e-05,0.026147,0.0652522,1.01423,273.519
age_slope_player[179],0.0217779,0.0200221,-0.00911068,0.0198638,0.0570262,1.00743,742.356
age_slope_player[180],0.0160471,0.0195353,-0.0159788,0.0154771,0.0486183,1.00895,828.972
age_slope_player[181],0.0170714,0.0183049,-0.0115603,0.0156319,0.0501931,1.01388,915.413
age_slope_player[182],0.0285224,0.0214098,-0.00493298,0.0275279,0.0666705,1.00926,1071.14
age_slope_player[183],0.0271044,0.0198208,-0.00198435,0.0244672,0.0613312,1.01388,277.081
age_slope_player[184],0.0134923,0.0178036,-0.0144197,0.0127923,0.045543,1.00502,1207.3
age_slope_player[185],0.0159549,0.0170137,-0.0116052,0.0152883,0.0440415,1.00351,1211.21
age_slope_player[186],0.0126327,0.0186748,-0.0175391,0.0128261,0.0432765,1.00493,1188.06
age_slope_player[187],0.0162349,0.0196696,-0.0161877,0.016369,0.0490251,1.00664,1262.86
age_slope_player[188],0.0267977,0.0198786,-0.00275568,0.0248948,0.0637073,1.00788,367.509
age_slope_player[189],0.0159875,0.0179061,-0.0131842,0.0151185,0.0464204,1.00264,839.287
age_slope_player[190],0.0109837,0.0203068,-0.023491,0.0120491,0.0428437,1.00781,1105.03
age_slope_player[191],0.0254746,0.0212587,-0.00993208,0.0253561,0.059489,1.00604,1025.2
age_slope_player[192],0.0189194,0.0190048,-0.0099017,0.0169703,0.0523373,1.00468,817.053
age_slope_player[193],0.0190244,0.0199878,-0.00900195,0.0162417,0.0543873,1.01428,881.228
age_slope_player[194],0.0231037,0.0209193,-0.0115486,0.0233463,0.0583891,1.00607,1003.38
age_slope_player[195],0.0211723,0.020165,-0.00883736,0.0202017,0.0555569,1.00585,1257.85
age_slope_player[196],0.0174179,0.0192431,-0.0149526,0.0173944,0.0499573,1.00685,1132.64
age_slope_player[197],0.0188443,0.0210838,-0.0133529,0.0176771,0.055085,1.01332,1534.98
rate_per_36_at_27[1],20.4607,3.27718,15.169,20.3624,25.9416,1.01575,282.241
rate_per_36_at_27[2],17.9076,2.63652,14.058,17.623,22.2058,1.01827,999.286
rate_per_36_at_27[3],17.2283,2.38248,13.8969,16.9102,21.5171,1.0049,1226.52
rate_per_36_at_27[4],7.90041,1.92601,5.59131,7.54987,11.5506,1.03502,104.64
rate_per_36_at_27[5],14.7095,1.91288,11.857,14.6409,18.0627,1.00582,1483.89
rate_per_36_at_27[6],17.7104,2.13924,14.5692,17.5609,21.4865,1.0071,1222.36
rate_per_36_at_27[7],14.9243,2.04611,11.9135,14.7101,18.4542,1.00193,1149.57
rate_per_36_at_27[8],21.5239,2.38551,18.159,21.2212,26.0149,1.00464,652.361
rate_per_36_at_27[9],17.5321,1.78001,14.8569,17.4205,20.5943,1.00156,1558.01
rate_per_36_at_27[10],17.4193,1.98273,14.2608,17.2938,20.6839,1.00291,971.793
rate_per_36_at_27[11],15.4512,1.83305,12.5925,15.4022,18.726,1.0026,1017.48
rate_per_36_at_27[12],10.1461,1.24283,8.30237,10.0435,12.3509,1.00578,742.755
rate_per_36_at_27[13],13.4308,1.51828,11.1347,13.3527,15.955,1.00894,961.215
rate_per_36_at_27[14],25.753,2.38271,22.1415,25.6439,29.6414,1.01146,1062.13
rate_per_36_at_27[15],27.0266,3.38298,21.4842,26.9869,32.7876,1.01186,271.078
rate_per_36_at_27[16],21.6937,2.08779,18.4439,21.6931,25.107,1.00623,599.806
rate_per_36_at_27[17],19.1029,1.43635,16.8246,19.0461,21.5169,1.01383,1386.94
rate_per_36_at_27[18],16.9336,1.83629,14.3205,16.7161,20.233,1.00301,869.081
rate_per_36_at_27[19],24.2681,2.03207,20.9727,24.2515,27.7731,1.00141,1166.26
rate_per_36_at_27[20],20.6623,1.10702,18.9348,20.624,22.5459,1.00209,1749.15
rate_per_36_at_27[21],16.994,1.23156,15.1046,16.9393,19.124,1.00214,1559.11
rate_per_36_at_27[22],21.9101,1.69737,19.145,21.9306,24.6385,1.00527,957.916
rate_per_36_at_27[23],20.6692,1.09168,18.8534,20.6347,22.5594,0.999908,2283.93
rate_per_36_at_27[24],17.1813,1.55205,14.8059,17.08,19.8944,1.00406,1186.13
rate_per_36_at_27[25],11.2377,0.812944,9.96996,11.1877,12.5922,1.00654,1713.13
rate_per_36_at_27[26],20.4349,1.91044,17.3511,20.4395,23.4849,1.0091,680.252
rate_per_36_at_27[27],18.6467,1.78826,15.8894,18.5704,21.7439,1.00434,1191.07
rate_per_36_at_27[28],24.5242,1.31383,22.4076,24.5146,26.6979,1.00415,2511.06
rate_per_36_at_27[29],27.0531,1.39346,24.8801,26.9693,29.4694,0.999868,2335.1
rate_per_36_at_27[30],25.7409,1.95228,22.4553,25.7707,28.8533,1.00049,983.138
rate_per_36_at_27[31],19.6899,1.10129,17.8815,19.638,21.6047,1.00483,3968.37
rate_per_36_at_27[32],15.5567,0.906419,14.1784,15.5204,17.0817,1.00066,1536.45
rate_per_36_at_27[33],9.02942,0.926757,7.69399,8.96521,10.6914,1.00905,266.281
rate_per_36_at_27[34],22.1725,1.39973,19.9791,22.142,24.4966,1.00661,1521.16
rate_per_36_at_27[35],12.0995,1.28945,10.2232,11.9354,14.4938,1.008,773.086
rate_per_36_at_27[36],21.3875,1.43566,19.09,21.3691,23.7536,1.00643,1603.15
rate_per_36_at_27[37],18.8215,0.933528,17.3654,18.813,20.4008,1.00072,1817.46
rate_per_36_at_27[38],16.1559,1.19781,14.2017,16.0928,18.2088,1.00215,1444.14
rate_per_36_at_27[39],12.2103,0.679134,11.1324,12.2007,13.3773,1.01409,2872.27
rate_per_36_at_27[40],14.6131,1.31245,12.5787,14.5603,16.89,1.00314,1376.25
rate_per_36_at_27[41],16.4443,0.894908,15.0339,16.4146,17.9747,1.00299,2015.96
rate_per_36_at_27[42],12.3143,0.715308,11.1948,12.2938,13.5355,1.00188,3013.79
rate_per_36_at_27[43],18.7972,1.10212,17.0993,18.7253,20.743,1.00597,2037.78
rate_per_36_at_27[44],31.6951,1.61779,29.0847,31.7158,34.3451,1.00041,1829.65
rate_per_36_at_27[45],16.9137,1.97339,13.7953,16.8011,20.3336,0.999649,1691.0
rate_per_36_at_27[46],25.9217,1.45882,23.625,25.9141,28.2841,1.00403,2722.32
rate_per_36_at_27[47],23.0681,1.24991,21.0517,23.069,25.0733,1.0042,1780.52
rate_per_36_at_27[48],13.0685,0.867047,11.7183,13.0534,14.5478,1.00453,2011.24
rate_per_36_at_27[49],22.834,1.6738,20.2112,22.7397,25.6247,1.00169,2107.25
rate_per_36_at_27[50],21.5221,1.11684,19.7375,21.457,23.3502,1.00596,2011.06
rate_per_36_at_27[51],19.6525,1.27265,17.6711,19.6304,21.743,1.00119,1656.58
rate_per_36_at_27[52],16.2834,1.11003,14.5694,16.2408,18.1487,1.00507,1889.29
rate_per_36_at_27[53],14.2999,0.860572,12.9192,14.2837,15.7823,1.00449,1800.05
rate_per_36_at_27[54],14.647,0.741068,13.4392,14.6388,15.8918,0.999907,3669.0
rate_per_36_at_27[55],12.5693,0.977118,11.056,12.527,14.253,1.00304,1885.25
rate_per_36_at_27[56],21.248,1.13062,19.4768,21.2019,23.1807,1.00293,2158.38
rate_per_36_at_27[57],20.0986,1.10803,18.305,20.0612,21.9436,1.00121,1393.53
rate_per_36_at_27[58],29.832,1.58494,27.2513,29.7968,32.573,1.00139,2491.91
rate_per_36_at_27[59],17.1978,0.962649,15.629,17.1743,18.8436,1.00772,3576.5
rate_per_36_at_27[60],18.2616,1.12712,16.4729,18.2364,20.121,1.00495,2112.56
rate_per_36_at_27[61],25.5104,1.36228,23.4007,25.4235,27.926,1.0028,2031.74
rate_per_36_at_27[62],23.2213,1.53362,20.8266,23.1399,25.825,1.00024,2300.16
rate_per_36_at_27[63],12.5381,1.57755,10.139,12.4604,15.1691,1.00708,1199.62
rate_per_36_at_27[64],12.6464,0.804794,11.3896,12.6044,14.0579,1.00331,1775.64
rate_per_36_at_27[65],14.3616,1.10583,12.6598,14.2974,16.3195,1.00188,1759.24
rate_per_36_at_27[66],12.9469,0.799062,11.64,12.9394,14.3008,1.00514,2936.0
rate_per_36_at_27[67],24.1762,1.81869,21.2541,24.1311,27.3357,1.00615,1714.98
rate_per_36_at_27[68],25.9114,1.72731,23.1602,25.8781,28.841,1.0035,1821.21
rate_per_36_at_27[69],18.7263,1.35172,16.5255,18.72,20.9388,1.00385,1216.28
rate_per_36_at_27[70],27.8088,2.00733,24.5927,27.743,31.1064,1.00466,1179.23
rate_per_36_at_27[71],17.2223,1.22771,15.2952,17.1566,19.3945,1.01102,2651.53
rate_per_36_at_27[72],15.9433,1.2176,13.9817,15.9112,17.9744,1.00428,1078.37
rate_per_36_at_27[73],12.5892,1.19629,10.7575,12.5481,14.7046,1.0037,1395.81
rate_per_36_at_27[74],19.292,1.22465,17.3848,19.2266,21.3338,1.0015,1338.85
rate_per_36_at_27[75],8.82932,0.82154,7.55739,8.81023,10.2023,1.00196,1721.36
rate_per_36_at_27[76],20.1821,0.988146,18.5976,20.1577,21.7729,1.00087,2233.68
rate_per_36_at_27[77],19.4537,0.980087,17.8193,19.4392,21.1351,1.00475,1794.68
rate_per_36_at_27[78],10.5435,0.642585,9.49562,10.51,11.6226,1.00035,1962.13
rate_per_36_at_27[79],15.2373,0.818186,13.9322,15.2239,16.6752,1.00509,3266.33
rate_per_36_at_27[80],8.41761,0.500801,7.61355,8.39813,9.26803,1.01111,2596.25
rate_per_36_at_27[81],14.4752,0.93735,13.0041,14.4383,16.0819,1.00059,1642.39
rate_per_36_at_27[82],21.076,1.46506,18.7151,21.066,23.5206,1.00117,1080.7
rate_per_36_at_27[83],21.3321,1.91343,18.3937,21.3106,24.5705,1.0027,1554.05
rate_per_36_at_27[84],18.624,0.937444,17.1158,18.5949,20.2216,1.0024,2203.75
rate_per_36_at_27[85],26.0983,2.37487,22.1362,26.1553,29.8366,1.00884,908.075
rate_per_36_at_27[86],23.1966,1.37903,21.0789,23.1421,25.5454,1.00905,2058.53
rate_per_36_at_27[87],17.9491,1.42291,15.6395,17.9001,20.357,1.00536,881.078
rate_per_36_at_27[88],21.8224,1.80427,18.8429,21.8159,24.7767,1.00108,1174.55
rate_per_36_at_27[89],12.4595,0.927411,11.0296,12.4094,13.9609,1.0016,1341.67
rate_per_36_at_27[90],15.3219,0.95537,13.7666,15.2785,16.9686,1.00368,2572.45
rate_per_36_at_27[91],24.6651,1.9708,21.621,24.6211,28.0423,1.00455,968.403
rate_per_36_at_27[92],15.1295,0.835217,13.8,15.1156,16.5593,0.999912,2324.42
rate_per_36_at_27[93],21.5096,1.06949,19.803,21.4601,23.3311,0.999646,2419.4
rate_per_36_at_27[94],16.6264,1.41347,14.4056,16.5596,18.9756,1.00068,1061.9
rate_per_36_at_27[95],11.4364,0.626348,10.4354,11.4466,12.4531,1.00292,2173.53
rate_per_36_at_27[96],18.4192,1.02783,16.7707,18.3884,20.0911,1.00183,2716.83
rate_per_36_at_27[97],12.3847,1.08678,10.6328,12.3278,14.227,1.00544,1880.54
rate_per_36_at_27[98],10.6669,0.706308,9.54575,10.6413,11.859,1.00231,2414.67
rate_per_36_at_27[99],25.2231,2.30465,21.5402,25.1624,29.0781,1.00865,1197.13
rate_per_36_at_27[100],25.3885,2.49617,21.2528,25.3732,29.5073,1.01139,684.324
rate_per_36_at_27[101],19.9065,2.03516,16.8245,19.8063,23.3611,1.00111,1139.92
rate_per_36_at_27[102],18.6043,1.66023,15.9257,18.6574,21.368,1.00226,1472.22
rate_per_36_at_27[103],27.4941,2.01587,24.3994,27.4343,30.8731,0.999748,1025.88
rate_per_36_at_27[104],17.0858,1.41317,14.7838,17.0399,19.5669,1.0059,1815.01
rate_per_36_at_27[105],22.4297,2.0986,18.996,22.3771,25.9545,1.00841,1218.15
rate_per_36_at_27[106],16.5533,1.65665,14.1816,16.377,19.4607,1.00824,456.93
rate_per_36_at_27[107],16.3478,1.67597,13.7406,16.2431,19.3154,1.00132,1103.16
rate_per_36_at_27[108],20.2883,1.64644,17.8014,20.1814,23.0264,1.00212,1291.53
rate_per_36_at_27[109],15.5986,1.85992,12.8893,15.4881,18.6854,1.00466,816.645
rate_per_36_at_27[110],16.6259,1.07224,14.9167,16.5865,18.5126,1.00172,1105.06
rate_per_36_at_27[111],18.3539,1.12896,16.5373,18.3184,20.2454,1.0058,2325.97
rate_per_36_at_27[112],13.6707,0.978711,12.0825,13.6457,15.2543,1.00994,1891.26
rate_per_36_at_27[113],21.1932,1.41581,19.0325,21.133,23.6232,1.00598,1352.28
rate_per_36_at_27[114],15.5274,1.10479,13.8556,15.4919,17.4074,1.00149,1782.38
rate_per_36_at_27[115],18.4427,1.05002,16.7541,18.4483,20.2035,1.00251,1923.56
rate_per_36_at_27[116],11.2458,0.77289,10.0768,11.2053,12.5859,1.0051,980.941
rate_per_36_at_27[117],11.5754,1.05807,9.92866,11.5446,13.3758,1.00495,1759.79
rate_per_36_at_27[118],16.0099,1.16186,14.1155,15.964,17.8997,0.999642,2048.22
rate_per_36_at_27[119],17.1968,1.93365,14.324,17.0213,20.6918,1.00878,1303.45
rate_per_36_at_27[120],15.2726,1.25887,13.4656,15.1532,17.5794,1.01024,464.963
rate_per_36_at_27[121],17.0585,1.75172,14.4661,16.9725,20.105,1.00992,1231.85
rate_per_36_at_27[122],15.4535,1.26894,13.5173,15.3544,17.6765,1.00582,669.698
rate_per_36_at_27[123],12.9046,2.63083,9.09281,12.598,17.6043,1.00601,1009.33
rate_per_36_at_27[124],17.7099,1.46109,15.3824,17.6344,20.1928,1.00463,1292.24
rate_per_36_at_27[125],12.8151,1.06539,11.1627,12.7557,14.6841,1.00165,1235.74
rate_per_36_at_27[126],15.8687,1.89246,12.9588,15.7347,18.9449,1.01306,1453.94
rate_per_36_at_27[127],14.6976,1.17354,12.9198,14.6471,16.6376,1.00539,1418.5
rate_per_36_at_27[128],23.1469,2.45191,19.607,22.9022,27.487,1.00435,1120.48
rate_per_36_at_27[129],15.5551,1.27795,13.6618,15.4986,17.6773,1.00674,1546.84
rate_per_36_at_27[130],15.5478,1.74954,13.0098,15.4403,18.6331,1.00349,1326.5
rate_per_36_at_27[131],22.2713,2.94064,17.4676,22.2157,27.0966,1.01059,830.136
rate_per_36_at_27[132],12.4787,1.14459,10.6966,12.4328,14.4553,1.00289,1956.37
rate_per_36_at_27[133],16.7741,1.7764,14.1393,16.6478,19.946,1.01334,1116.26
rate_per_36_at_27[134],18.6093,1.48685,16.3318,18.5538,21.142,1.00949,1743.53
rate_per_36_at_27[135],12.046,1.39395,9.87464,11.9976,14.4499,1.00529,1351.64
rate_per_36_at_27[136],22.1335,2.06807,18.6592,22.1048,25.3826,1.00617,1196.07
rate_per_36_at_27[137],24.7933,2.4749,20.9691,24.7493,29.0163,1.00389,1158.56
rate_per_36_at_27[138],16.0663,1.47897,13.8002,16.0032,18.7055,1.00386,1189.01
rate_per_36_at_27[139],16.5797,1.97516,13.742,16.416,20.0781,1.00359,1090.72
rate_per_36_at_27[140],17.8939,2.023,14.9351,17.7646,21.4402,0.999415,1126.62
rate_per_36_at_27[141],12.3998,1.58921,10.0709,12.2299,15.4653,1.01086,584.68
rate_per_36_at_27[142],15.0369,1.4157,12.8928,14.9718,17.4589,1.00577,1667.33
rate_per_36_at_27[143],17.5012,1.98042,14.4517,17.3451,20.9631,1.00151,1474.6
rate_per_36_at_27[144],16.166,1.7731,13.6416,16.0438,19.224,1.0117,930.758
rate_per_36_at_27[145],11.5901,0.786726,10.3675,11.608,12.9561,1.00198,1513.94
rate_per_36_at_27[146],27.3556,2.91188,22.2956,27.5302,31.8918,1.01366,402.41
rate_per_36_at_27[147],18.9273,1.94719,15.8543,18.9027,22.2499,1.00724,959.235
rate_per_36_at_27[148],29.7987,3.46906,23.7301,29.9606,35.1073,1.01118,252.484
rate_per_36_at_27[149],16.4864,2.16421,13.2969,16.3544,20.1368,1.00487,1451.98
rate_per_36_at_27[150],15.561,1.54434,13.1369,15.5814,18.1376,1.00896,866.643
rate_per_36_at_27[151],16.1882,0.79401,14.9472,16.1667,17.558,1.00614,1924.83
rate_per_36_at_27[152],16.2866,1.64669,13.72,16.2374,19.0107,1.00291,2233.14
rate_per_36_at_27[153],14.7837,1.79961,12.0497,14.6813,18.0001,1.00524,1620.96
rate_per_36_at_27[154],14.6053,1.33974,12.5895,14.5272,16.9235,1.0035,1434.66
rate_per_36_at_27[155],17.5711,1.98493,14.4833,17.4765,20.9733,1.00397,2536.57
rate_per_36_at_27[156],18.8046,2.26195,15.2208,18.6611,22.8526,1.00196,1069.13
rate_per_36_at_27[157],22.0567,2.45943,18.0475,21.9875,26.0518,1.00544,906.291
rate_per_36_at_27[158],16.7317,1.98822,13.7851,16.5569,20.5177,1.00338,1068.0
rate_per_36_at_27[159],18.8706,2.21628,15.5978,18.6919,22.7318,1.00899,1329.2
rate_per_36_at_27[160],16.9598,1.37449,14.7142,16.9704,19.2553,1.00069,936.174
rate_per_36_at_27[161],18.9399,2.39602,15.4393,18.7283,23.176,1.00371,715.192
rate_per_36_at_27[162],19.1896,2.68122,15.3982,18.9001,23.7905,1.00759,1256.41
rate_per_36_at_27[163],19.4443,2.24255,15.9011,19.3214,23.315,1.00644,1044.6
rate_per_36_at_27[164],19.6855,2.29038,16.2331,19.5084,23.547,1.00516,1015.99
rate_per_36_at_27[165],18.3902,2.36045,14.7279,18.2916,22.3269,1.00996,776.001
rate_per_36_at_27[166],15.3821,2.07811,12.2682,15.1845,19.0677,1.01274,1230.66
rate_per_36_at_27[167],18.1308,2.39595,14.703,17.9102,22.1598,1.00995,744.021
rate_per_36_at_27[168],16.5938,1.87664,13.7406,16.4873,19.9275,1.0089,803.107
rate_per_36_at_27[169],18.7189,2.73788,14.2508,18.5985,23.4675,1.005,1170.34
rate_per_36_at_27[170],15.6135,1.15398,13.8214,15.5576,17.5785,1.0019,1490.1
rate_per_36_at_27[171],20.328,2.60292,16.7717,19.9878,25.1741,1.01021,692.324
rate_per_36_at_27[172],21.1644,2.5473,17.2928,21.0603,25.4,1.0069,1086.18
rate_per_36_at_27[173],8.78486,0.896789,7.45282,8.72744,10.3401,1.00365,1129.95
rate_per_36_at_27[174],10.376,1.31052,8.55178,10.1836,12.8383,1.01725,303.173
rate_per_36_at_27[175],12.1181,1.29901,10.117,12.096,14.3554,1.00048,2392.8
rate_per_36_at_27[176],12.6218,1.21594,10.7364,12.5488,14.7024,1.0011,1600.11
rate_per_36_at_27[177],22.5806,3.1142,17.3147,22.5476,27.8212,1.00259,920.564
rate_per_36_at_27[178],11.831,1.86993,9.18587,11.627,15.1672,1.01387,269.692
rate_per_36_at_27[179],13.7132,1.53781,11.3679,13.6289,16.3841,1.0041,1543.1
rate_per_36_at_27[180],15.6552,2.39228,12.2269,15.3837,19.944,1.00971,901.221
rate_per_36_at_27[181],16.9585,2.11195,13.8884,16.7456,20.7083,1.0064,1214.99
rate_per_36_at_27[182],14.4503,2.16367,11.337,14.2295,18.2802,1.00881,1136.82
rate_per_36_at_27[183],13.0978,1.96178,10.4025,12.7975,16.717,1.00813,415.556
rate_per_36_at_27[184],16.2191,1.99965,13.0822,16.1146,19.661,1.00792,1624.55
rate_per_36_at_27[185],17.8779,2.19262,14.6221,17.6697,21.7969,1.00257,1425.55
rate_per_36_at_27[186],19.3515,2.67877,15.2443,19.2264,23.8747,1.00155,1216.92
rate_per_36_at_27[187],18.1052,2.08289,14.8206,18.0448,21.68,1.00642,1418.81
rate_per_36_at_27[188],12.442,1.85692,9.87177,12.2023,15.7713,1.00931,444.698
rate_per_36_at_27[189],15.8445,2.2505,12.4014,15.6103,19.6883,1.00293,982.885
rate_per_36_at_27[190],20.1968,2.55127,16.2045,20.0804,24.5567,1.00576,1298.58
rate_per_36_at_27[191],15.7312,2.28894,12.2109,15.5062,19.8405,1.00068,1225.87
rate_per_36_at_27[192],15.0231,2.41399,11.427,14.7599,19.3296,1.00317,1308.55
rate_per_36_at_27[193],14.6183,1.48371,12.4108,14.4664,17.2839,1.00145,915.777
rate_per_36_at_27[194],16.8371,1.83331,13.985,16.7,19.9188,1.00392,1339.37
rate_per_36_at_27[195],14.5788,1.76973,11.8474,14.4542,17.5832,1.00213,1749.31
rate_per_36_at_27[196],17.3373,2.52135,13.5351,17.1142,21.9004,1.00976,1434.35
rate_per_36_at_27[197],16.4527,1.17357,14.5756,16.4059,18.3535,1.00956,1953.39
rate_per_36_position_at_27[1],18.5332,0.766482,17.335,18.5247,19.8062,1.00037,1105.64
rate_per_36_position_at_27[2],16.2725,1.72351,13.1706,16.3757,18.7906,1.00381,1095.18
rate_per_36_position_at_27[3],16.023,0.770295,14.7641,16.0579,17.2592,1.00122,926.823
rate_per_36_position_at_27[4],16.2158,0.724478,15.0683,16.1835,17.483,1.00186,1187.99
rate_per_36_position_at_27[5],16.8967,0.630606,15.8887,16.884,17.9193,1.0024,1189.64
rate_per_36_league_at_27,16.7603,1.1677,15.0412,16.7653,18.3476,1.00203,1007.01
"age_curve_position[1,1]",16.6456,1.07391,14.9648,16.6052,18.5005,1.004,641.603
"age_curve_position[1,2]",16.8668,0.983063,15.3264,16.8432,18.5921,1.00357,674.049
"age_curve_position[1,3]",17.092,0.898505,15.6767,17.0599,18.6828,1.00304,755.015
"age_curve_position[1,4]",17.3214,0.823687,16.0163,17.3077,18.7813,1.00235,919.087
"age_curve_position[1,5]",17.555,0.763221,16.3472,17.5519,18.8988,1.00169,1258.01
"age_curve_position[1,6]",17.7928,0.722693,16.629,17.812,19.0246,1.001,1453.53
"age_curve_position[1,7]",18.0351,0.707697,16.879,18.0333,19.218,1.00042,1510.6
"age_curve_position[1,8]",18.2819,0.722089,17.133,18.2929,19.5198,1.00025,1340.37
"age_curve_position[1,9]",18.5332,0.766482,17.335,18.5247,19.8062,1.00037,1105.64
"age_curve_position[1,10]",18.7892,0.838329,17.4721,18.7822,20.1814,1.00072,902.791
"age_curve_position[1,11]",19.05,0.933438,17.5957,19.0586,20.6042,1.00125,771.172
"age_curve_position[1,12]",19.3156,1.04752,17.6575,19.303,21.0339,1.00252,688.569
"age_curve_position[1,13]",19.5863,1.17698,17.6941,19.5761,21.5467,1.00411,635.405
"age_curve_position[1,14]",19.862,1.31916,17.7719,19.8385,22.042,1.00525,598.585
"age_curve_position[1,15]",20.1428,1.47213,17.7832,20.116,22.5723,1.00565,570.366
"age_curve_position[1,16]",20.429,1.63456,17.8342,20.387,23.1615,1.00477,548.987
"age_curve_position[1,17]",20.7206,1.80554,17.7899,20.6651,23.7751,1.00458,535.175
"age_curve_position[1,18]",21.0177,1.98447,17.8231,20.9573,24.3453,1.005,527.732
"age_curve_position[1,19]",21.3204,2.17094,17.8535,21.267,24.9855,1.00468,519.387
"age_curve_position[1,20]",21.6289,2.36468,17.8979,21.5737,25.6145,1.00457,513.73
"age_curve_position[1,21]",21.9432,2.56557,17.9103,21.8862,26.2803,1.00442,506.304
"age_curve_position[1,22]",22.2636,2.77352,17.917,22.1788,26.999,1.00443,503.62
"age_curve_position[1,23]",22.5901,2.98855,17.9156,22.4702,27.742,1.00471,499.169
"age_curve_position[1,24]",22.9228,3.21069,17.9404,22.7735,28.4537,1.00436,495.907
"age_curve_position[2,1]",17.1862,4.62995,10.739,16.7207,25.6212,1.00452,1750.53
"age_curve_position[2,2]",17.0078,4.06241,11.1459,16.6687,24.4298,1.0049,1772.57
"age_curve_position[2,3]",16.8487,3.53071,11.4995,16.6371,23.1445,1.00546,1784.61
"age_curve_position[2,4]",16.7083,3.03839,12.0043,16.5479,22.0015,1.00554,1787.6
"age_curve_position[2,5]",16.5861,2.59334,12.5506,16.5127,21.0844,1.00629,1765.15
"age_curve_position[2,6]",16.4817,2.21055,12.9012,16.4519,20.1851,1.00598,1698.0
"age_curve_position[2,7]",16.3948,1.91537,13.2417,16.4267,19.4613,1.00612,1569.53
"age_curve_position[2,8]",16.3252,1.74286,13.2913,16.3897,19.0106,1.00447,1373.24
"age_curve_position[2,9]",16.2725,1.72351,13.1706,16.3757,18.7906,1.00381,1095.18
"age_curve_position[2,10]",16.2367,1.85885,13.0519,16.3171,19.0823,1.00404,919.887
"age_curve_position[2,11]",16.2176,2.11903,12.6399,16.1906,19.5121,1.00143,887.327
"age_curve_position[2,12]",16.2151,2.46654,12.1887,16.084,20.2992,1.00055,940.132
"age_curve_position[2,13]",16.2292,2.87308,11.8182,16.0553,21.0758,1.00016,1023.84
"age_curve_position[2,14]",16.26,3.32143,11.3821,16.041,22.0276,0.999993,1072.86
"age_curve_position[2,15]",16.3076,3.80214,10.8902,15.9977,23.1082,0.999888,1129.21
"age_curve_position[2,16]",16.372,4.3105,10.3427,15.968,24.1447,1.00038,1185.8
"age_curve_position[2,17]",16.4535,4.84461,9.81143,15.898,25.3103,1.00062,1235.07
"age_curve_position[2,18]",16.5523,5.40429,9.3174,15.8562,26.6028,1.00113,1288.52
"age_curve_position[2,19]",16.6688,5.9905,8.8125,15.8476,27.7864,1.001,1316.27
"age_curve_position[2,20]",16.8032,6.60496,8.35738,15.8058,29.1745,1.00101,1328.83
"age_curve_position[2,21]",16.9561,7.24998,7.89228,15.7806,30.7001,1.00111,1342.99
"age_curve_position[2,22]",17.1278,7.92837,7.47486,15.7557,32.3158,1.00119,1355.36
"age_curve_position[2,23]",17.319,8.64332,7.06872,15.6869,33.9585,1.00134,1364.9
"age_curve_position[2,24]",17.5302,9.39847,6.68825,15.6517,35.6458,1.00137,1374.91
"age_curve_position[3,1]",13.2267,1.2168,11.2882,13.1799,15.2882,1.00362,955.593
"age_curve_position[3,2]",13.541,1.1101,11.7548,13.5123,15.4739,1.00426,1020.23
"age_curve_position[3,3]",13.8647,1.00528,12.2518,13.8296,15.5734,1.0035,1111.82
"age_curve_position[3,4]",14.1982,0.905966,12.7447,14.1652,15.7067,1.00269,1244.5
"age_curve_position[3,5]",14.5416,0.817921,13.2101,14.5152,15.8725,1.00328,1441.74
"age_curve_position[3,6]",14.8955,0.749747,13.6844,14.8952,16.1381,1.0036,1535.14
"age_curve_position[3,7]",15.2601,0.712674,14.1124,15.2685,16.4581,1.00276,1465.76
"age_curve_position[3,8]",15.6358,0.717671,14.485,15.6451,16.8202,1.00259,1177.85
"age_curve_position[3,9]",16.023,0.770295,14.7641,16.0579,17.2592,1.00122,926.823
"age_curve_position[3,10]",16.4221,0.868211,14.9647,16.4494,17.846,1.00089,778.444
"age_curve_position[3,11]",16.8335,1.00433,15.1308,16.8531,18.5369,1.00067,715.686
"age_curve_position[3,12]",17.2577,1.17125,15.2727,17.288,19.2595,1.00069,686.176
"age_curve_position[3,13]",17.695,1.36334,15.4271,17.7127,19.987,1.00118,669.19
"age_curve_position[3,14]",18.1459,1.57688,15.6108,18.1409,20.8313,1.00236,658.982
"age_curve_position[3,15]",18.6109,1.80963,15.7643,18.5723,21.7108,1.00225,656.505
"age_curve_position[3,16]",19.0905,2.06033,15.877,19.0393,22.6132,1.00191,655.589
"age_curve_position[3,17]",19.5853,2.32836,15.9958,19.5159,23.5702,1.00196,652.738
"age_curve_position[3,18]",20.0957,2.61355,16.1196,19.9832,24.5932,1.00198,651.238
"age_curve_position[3,19]",20.6223,2.91604,16.2569,20.4703,25.7058,1.00265,650.998
"age_curve_position[3,20]",21.1657,3.23616,16.3903,20.9824,26.8497,1.00274,652.093
"age_curve_position[3,21]",21.7265,3.57442,16.5392,21.4967,27.9867,1.00255,652.835
"age_curve_position[3,22]",22.3053,3.93146,16.6131,22.0297,29.1479,1.00228,653.462
"age_curve_position[3,23]",22.9028,4.30803,16.7051,22.5955,30.4465,1.00211,654.15
"age_curve_position[3,24]",23.5196,4.70495,16.7821,23.1518,31.8506,1.0016,654.715
"age_curve_position[4,1]",14.0205,1.11096,12.2684,13.9997,15.8929,1.00513,689.996
"age_curve_position[4,2]",14.273,1.01653,12.6799,14.262,15.9872,1.0047,737.571
"age_curve_position[4,3]",14.5314,0.925732,13.0758,14.5113,16.0751,1.00405,809.969
"age_curve_position[4,4]",14.7959,0.841727,13.452,14.7692,16.1921,1.00321,917.578
"age_curve_position[4,5]",15.0667,0.769118,13.8192,15.0472,16.3375,1.00209,1085.09
"age_curve_position[4,6]",15.3439,0.7142,14.161,15.3304,16.537,1.0009,1351.45
"age_curve_position[4,7]",15.6277,0.684489,14.5015,15.6227,16.791,1.00373,1569.6
"age_curve_position[4,8]",15.9183,0.686795,14.8001,15.8969,17.1024,1.00307,1453.97
"age_curve_position[4,9]",16.2158,0.724478,15.0683,16.1835,17.483,1.00186,1187.99
"age_curve_position[4,10]",16.5204,0.796157,15.2906,16.4789,17.8851,1.00027,940.762
"age_curve_position[4,11]",16.8324,0.897247,15.4365,16.7893,18.3999,1.00063,785.337
"age_curve_position[4,12]",17.1519,1.02245,15.6104,17.0924,18.9429,1.00147,690.021
"age_curve_position[4,13]",17.4792,1.1673,15.7366,17.4046,19.4939,1.00217,633.09
"age_curve_position[4,14]",17.8144,1.32852,15.8001,17.706,20.1023,1.00277,595.962
"age_curve_position[4,15]",18.1578,1.5039,15.8339,18.0374,20.7087,1.00324,572.732
"age_curve_position[4,16]",18.5096,1.692,15.9139,18.3777,21.3612,1.00366,553.532
"age_curve_position[4,17]",18.87,1.89195,15.9483,18.7242,22.1815,1.00398,540.918
"age_curve_position[4,18]",19.2392,2.10323,16.04,19.0616,22.9427,1.0042,529.924
"age_curve_position[4,19]",19.6176,2.32558,16.1422,19.4155,23.6932,1.00443,520.944
"age_curve_position[4,20]",20.0054,2.55895,16.2125,19.7893,24.565,1.00458,516.662
"age_curve_position[4,21]",20.4027,2.8034,16.293,20.1684,25.3867,1.00476,510.865
"age_curve_position[4,22]",20.81,3.05911,16.3965,20.564,26.279,1.00488,506.731
"age_curve_position[4,23]",21.2275,3.32633,16.4468,20.9509,27.2358,1.005,504.373
"age_curve_position[4,24]",21.6554,3.60537,16.5053,21.337,28.1852,1.00513,502.331
"age_curve_position[5,1]",15.3008,1.06704,13.6506,15.2711,17.076,1.00036,796.016
"age_curve_position[5,2]",15.4874,0.962549,13.9826,15.4545,17.0917,1.00034,880.419
"age_curve_position[5,3]",15.6775,0.862312,14.3262,15.6453,17.0881,1.00089,1011.05
"age_curve_position[5,4]",15.8712,0.769469,14.6414,15.8297,17.1131,1.00144,1254.75
"age_curve_position[5,5]",16.0687,0.688798,14.9737,16.0384,17.1637,1.00074,1631.3
"age_curve_position[5,6]",16.2698,0.627116,15.2724,16.2446,17.2751,1.00054,2157.36
"age_curve_position[5,7]",16.4749,0.592778,15.5312,16.4534,17.4383,1.00039,2408.38
"age_curve_position[5,8]",16.6838,0.593107,15.7362,16.6731,17.6332,1.00132,1751.41
"age_curve_position[5,9]",16.8967,0.630606,15.8887,16.884,17.9193,1.0024,1189.64
"age_curve_position[5,10]",17.1138,0.701777,16.0019,17.092,18.2536,1.00307,874.725
"age_curve_position[5,11]",17.335,0.799965,16.0709,17.3208,18.6492,1.00343,717.582
"age_curve_position[5,12]",17.5604,0.918674,16.1079,17.5374,19.0894,1.00351,634.289
"age_curve_position[5,13]",17.7902,1.05298,16.1406,17.7704,19.5477,1.00336,590.672
"age_curve_position[5,14]",18.0245,1.19952,16.1319,17.9851,20.0058,1.00329,562.895
"age_curve_position[5,15]",18.2633,1.35612,16.1231,18.2007,20.4792,1.00324,546.614
"age_curve_position[5,16]",18.5067,1.52136,16.1137,18.4086,20.9833,1.00316,535.675
"age_curve_position[5,17]",18.7549,1.69433,16.0972,18.66,21.5638,1.00296,530.223
"age_curve_position[5,18]",19.0079,1.87447,16.0675,18.879,22.1367,1.00282,526.358
"age_curve_position[5,19]",19.2658,2.06142,16.0283,19.1151,22.6796,1.0027,524.548
"age_curve_position[5,20]",19.5288,2.25498,16.0548,19.3755,23.2568,1.00259,523.434
"age_curve_position[5,21]",19.797,2.45503,16.0353,19.6384,23.9206,1.0025,521.86
"age_curve_position[5,22]",20.0704,2.66156,15.978,19.8655,24.5636,1.00242,521.792
"age_curve_position[5,23]",20.3492,2.87458,15.9897,20.1348,25.3197,1.00237,521.93
"age_curve_position[5,24]",20.6335,3.09417,16.008,20.3849,25.9326,1.0023,522.624
pace_lift_strong,0.046597,0.00931784,0.0306628,0.0467423,0.0619728,1.00539,1487.8
usage_lift_strong,-0.0241578,0.00932902,-0.0394791,-0.0242189,-0.0088762,1.00282,1087.79
